material,trial_id,items_used
Apple,0,10
Apple,1,10
Apple,2,10
Apple,3,11
Apple,4,12
Apple,5,10
Apple,6,10
Apple,7,15
Apple,8,10
Apple,9,10
Apple,10,11
Apple,11,12
Apple,12,8
Apple,13,9
Apple,14,10
Apple,15,7
Apple,16,9
Apple,17,7
Apple,18,10
Apple,19,18
Apple,20,11
Apple,21,8
Apple,22,10
Apple,23,10
Apple,24,8
Apple,25,8
Apple,26,9
Apple,27,12
Apple,28,13
Apple,29,13
Apple,30,10
Apple,31,9
Apple,32,9
Apple,33,7
Apple,34,10
Apple,35,11
Apple,36,14
Apple,37,10
Apple,38,8
Apple,39,9
Apple,40,9
Apple,41,10
Apple,42,9
Apple,43,7
Apple,44,10
Apple,45,9
Apple,46,11
Apple,47,9
Apple,48,11
Apple,49,17
Apple,50,13
Apple,51,9
Apple,52,9
Apple,53,9
Apple,54,12
Apple,55,9
Apple,56,11
Apple,57,12
Apple,58,10
Apple,59,10
Apple,60,8
Apple,61,13
Apple,62,11
Apple,63,7
Apple,64,11
Apple,65,14
Apple,66,10
Apple,67,9
Apple,68,7
Apple,69,10
Apple,70,12
Apple,71,9
Apple,72,8
Apple,73,9
Apple,74,8
Apple,75,8
Apple,76,12
Apple,77,12
Apple,78,7
Apple,79,9
Apple,80,12
Apple,81,8
Apple,82,12
Apple,83,8
Apple,84,8
Apple,85,8
Apple,86,8
Apple,87,9
Apple,88,8
Apple,89,9
Apple,90,7
Apple,91,10
Apple,92,11
Apple,93,9
Apple,94,10
Apple,95,11
Apple,96,11
Apple,97,8
Apple,98,15
Apple,99,10
Apple,100,7
Apple,101,12
Apple,102,9
Apple,103,14
Apple,104,8
Apple,105,12
Apple,106,9
Apple,107,15
Apple,108,9
Apple,109,10
Apple,110,13
Apple,111,10
Apple,112,11
Apple,113,10
Apple,114,10
Apple,115,7
Apple,116,12
Apple,117,8
Apple,118,15
Apple,119,11
Apple,120,14
Apple,121,8
Apple,122,15
Apple,123,8
Apple,124,9
Apple,125,14
Apple,126,13
Apple,127,9
Apple,128,10
Apple,129,10
Apple,130,10
Apple,131,8
Apple,132,8
Apple,133,12
Apple,134,16
Apple,135,8
Apple,136,9
Apple,137,13
Apple,138,7
Apple,139,11
Apple,140,10
Apple,141,14
Apple,142,8
Apple,143,9
Apple,144,14
Apple,145,8
Apple,146,7
Apple,147,8
Apple,148,9
Apple,149,15
Apple,150,9
Apple,151,7
Apple,152,9
Apple,153,8
Apple,154,8
Apple,155,11
Apple,156,8
Apple,157,8
Apple,158,8
Apple,159,10
Apple,160,10
Apple,161,17
Apple,162,11
Apple,163,8
Apple,164,8
Apple,165,12
Apple,166,9
Apple,167,9
Apple,168,11
Apple,169,11
Apple,170,9
Apple,171,10
Apple,172,10
Apple,173,11
Apple,174,11
Apple,175,13
Apple,176,8
Apple,177,9
Apple,178,8
Apple,179,9
Apple,180,9
Apple,181,8
Apple,182,11
Apple,183,11
Apple,184,11
Apple,185,9
Apple,186,13
Apple,187,8
Apple,188,10
Apple,189,13
Apple,190,10
Apple,191,13
Apple,192,10
Apple,193,9
Apple,194,9
Apple,195,8
Apple,196,12
Apple,197,13
Apple,198,9
Apple,199,13
Apple,200,10
Apple,201,11
Apple,202,9
Apple,203,12
Apple,204,13
Apple,205,8
Apple,206,10
Apple,207,8
Apple,208,11
Apple,209,12
Apple,210,8
Apple,211,12
Apple,212,9
Apple,213,15
Apple,214,9
Apple,215,12
Apple,216,9
Apple,217,12
Apple,218,13
Apple,219,16
Apple,220,14
Apple,221,12
Apple,222,9
Apple,223,10
Apple,224,14
Apple,225,9
Apple,226,8
Apple,227,11
Apple,228,13
Apple,229,9
Apple,230,8
Apple,231,8
Apple,232,10
Apple,233,10
Apple,234,19
Apple,235,9
Apple,236,10
Apple,237,8
Apple,238,12
Apple,239,9
Apple,240,10
Apple,241,13
Apple,242,8
Apple,243,10
Apple,244,9
Apple,245,8
Apple,246,13
Apple,247,10
Apple,248,8
Apple,249,10
Apple,250,11
Apple,251,14
Apple,252,9
Apple,253,12
Apple,254,9
Apple,255,8
Apple,256,10
Apple,257,11
Apple,258,9
Apple,259,15
Apple,260,10
Apple,261,9
Apple,262,8
Apple,263,8
Apple,264,11
Apple,265,9
Apple,266,11
Apple,267,7
Apple,268,9
Apple,269,12
Apple,270,13
Apple,271,8
Apple,272,10
Apple,273,9
Apple,274,8
Apple,275,10
Apple,276,13
Apple,277,9
Apple,278,8
Apple,279,11
Apple,280,10
Apple,281,8
Apple,282,11
Apple,283,11
Apple,284,8
Apple,285,10
Apple,286,8
Apple,287,8
Apple,288,11
Apple,289,8
Apple,290,10
Apple,291,14
Apple,292,9
Apple,293,7
Apple,294,12
Apple,295,10
Apple,296,7
Apple,297,11
Apple,298,11
Apple,299,14
Apple,300,10
Apple,301,10
Apple,302,7
Apple,303,15
Apple,304,11
Apple,305,10
Apple,306,10
Apple,307,8
Apple,308,9
Apple,309,8
Apple,310,9
Apple,311,14
Apple,312,10
Apple,313,9
Apple,314,7
Apple,315,8
Apple,316,7
Apple,317,18
Apple,318,11
Apple,319,14
Apple,320,12
Apple,321,7
Apple,322,11
Apple,323,11
Apple,324,11
Apple,325,11
Apple,326,10
Apple,327,10
Apple,328,11
Apple,329,10
Apple,330,15
Apple,331,13
Apple,332,8
Apple,333,9
Apple,334,18
Apple,335,13
Apple,336,12
Apple,337,10
Apple,338,11
Apple,339,8
Apple,340,9
Apple,341,9
Apple,342,9
Apple,343,11
Apple,344,9
Apple,345,10
Apple,346,8
Apple,347,10
Apple,348,11
Apple,349,7
Apple,350,9
Apple,351,12
Apple,352,8
Apple,353,15
Apple,354,8
Apple,355,10
Apple,356,9
Apple,357,12
Apple,358,13
Apple,359,9
Apple,360,7
Apple,361,7
Apple,362,10
Apple,363,9
Apple,364,14
Apple,365,14
Apple,366,9
Apple,367,9
Apple,368,13
Apple,369,9
Apple,370,11
Apple,371,10
Apple,372,8
Apple,373,10
Apple,374,14
Apple,375,9
Apple,376,9
Apple,377,14
Apple,378,13
Apple,379,9
Apple,380,9
Apple,381,9
Apple,382,13
Apple,383,8
Apple,384,11
Apple,385,7
Apple,386,7
Apple,387,8
Apple,388,9
Apple,389,9
Apple,390,16
Apple,391,9
Apple,392,8
Apple,393,8
Apple,394,9
Apple,395,9
Apple,396,12
Apple,397,8
Apple,398,11
Apple,399,8
Apple,400,11
Apple,401,14
Apple,402,12
Apple,403,9
Apple,404,8
Apple,405,8
Apple,406,11
Apple,407,9
Apple,408,10
Apple,409,12
Apple,410,9
Apple,411,11
Apple,412,13
Apple,413,7
Apple,414,15
Apple,415,11
Apple,416,12
Apple,417,11
Apple,418,14
Apple,419,8
Apple,420,8
Apple,421,18
Apple,422,8
Apple,423,9
Apple,424,10
Apple,425,14
Apple,426,9
Apple,427,13
Apple,428,8
Apple,429,12
Apple,430,10
Apple,431,7
Apple,432,8
Apple,433,12
Apple,434,12
Apple,435,8
Apple,436,9
Apple,437,8
Apple,438,11
Apple,439,10
Apple,440,9
Apple,441,8
Apple,442,9
Apple,443,11
Apple,444,10
Apple,445,12
Apple,446,14
Apple,447,7
Apple,448,10
Apple,449,14
Apple,450,8
Apple,451,10
Apple,452,9
Apple,453,9
Apple,454,8
Apple,455,11
Apple,456,15
Apple,457,15
Apple,458,7
Apple,459,14
Apple,460,8
Apple,461,8
Apple,462,12
Apple,463,10
Apple,464,10
Apple,465,13
Apple,466,9
Apple,467,9
Apple,468,12
Apple,469,9
Apple,470,8
Apple,471,9
Apple,472,11
Apple,473,10
Apple,474,10
Apple,475,8
Apple,476,9
Apple,477,11
Apple,478,10
Apple,479,8
Apple,480,10
Apple,481,10
Apple,482,7
Apple,483,16
Apple,484,13
Apple,485,9
Apple,486,9
Apple,487,10
Apple,488,9
Apple,489,8
Apple,490,14
Apple,491,11
Apple,492,11
Apple,493,13
Apple,494,12
Apple,495,12
Apple,496,12
Apple,497,11
Apple,498,7
Apple,499,9
Apple,500,10
Apple,501,7
Apple,502,13
Apple,503,17
Apple,504,11
Apple,505,9
Apple,506,12
Apple,507,11
Apple,508,10
Apple,509,13
Apple,510,10
Apple,511,10
Apple,512,11
Apple,513,12
Apple,514,12
Apple,515,8
Apple,516,10
Apple,517,11
Apple,518,14
Apple,519,9
Apple,520,9
Apple,521,10
Apple,522,9
Apple,523,10
Apple,524,10
Apple,525,11
Apple,526,13
Apple,527,10
Apple,528,11
Apple,529,11
Apple,530,10
Apple,531,9
Apple,532,14
Apple,533,8
Apple,534,13
Apple,535,10
Apple,536,10
Apple,537,18
Apple,538,7
Apple,539,8
Apple,540,8
Apple,541,7
Apple,542,10
Apple,543,10
Apple,544,7
Apple,545,11
Apple,546,10
Apple,547,9
Apple,548,9
Apple,549,11
Apple,550,11
Apple,551,11
Apple,552,8
Apple,553,8
Apple,554,11
Apple,555,15
Apple,556,10
Apple,557,11
Apple,558,13
Apple,559,10
Apple,560,8
Apple,561,9
Apple,562,12
Apple,563,10
Apple,564,8
Apple,565,11
Apple,566,10
Apple,567,13
Apple,568,10
Apple,569,8
Apple,570,20
Apple,571,10
Apple,572,9
Apple,573,8
Apple,574,8
Apple,575,12
Apple,576,14
Apple,577,10
Apple,578,12
Apple,579,12
Apple,580,9
Apple,581,10
Apple,582,7
Apple,583,14
Apple,584,11
Apple,585,15
Apple,586,14
Apple,587,17
Apple,588,8
Apple,589,14
Apple,590,14
Apple,591,11
Apple,592,10
Apple,593,9
Apple,594,8
Apple,595,7
Apple,596,14
Apple,597,12
Apple,598,11
Apple,599,12
Apple,600,9
Apple,601,11
Apple,602,9
Apple,603,13
Apple,604,8
Apple,605,15
Apple,606,11
Apple,607,9
Apple,608,11
Apple,609,9
Apple,610,10
Apple,611,11
Apple,612,11
Apple,613,7
Apple,614,12
Apple,615,9
Apple,616,9
Apple,617,8
Apple,618,9
Apple,619,8
Apple,620,10
Apple,621,10
Apple,622,10
Apple,623,9
Apple,624,10
Apple,625,9
Apple,626,9
Apple,627,10
Apple,628,12
Apple,629,9
Apple,630,9
Apple,631,10
Apple,632,11
Apple,633,10
Apple,634,11
Apple,635,11
Apple,636,8
Apple,637,9
Apple,638,9
Apple,639,9
Apple,640,7
Apple,641,10
Apple,642,15
Apple,643,12
Apple,644,10
Apple,645,9
Apple,646,18
Apple,647,8
Apple,648,11
Apple,649,11
Apple,650,7
Apple,651,11
Apple,652,8
Apple,653,11
Apple,654,12
Apple,655,8
Apple,656,8
Apple,657,11
Apple,658,11
Apple,659,11
Apple,660,9
Apple,661,9
Apple,662,7
Apple,663,13
Apple,664,8
Apple,665,7
Apple,666,10
Apple,667,11
Apple,668,8
Apple,669,10
Apple,670,13
Apple,671,11
Apple,672,12
Apple,673,9
Apple,674,13
Apple,675,12
Apple,676,9
Apple,677,10
Apple,678,16
Apple,679,10
Apple,680,11
Apple,681,15
Apple,682,11
Apple,683,9
Apple,684,9
Apple,685,9
Apple,686,9
Apple,687,8
Apple,688,9
Apple,689,7
Apple,690,8
Apple,691,12
Apple,692,14
Apple,693,8
Apple,694,11
Apple,695,13
Apple,696,15
Apple,697,8
Apple,698,8
Apple,699,9
Apple,700,9
Apple,701,13
Apple,702,9
Apple,703,8
Apple,704,8
Apple,705,14
Apple,706,13
Apple,707,10
Apple,708,9
Apple,709,14
Apple,710,13
Apple,711,18
Apple,712,10
Apple,713,15
Apple,714,9
Apple,715,7
Apple,716,11
Apple,717,10
Apple,718,11
Apple,719,9
Apple,720,14
Apple,721,11
Apple,722,10
Apple,723,11
Apple,724,10
Apple,725,11
Apple,726,7
Apple,727,10
Apple,728,14
Apple,729,15
Apple,730,9
Apple,731,7
Apple,732,8
Apple,733,8
Apple,734,12
Apple,735,9
Apple,736,10
Apple,737,11
Apple,738,13
Apple,739,12
Apple,740,11
Apple,741,9
Apple,742,12
Apple,743,9
Apple,744,10
Apple,745,9
Apple,746,11
Apple,747,9
Apple,748,11
Apple,749,10
Apple,750,8
Apple,751,8
Apple,752,13
Apple,753,14
Apple,754,12
Apple,755,8
Apple,756,11
Apple,757,10
Apple,758,8
Apple,759,8
Apple,760,9
Apple,761,11
Apple,762,14
Apple,763,9
Apple,764,10
Apple,765,9
Apple,766,8
Apple,767,7
Apple,768,8
Apple,769,13
Apple,770,7
Apple,771,11
Apple,772,8
Apple,773,10
Apple,774,8
Apple,775,12
Apple,776,8
Apple,777,14
Apple,778,10
Apple,779,8
Apple,780,10
Apple,781,16
Apple,782,9
Apple,783,9
Apple,784,9
Apple,785,12
Apple,786,10
Apple,787,10
Apple,788,8
Apple,789,12
Apple,790,8
Apple,791,10
Apple,792,8
Apple,793,10
Apple,794,11
Apple,795,13
Apple,796,11
Apple,797,11
Apple,798,11
Apple,799,10
Apple,800,9
Apple,801,14
Apple,802,8
Apple,803,11
Apple,804,11
Apple,805,7
Apple,806,8
Apple,807,12
Apple,808,11
Apple,809,13
Apple,810,9
Apple,811,9
Apple,812,11
Apple,813,10
Apple,814,9
Apple,815,12
Apple,816,9
Apple,817,10
Apple,818,10
Apple,819,7
Apple,820,12
Apple,821,12
Apple,822,13
Apple,823,10
Apple,824,8
Apple,825,14
Apple,826,10
Apple,827,9
Apple,828,9
Apple,829,8
Apple,830,7
Apple,831,14
Apple,832,9
Apple,833,13
Apple,834,9
Apple,835,13
Apple,836,8
Apple,837,8
Apple,838,12
Apple,839,12
Apple,840,7
Apple,841,10
Apple,842,13
Apple,843,12
Apple,844,12
Apple,845,8
Apple,846,9
Apple,847,10
Apple,848,8
Apple,849,9
Apple,850,8
Apple,851,9
Apple,852,10
Apple,853,8
Apple,854,7
Apple,855,13
Apple,856,8
Apple,857,13
Apple,858,16
Apple,859,9
Apple,860,21
Apple,861,12
Apple,862,8
Apple,863,11
Apple,864,11
Apple,865,10
Apple,866,12
Apple,867,9
Apple,868,9
Apple,869,12
Apple,870,12
Apple,871,12
Apple,872,9
Apple,873,9
Apple,874,10
Apple,875,11
Apple,876,7
Apple,877,10
Apple,878,9
Apple,879,13
Apple,880,12
Apple,881,8
Apple,882,8
Apple,883,7
Apple,884,8
Apple,885,10
Apple,886,11
Apple,887,14
Apple,888,7
Apple,889,10
Apple,890,13
Apple,891,13
Apple,892,13
Apple,893,12
Apple,894,10
Apple,895,11
Apple,896,12
Apple,897,11
Apple,898,16
Apple,899,10
Apple,900,8
Apple,901,10
Apple,902,11
Apple,903,9
Apple,904,8
Apple,905,15
Apple,906,13
Apple,907,10
Apple,908,11
Apple,909,10
Apple,910,10
Apple,911,8
Apple,912,12
Apple,913,9
Apple,914,9
Apple,915,9
Apple,916,11
Apple,917,9
Apple,918,10
Apple,919,12
Apple,920,10
Apple,921,11
Apple,922,9
Apple,923,8
Apple,924,11
Apple,925,10
Apple,926,12
Apple,927,8
Apple,928,10
Apple,929,8
Apple,930,10
Apple,931,10
Apple,932,13
Apple,933,10
Apple,934,9
Apple,935,10
Apple,936,10
Apple,937,12
Apple,938,14
Apple,939,9
Apple,940,13
Apple,941,8
Apple,942,10
Apple,943,11
Apple,944,10
Apple,945,12
Apple,946,9
Apple,947,8
Apple,948,8
Apple,949,11
Apple,950,9
Apple,951,8
Apple,952,12
Apple,953,14
Apple,954,10
Apple,955,12
Apple,956,10
Apple,957,10
Apple,958,12
Apple,959,10
Apple,960,11
Apple,961,8
Apple,962,12
Apple,963,8
Apple,964,12
Apple,965,16
Apple,966,9
Apple,967,10
Apple,968,9
Apple,969,8
Apple,970,10
Apple,971,10
Apple,972,11
Apple,973,10
Apple,974,8
Apple,975,10
Apple,976,8
Apple,977,9
Apple,978,10
Apple,979,8
Apple,980,9
Apple,981,12
Apple,982,9
Apple,983,15
Apple,984,7
Apple,985,10
Apple,986,11
Apple,987,10
Apple,988,8
Apple,989,12
Apple,990,11
Apple,991,9
Apple,992,11
Apple,993,9
Apple,994,9
Apple,995,14
Apple,996,8
Apple,997,8
Apple,998,13
Apple,999,7
Apple,1000,8
Apple,1001,11
Apple,1002,8
Apple,1003,11
Apple,1004,13
Apple,1005,9
Apple,1006,8
Apple,1007,10
Apple,1008,10
Apple,1009,10
Apple,1010,11
Apple,1011,12
Apple,1012,16
Apple,1013,11
Apple,1014,10
Apple,1015,7
Apple,1016,12
Apple,1017,8
Apple,1018,8
Apple,1019,12
Apple,1020,8
Apple,1021,9
Apple,1022,15
Apple,1023,11
Apple,1024,8
Apple,1025,17
Apple,1026,15
Apple,1027,9
Apple,1028,8
Apple,1029,9
Apple,1030,9
Apple,1031,11
Apple,1032,11
Apple,1033,10
Apple,1034,13
Apple,1035,9
Apple,1036,12
Apple,1037,11
Apple,1038,9
Apple,1039,9
Apple,1040,8
Apple,1041,13
Apple,1042,13
Apple,1043,10
Apple,1044,9
Apple,1045,11
Apple,1046,8
Apple,1047,11
Apple,1048,8
Apple,1049,12
Apple,1050,9
Apple,1051,10
Apple,1052,12
Apple,1053,12
Apple,1054,9
Apple,1055,10
Apple,1056,9
Apple,1057,8
Apple,1058,17
Apple,1059,8
Apple,1060,11
Apple,1061,11
Apple,1062,12
Apple,1063,14
Apple,1064,8
Apple,1065,11
Apple,1066,10
Apple,1067,11
Apple,1068,7
Apple,1069,10
Apple,1070,10
Apple,1071,7
Apple,1072,11
Apple,1073,7
Apple,1074,9
Apple,1075,13
Apple,1076,7
Apple,1077,8
Apple,1078,11
Apple,1079,14
Apple,1080,11
Apple,1081,12
Apple,1082,9
Apple,1083,10
Apple,1084,9
Apple,1085,14
Apple,1086,7
Apple,1087,12
Apple,1088,9
Apple,1089,15
Apple,1090,8
Apple,1091,10
Apple,1092,12
Apple,1093,10
Apple,1094,9
Apple,1095,11
Apple,1096,10
Apple,1097,10
Apple,1098,12
Apple,1099,12
Apple,1100,14
Apple,1101,11
Apple,1102,8
Apple,1103,9
Apple,1104,8
Apple,1105,9
Apple,1106,7
Apple,1107,9
Apple,1108,10
Apple,1109,15
Apple,1110,11
Apple,1111,10
Apple,1112,12
Apple,1113,10
Apple,1114,13
Apple,1115,8
Apple,1116,10
Apple,1117,12
Apple,1118,7
Apple,1119,10
Apple,1120,11
Apple,1121,10
Apple,1122,9
Apple,1123,9
Apple,1124,7
Apple,1125,18
Apple,1126,14
Apple,1127,13
Apple,1128,9
Apple,1129,8
Apple,1130,10
Apple,1131,17
Apple,1132,8
Apple,1133,8
Apple,1134,9
Apple,1135,10
Apple,1136,9
Apple,1137,9
Apple,1138,11
Apple,1139,12
Apple,1140,14
Apple,1141,9
Apple,1142,9
Apple,1143,9
Apple,1144,10
Apple,1145,14
Apple,1146,13
Apple,1147,14
Apple,1148,7
Apple,1149,12
Apple,1150,9
Apple,1151,10
Apple,1152,8
Apple,1153,8
Apple,1154,7
Apple,1155,10
Apple,1156,12
Apple,1157,10
Apple,1158,8
Apple,1159,13
Apple,1160,9
Apple,1161,10
Apple,1162,12
Apple,1163,9
Apple,1164,12
Apple,1165,10
Apple,1166,13
Apple,1167,12
Apple,1168,11
Apple,1169,9
Apple,1170,12
Apple,1171,12
Apple,1172,11
Apple,1173,12
Apple,1174,9
Apple,1175,10
Apple,1176,12
Apple,1177,9
Apple,1178,10
Apple,1179,8
Apple,1180,20
Apple,1181,8
Apple,1182,9
Apple,1183,9
Apple,1184,11
Apple,1185,8
Apple,1186,11
Apple,1187,10
Apple,1188,9
Apple,1189,10
Apple,1190,9
Apple,1191,12
Apple,1192,8
Apple,1193,7
Apple,1194,8
Apple,1195,7
Apple,1196,9
Apple,1197,12
Apple,1198,9
Apple,1199,10
Apple,1200,9
Apple,1201,11
Apple,1202,9
Apple,1203,12
Apple,1204,20
Apple,1205,9
Apple,1206,9
Apple,1207,7
Apple,1208,10
Apple,1209,13
Apple,1210,11
Apple,1211,10
Apple,1212,10
Apple,1213,10
Apple,1214,9
Apple,1215,12
Apple,1216,14
Apple,1217,11
Apple,1218,11
Apple,1219,9
Apple,1220,8
Apple,1221,11
Apple,1222,10
Apple,1223,11
Apple,1224,8
Apple,1225,8
Apple,1226,10
Apple,1227,8
Apple,1228,12
Apple,1229,8
Apple,1230,9
Apple,1231,11
Apple,1232,9
Apple,1233,10
Apple,1234,8
Apple,1235,8
Apple,1236,10
Apple,1237,7
Apple,1238,15
Apple,1239,14
Apple,1240,9
Apple,1241,9
Apple,1242,12
Apple,1243,11
Apple,1244,9
Apple,1245,15
Apple,1246,10
Apple,1247,8
Apple,1248,11
Apple,1249,8
Apple,1250,8
Apple,1251,10
Apple,1252,14
Apple,1253,12
Apple,1254,9
Apple,1255,9
Apple,1256,11
Apple,1257,14
Apple,1258,13
Apple,1259,11
Apple,1260,8
Apple,1261,9
Apple,1262,11
Apple,1263,11
Apple,1264,9
Apple,1265,8
Apple,1266,8
Apple,1267,8
Apple,1268,8
Apple,1269,8
Apple,1270,9
Apple,1271,15
Apple,1272,9
Apple,1273,8
Apple,1274,8
Apple,1275,9
Apple,1276,11
Apple,1277,11
Apple,1278,8
Apple,1279,7
Apple,1280,7
Apple,1281,8
Apple,1282,12
Apple,1283,10
Apple,1284,8
Apple,1285,9
Apple,1286,10
Apple,1287,11
Apple,1288,8
Apple,1289,11
Apple,1290,8
Apple,1291,8
Apple,1292,14
Apple,1293,9
Apple,1294,7
Apple,1295,10
Apple,1296,10
Apple,1297,9
Apple,1298,17
Apple,1299,13
Apple,1300,15
Apple,1301,9
Apple,1302,9
Apple,1303,13
Apple,1304,12
Apple,1305,14
Apple,1306,12
Apple,1307,14
Apple,1308,13
Apple,1309,13
Apple,1310,9
Apple,1311,11
Apple,1312,12
Apple,1313,8
Apple,1314,8
Apple,1315,10
Apple,1316,16
Apple,1317,12
Apple,1318,11
Apple,1319,8
Apple,1320,10
Apple,1321,8
Apple,1322,7
Apple,1323,7
Apple,1324,8
Apple,1325,11
Apple,1326,10
Apple,1327,10
Apple,1328,12
Apple,1329,10
Apple,1330,7
Apple,1331,14
Apple,1332,7
Apple,1333,9
Apple,1334,11
Apple,1335,7
Apple,1336,12
Apple,1337,14
Apple,1338,10
Apple,1339,10
Apple,1340,9
Apple,1341,8
Apple,1342,9
Apple,1343,10
Apple,1344,14
Apple,1345,8
Apple,1346,10
Apple,1347,10
Apple,1348,8
Apple,1349,10
Apple,1350,11
Apple,1351,10
Apple,1352,10
Apple,1353,18
Apple,1354,10
Apple,1355,12
Apple,1356,12
Apple,1357,14
Apple,1358,9
Apple,1359,12
Apple,1360,9
Apple,1361,9
Apple,1362,11
Apple,1363,8
Apple,1364,12
Apple,1365,10
Apple,1366,12
Apple,1367,15
Apple,1368,11
Apple,1369,10
Apple,1370,13
Apple,1371,12
Apple,1372,9
Apple,1373,7
Apple,1374,11
Apple,1375,7
Apple,1376,9
Apple,1377,8
Apple,1378,11
Apple,1379,11
Apple,1380,8
Apple,1381,9
Apple,1382,10
Apple,1383,17
Apple,1384,7
Apple,1385,11
Apple,1386,9
Apple,1387,9
Apple,1388,8
Apple,1389,8
Apple,1390,10
Apple,1391,10
Apple,1392,13
Apple,1393,13
Apple,1394,12
Apple,1395,8
Apple,1396,13
Apple,1397,9
Apple,1398,7
Apple,1399,11
Apple,1400,11
Apple,1401,10
Apple,1402,11
Apple,1403,9
Apple,1404,10
Apple,1405,10
Apple,1406,9
Apple,1407,12
Apple,1408,10
Apple,1409,12
Apple,1410,11
Apple,1411,13
Apple,1412,7
Apple,1413,10
Apple,1414,19
Apple,1415,12
Apple,1416,14
Apple,1417,9
Apple,1418,7
Apple,1419,12
Apple,1420,12
Apple,1421,13
Apple,1422,7
Apple,1423,10
Apple,1424,9
Apple,1425,8
Apple,1426,12
Apple,1427,11
Apple,1428,12
Apple,1429,8
Apple,1430,13
Apple,1431,9
Apple,1432,11
Apple,1433,10
Apple,1434,10
Apple,1435,8
Apple,1436,8
Apple,1437,8
Apple,1438,14
Apple,1439,11
Apple,1440,8
Apple,1441,10
Apple,1442,10
Apple,1443,9
Apple,1444,9
Apple,1445,8
Apple,1446,12
Apple,1447,14
Apple,1448,8
Apple,1449,8
Apple,1450,13
Apple,1451,9
Apple,1452,10
Apple,1453,10
Apple,1454,14
Apple,1455,9
Apple,1456,9
Apple,1457,9
Apple,1458,7
Apple,1459,14
Apple,1460,10
Apple,1461,9
Apple,1462,7
Apple,1463,8
Apple,1464,11
Apple,1465,10
Apple,1466,10
Apple,1467,8
Apple,1468,7
Apple,1469,11
Apple,1470,10
Apple,1471,14
Apple,1472,11
Apple,1473,12
Apple,1474,11
Apple,1475,8
Apple,1476,13
Apple,1477,10
Apple,1478,7
Apple,1479,12
Apple,1480,15
Apple,1481,9
Apple,1482,10
Apple,1483,7
Apple,1484,8
Apple,1485,9
Apple,1486,9
Apple,1487,12
Apple,1488,12
Apple,1489,12
Apple,1490,8
Apple,1491,10
Apple,1492,11
Apple,1493,8
Apple,1494,10
Apple,1495,11
Apple,1496,13
Apple,1497,9
Apple,1498,12
Apple,1499,14
Apple,1500,8
Apple,1501,11
Apple,1502,10
Apple,1503,10
Apple,1504,10
Apple,1505,10
Apple,1506,9
Apple,1507,8
Apple,1508,10
Apple,1509,8
Apple,1510,11
Apple,1511,9
Apple,1512,8
Apple,1513,7
Apple,1514,8
Apple,1515,15
Apple,1516,10
Apple,1517,11
Apple,1518,10
Apple,1519,9
Apple,1520,13
Apple,1521,11
Apple,1522,9
Apple,1523,11
Apple,1524,7
Apple,1525,10
Apple,1526,9
Apple,1527,15
Apple,1528,10
Apple,1529,10
Apple,1530,9
Apple,1531,14
Apple,1532,12
Apple,1533,15
Apple,1534,14
Apple,1535,11
Apple,1536,13
Apple,1537,8
Apple,1538,15
Apple,1539,12
Apple,1540,9
Apple,1541,10
Apple,1542,9
Apple,1543,12
Apple,1544,11
Apple,1545,12
Apple,1546,8
Apple,1547,10
Apple,1548,7
Apple,1549,11
Apple,1550,11
Apple,1551,8
Apple,1552,8
Apple,1553,12
Apple,1554,8
Apple,1555,10
Apple,1556,14
Apple,1557,9
Apple,1558,7
Apple,1559,9
Apple,1560,9
Apple,1561,11
Apple,1562,10
Apple,1563,9
Apple,1564,11
Apple,1565,8
Apple,1566,9
Apple,1567,10
Apple,1568,8
Apple,1569,10
Apple,1570,12
Apple,1571,13
Apple,1572,9
Apple,1573,10
Apple,1574,9
Apple,1575,14
Apple,1576,12
Apple,1577,10
Apple,1578,10
Apple,1579,11
Apple,1580,12
Apple,1581,8
Apple,1582,9
Apple,1583,9
Apple,1584,9
Apple,1585,10
Apple,1586,10
Apple,1587,16
Apple,1588,9
Apple,1589,7
Apple,1590,8
Apple,1591,8
Apple,1592,10
Apple,1593,9
Apple,1594,13
Apple,1595,8
Apple,1596,8
Apple,1597,10
Apple,1598,9
Apple,1599,10
Apple,1600,10
Apple,1601,10
Apple,1602,9
Apple,1603,9
Apple,1604,8
Apple,1605,12
Apple,1606,11
Apple,1607,12
Apple,1608,10
Apple,1609,9
Apple,1610,8
Apple,1611,7
Apple,1612,15
Apple,1613,10
Apple,1614,9
Apple,1615,8
Apple,1616,16
Apple,1617,13
Apple,1618,12
Apple,1619,13
Apple,1620,9
Apple,1621,10
Apple,1622,9
Apple,1623,13
Apple,1624,13
Apple,1625,8
Apple,1626,12
Apple,1627,15
Apple,1628,9
Apple,1629,12
Apple,1630,9
Apple,1631,14
Apple,1632,13
Apple,1633,7
Apple,1634,10
Apple,1635,8
Apple,1636,13
Apple,1637,9
Apple,1638,12
Apple,1639,11
Apple,1640,10
Apple,1641,11
Apple,1642,8
Apple,1643,12
Apple,1644,10
Apple,1645,10
Apple,1646,10
Apple,1647,7
Apple,1648,12
Apple,1649,11
Apple,1650,8
Apple,1651,10
Apple,1652,12
Apple,1653,11
Apple,1654,8
Apple,1655,8
Apple,1656,9
Apple,1657,10
Apple,1658,7
Apple,1659,11
Apple,1660,7
Apple,1661,11
Apple,1662,9
Apple,1663,13
Apple,1664,19
Apple,1665,8
Apple,1666,9
Apple,1667,12
Apple,1668,9
Apple,1669,9
Apple,1670,14
Apple,1671,9
Apple,1672,11
Apple,1673,9
Apple,1674,7
Apple,1675,12
Apple,1676,8
Apple,1677,9
Apple,1678,11
Apple,1679,10
Apple,1680,10
Apple,1681,13
Apple,1682,15
Apple,1683,8
Apple,1684,8
Apple,1685,12
Apple,1686,14
Apple,1687,12
Apple,1688,8
Apple,1689,9
Apple,1690,12
Apple,1691,14
Apple,1692,10
Apple,1693,8
Apple,1694,9
Apple,1695,11
Apple,1696,9
Apple,1697,8
Apple,1698,8
Apple,1699,8
Apple,1700,12
Apple,1701,11
Apple,1702,8
Apple,1703,8
Apple,1704,8
Apple,1705,13
Apple,1706,16
Apple,1707,8
Apple,1708,8
Apple,1709,13
Apple,1710,9
Apple,1711,12
Apple,1712,8
Apple,1713,8
Apple,1714,12
Apple,1715,8
Apple,1716,11
Apple,1717,12
Apple,1718,8
Apple,1719,10
Apple,1720,12
Apple,1721,9
Apple,1722,15
Apple,1723,11
Apple,1724,14
Apple,1725,7
Apple,1726,7
Apple,1727,10
Apple,1728,12
Apple,1729,7
Apple,1730,8
Apple,1731,9
Apple,1732,8
Apple,1733,14
Apple,1734,9
Apple,1735,7
Apple,1736,9
Apple,1737,10
Apple,1738,9
Apple,1739,9
Apple,1740,8
Apple,1741,9
Apple,1742,10
Apple,1743,8
Apple,1744,10
Apple,1745,10
Apple,1746,9
Apple,1747,11
Apple,1748,10
Apple,1749,9
Apple,1750,7
Apple,1751,8
Apple,1752,14
Apple,1753,14
Apple,1754,10
Apple,1755,11
Apple,1756,10
Apple,1757,7
Apple,1758,10
Apple,1759,8
Apple,1760,11
Apple,1761,11
Apple,1762,7
Apple,1763,9
Apple,1764,13
Apple,1765,11
Apple,1766,12
Apple,1767,15
Apple,1768,10
Apple,1769,9
Apple,1770,9
Apple,1771,12
Apple,1772,12
Apple,1773,7
Apple,1774,15
Apple,1775,11
Apple,1776,9
Apple,1777,8
Apple,1778,12
Apple,1779,8
Apple,1780,7
Apple,1781,11
Apple,1782,14
Apple,1783,13
Apple,1784,10
Apple,1785,7
Apple,1786,19
Apple,1787,10
Apple,1788,12
Apple,1789,10
Apple,1790,8
Apple,1791,12
Apple,1792,9
Apple,1793,9
Apple,1794,15
Apple,1795,9
Apple,1796,10
Apple,1797,11
Apple,1798,11
Apple,1799,10
Apple,1800,11
Apple,1801,10
Apple,1802,9
Apple,1803,11
Apple,1804,9
Apple,1805,9
Apple,1806,8
Apple,1807,10
Apple,1808,10
Apple,1809,8
Apple,1810,10
Apple,1811,13
Apple,1812,8
Apple,1813,11
Apple,1814,12
Apple,1815,8
Apple,1816,13
Apple,1817,13
Apple,1818,14
Apple,1819,7
Apple,1820,14
Apple,1821,11
Apple,1822,10
Apple,1823,9
Apple,1824,12
Apple,1825,9
Apple,1826,13
Apple,1827,11
Apple,1828,9
Apple,1829,11
Apple,1830,11
Apple,1831,13
Apple,1832,14
Apple,1833,9
Apple,1834,12
Apple,1835,8
Apple,1836,12
Apple,1837,8
Apple,1838,7
Apple,1839,10
Apple,1840,13
Apple,1841,12
Apple,1842,13
Apple,1843,11
Apple,1844,8
Apple,1845,11
Apple,1846,12
Apple,1847,7
Apple,1848,9
Apple,1849,8
Apple,1850,11
Apple,1851,8
Apple,1852,9
Apple,1853,13
Apple,1854,8
Apple,1855,11
Apple,1856,8
Apple,1857,9
Apple,1858,10
Apple,1859,10
Apple,1860,10
Apple,1861,8
Apple,1862,11
Apple,1863,11
Apple,1864,7
Apple,1865,10
Apple,1866,10
Apple,1867,10
Apple,1868,7
Apple,1869,16
Apple,1870,8
Apple,1871,10
Apple,1872,10
Apple,1873,12
Apple,1874,8
Apple,1875,14
Apple,1876,10
Apple,1877,10
Apple,1878,15
Apple,1879,11
Apple,1880,8
Apple,1881,9
Apple,1882,9
Apple,1883,9
Apple,1884,14
Apple,1885,8
Apple,1886,10
Apple,1887,11
Apple,1888,10
Apple,1889,8
Apple,1890,11
Apple,1891,8
Apple,1892,10
Apple,1893,12
Apple,1894,9
Apple,1895,13
Apple,1896,7
Apple,1897,8
Apple,1898,11
Apple,1899,10
Apple,1900,8
Apple,1901,10
Apple,1902,12
Apple,1903,8
Apple,1904,15
Apple,1905,9
Apple,1906,12
Apple,1907,11
Apple,1908,7
Apple,1909,9
Apple,1910,11
Apple,1911,7
Apple,1912,12
Apple,1913,8
Apple,1914,9
Apple,1915,9
Apple,1916,11
Apple,1917,8
Apple,1918,11
Apple,1919,11
Apple,1920,10
Apple,1921,12
Apple,1922,7
Apple,1923,12
Apple,1924,9
Apple,1925,12
Apple,1926,9
Apple,1927,9
Apple,1928,12
Apple,1929,7
Apple,1930,13
Apple,1931,7
Apple,1932,10
Apple,1933,11
Apple,1934,9
Apple,1935,10
Apple,1936,8
Apple,1937,7
Apple,1938,10
Apple,1939,10
Apple,1940,10
Apple,1941,8
Apple,1942,10
Apple,1943,12
Apple,1944,8
Apple,1945,11
Apple,1946,13
Apple,1947,12
Apple,1948,11
Apple,1949,8
Apple,1950,11
Apple,1951,9
Apple,1952,9
Apple,1953,7
Apple,1954,15
Apple,1955,9
Apple,1956,11
Apple,1957,8
Apple,1958,14
Apple,1959,9
Apple,1960,10
Apple,1961,12
Apple,1962,8
Apple,1963,10
Apple,1964,7
Apple,1965,10
Apple,1966,14
Apple,1967,11
Apple,1968,14
Apple,1969,11
Apple,1970,7
Apple,1971,10
Apple,1972,8
Apple,1973,10
Apple,1974,8
Apple,1975,8
Apple,1976,9
Apple,1977,9
Apple,1978,11
Apple,1979,9
Apple,1980,10
Apple,1981,12
Apple,1982,16
Apple,1983,11
Apple,1984,9
Apple,1985,12
Apple,1986,10
Apple,1987,9
Apple,1988,10
Apple,1989,8
Apple,1990,10
Apple,1991,9
Apple,1992,9
Apple,1993,10
Apple,1994,15
Apple,1995,8
Apple,1996,10
Apple,1997,11
Apple,1998,14
Apple,1999,10
Apple,2000,7
Apple,2001,14
Apple,2002,9
Apple,2003,7
Apple,2004,14
Apple,2005,14
Apple,2006,9
Apple,2007,10
Apple,2008,14
Apple,2009,9
Apple,2010,9
Apple,2011,11
Apple,2012,7
Apple,2013,8
Apple,2014,11
Apple,2015,11
Apple,2016,13
Apple,2017,12
Apple,2018,9
Apple,2019,9
Apple,2020,8
Apple,2021,7
Apple,2022,9
Apple,2023,12
Apple,2024,9
Apple,2025,12
Apple,2026,19
Apple,2027,15
Apple,2028,9
Apple,2029,11
Apple,2030,9
Apple,2031,9
Apple,2032,8
Apple,2033,9
Apple,2034,9
Apple,2035,11
Apple,2036,14
Apple,2037,9
Apple,2038,8
Apple,2039,14
Apple,2040,14
Apple,2041,10
Apple,2042,14
Apple,2043,11
Apple,2044,8
Apple,2045,10
Apple,2046,13
Apple,2047,10
Apple,2048,12
Apple,2049,10
Apple,2050,9
Apple,2051,10
Apple,2052,11
Apple,2053,12
Apple,2054,12
Apple,2055,9
Apple,2056,7
Apple,2057,12
Apple,2058,12
Apple,2059,7
Apple,2060,12
Apple,2061,9
Apple,2062,9
Apple,2063,11
Apple,2064,15
Apple,2065,9
Apple,2066,10
Apple,2067,7
Apple,2068,13
Apple,2069,8
Apple,2070,11
Apple,2071,10
Apple,2072,11
Apple,2073,14
Apple,2074,11
Apple,2075,11
Apple,2076,8
Apple,2077,13
Apple,2078,9
Apple,2079,14
Apple,2080,13
Apple,2081,14
Apple,2082,8
Apple,2083,11
Apple,2084,9
Apple,2085,12
Apple,2086,9
Apple,2087,9
Apple,2088,7
Apple,2089,9
Apple,2090,10
Apple,2091,9
Apple,2092,9
Apple,2093,8
Apple,2094,11
Apple,2095,8
Apple,2096,9
Apple,2097,9
Apple,2098,11
Apple,2099,7
Apple,2100,17
Apple,2101,10
Apple,2102,12
Apple,2103,12
Apple,2104,8
Apple,2105,10
Apple,2106,10
Apple,2107,10
Apple,2108,8
Apple,2109,9
Apple,2110,10
Apple,2111,8
Apple,2112,12
Apple,2113,9
Apple,2114,10
Apple,2115,7
Apple,2116,11
Apple,2117,13
Apple,2118,18
Apple,2119,10
Apple,2120,14
Apple,2121,9
Apple,2122,11
Apple,2123,10
Apple,2124,8
Apple,2125,11
Apple,2126,13
Apple,2127,9
Apple,2128,10
Apple,2129,13
Apple,2130,14
Apple,2131,8
Apple,2132,10
Apple,2133,7
Apple,2134,12
Apple,2135,9
Apple,2136,10
Apple,2137,9
Apple,2138,11
Apple,2139,12
Apple,2140,12
Apple,2141,10
Apple,2142,8
Apple,2143,7
Apple,2144,9
Apple,2145,11
Apple,2146,9
Apple,2147,11
Apple,2148,8
Apple,2149,10
Apple,2150,14
Apple,2151,12
Apple,2152,9
Apple,2153,11
Apple,2154,8
Apple,2155,10
Apple,2156,8
Apple,2157,14
Apple,2158,8
Apple,2159,13
Apple,2160,7
Apple,2161,11
Apple,2162,10
Apple,2163,9
Apple,2164,9
Apple,2165,17
Apple,2166,10
Apple,2167,11
Apple,2168,12
Apple,2169,8
Apple,2170,13
Apple,2171,11
Apple,2172,11
Apple,2173,13
Apple,2174,10
Apple,2175,9
Apple,2176,8
Apple,2177,11
Apple,2178,8
Apple,2179,8
Apple,2180,10
Apple,2181,8
Apple,2182,8
Apple,2183,9
Apple,2184,16
Apple,2185,9
Apple,2186,10
Apple,2187,9
Apple,2188,9
Apple,2189,9
Apple,2190,9
Apple,2191,12
Apple,2192,10
Apple,2193,11
Apple,2194,8
Apple,2195,11
Apple,2196,9
Apple,2197,12
Apple,2198,9
Apple,2199,12
Apple,2200,8
Apple,2201,8
Apple,2202,12
Apple,2203,13
Apple,2204,9
Apple,2205,9
Apple,2206,13
Apple,2207,10
Apple,2208,10
Apple,2209,13
Apple,2210,8
Apple,2211,9
Apple,2212,9
Apple,2213,12
Apple,2214,13
Apple,2215,9
Apple,2216,9
Apple,2217,9
Apple,2218,7
Apple,2219,10
Apple,2220,11
Apple,2221,7
Apple,2222,10
Apple,2223,10
Apple,2224,9
Apple,2225,12
Apple,2226,10
Apple,2227,12
Apple,2228,7
Apple,2229,11
Apple,2230,12
Apple,2231,16
Apple,2232,12
Apple,2233,12
Apple,2234,9
Apple,2235,8
Apple,2236,9
Apple,2237,9
Apple,2238,10
Apple,2239,14
Apple,2240,12
Apple,2241,12
Apple,2242,10
Apple,2243,9
Apple,2244,12
Apple,2245,10
Apple,2246,8
Apple,2247,9
Apple,2248,9
Apple,2249,10
Apple,2250,13
Apple,2251,9
Apple,2252,10
Apple,2253,11
Apple,2254,9
Apple,2255,11
Apple,2256,8
Apple,2257,12
Apple,2258,12
Apple,2259,9
Apple,2260,10
Apple,2261,7
Apple,2262,10
Apple,2263,12
Apple,2264,9
Apple,2265,13
Apple,2266,9
Apple,2267,11
Apple,2268,10
Apple,2269,12
Apple,2270,12
Apple,2271,10
Apple,2272,7
Apple,2273,7
Apple,2274,14
Apple,2275,9
Apple,2276,11
Apple,2277,8
Apple,2278,10
Apple,2279,11
Apple,2280,10
Apple,2281,8
Apple,2282,10
Apple,2283,9
Apple,2284,10
Apple,2285,10
Apple,2286,8
Apple,2287,7
Apple,2288,15
Apple,2289,9
Apple,2290,8
Apple,2291,10
Apple,2292,9
Apple,2293,11
Apple,2294,8
Apple,2295,8
Apple,2296,9
Apple,2297,9
Apple,2298,12
Apple,2299,11
Apple,2300,11
Apple,2301,9
Apple,2302,9
Apple,2303,8
Apple,2304,9
Apple,2305,12
Apple,2306,9
Apple,2307,11
Apple,2308,11
Apple,2309,10
Apple,2310,13
Apple,2311,12
Apple,2312,7
Apple,2313,13
Apple,2314,10
Apple,2315,16
Apple,2316,9
Apple,2317,12
Apple,2318,10
Apple,2319,10
Apple,2320,8
Apple,2321,10
Apple,2322,11
Apple,2323,12
Apple,2324,12
Apple,2325,8
Apple,2326,11
Apple,2327,9
Apple,2328,8
Apple,2329,8
Apple,2330,9
Apple,2331,10
Apple,2332,13
Apple,2333,9
Apple,2334,9
Apple,2335,11
Apple,2336,11
Apple,2337,8
Apple,2338,11
Apple,2339,11
Apple,2340,9
Apple,2341,9
Apple,2342,11
Apple,2343,8
Apple,2344,13
Apple,2345,9
Apple,2346,7
Apple,2347,13
Apple,2348,8
Apple,2349,9
Apple,2350,9
Apple,2351,8
Apple,2352,10
Apple,2353,8
Apple,2354,11
Apple,2355,9
Apple,2356,12
Apple,2357,8
Apple,2358,8
Apple,2359,9
Apple,2360,10
Apple,2361,9
Apple,2362,10
Apple,2363,10
Apple,2364,7
Apple,2365,7
Apple,2366,9
Apple,2367,13
Apple,2368,11
Apple,2369,7
Apple,2370,19
Apple,2371,10
Apple,2372,15
Apple,2373,15
Apple,2374,12
Apple,2375,11
Apple,2376,7
Apple,2377,9
Apple,2378,10
Apple,2379,11
Apple,2380,12
Apple,2381,11
Apple,2382,8
Apple,2383,9
Apple,2384,9
Apple,2385,13
Apple,2386,11
Apple,2387,7
Apple,2388,9
Apple,2389,12
Apple,2390,11
Apple,2391,9
Apple,2392,10
Apple,2393,7
Apple,2394,12
Apple,2395,10
Apple,2396,15
Apple,2397,9
Apple,2398,12
Apple,2399,9
Apple,2400,12
Apple,2401,13
Apple,2402,9
Apple,2403,13
Apple,2404,7
Apple,2405,7
Apple,2406,9
Apple,2407,8
Apple,2408,8
Apple,2409,7
Apple,2410,12
Apple,2411,10
Apple,2412,7
Apple,2413,11
Apple,2414,13
Apple,2415,9
Apple,2416,10
Apple,2417,11
Apple,2418,8
Apple,2419,10
Apple,2420,11
Apple,2421,12
Apple,2422,9
Apple,2423,8
Apple,2424,12
Apple,2425,7
Apple,2426,12
Apple,2427,13
Apple,2428,17
Apple,2429,13
Apple,2430,10
Apple,2431,14
Apple,2432,12
Apple,2433,10
Apple,2434,11
Apple,2435,13
Apple,2436,13
Apple,2437,8
Apple,2438,8
Apple,2439,10
Apple,2440,7
Apple,2441,10
Apple,2442,7
Apple,2443,13
Apple,2444,9
Apple,2445,7
Apple,2446,12
Apple,2447,14
Apple,2448,7
Apple,2449,9
Apple,2450,9
Apple,2451,9
Apple,2452,11
Apple,2453,11
Apple,2454,13
Apple,2455,9
Apple,2456,9
Apple,2457,9
Apple,2458,10
Apple,2459,9
Apple,2460,20
Apple,2461,11
Apple,2462,9
Apple,2463,10
Apple,2464,13
Apple,2465,10
Apple,2466,13
Apple,2467,8
Apple,2468,9
Apple,2469,10
Apple,2470,8
Apple,2471,7
Apple,2472,7
Apple,2473,12
Apple,2474,12
Apple,2475,13
Apple,2476,9
Apple,2477,10
Apple,2478,11
Apple,2479,14
Apple,2480,9
Apple,2481,9
Apple,2482,9
Apple,2483,12
Apple,2484,12
Apple,2485,10
Apple,2486,9
Apple,2487,12
Apple,2488,11
Apple,2489,8
Apple,2490,10
Apple,2491,7
Apple,2492,11
Apple,2493,14
Apple,2494,8
Apple,2495,14
Apple,2496,9
Apple,2497,10
Apple,2498,9
Apple,2499,9
Apple,2500,9
Apple,2501,10
Apple,2502,7
Apple,2503,8
Apple,2504,10
Apple,2505,8
Apple,2506,9
Apple,2507,7
Apple,2508,10
Apple,2509,10
Apple,2510,10
Apple,2511,10
Apple,2512,7
Apple,2513,12
Apple,2514,7
Apple,2515,8
Apple,2516,10
Apple,2517,13
Apple,2518,9
Apple,2519,10
Apple,2520,11
Apple,2521,9
Apple,2522,15
Apple,2523,8
Apple,2524,9
Apple,2525,11
Apple,2526,9
Apple,2527,11
Apple,2528,8
Apple,2529,12
Apple,2530,10
Apple,2531,8
Apple,2532,8
Apple,2533,9
Apple,2534,10
Apple,2535,8
Apple,2536,9
Apple,2537,11
Apple,2538,14
Apple,2539,7
Apple,2540,9
Apple,2541,11
Apple,2542,7
Apple,2543,13
Apple,2544,7
Apple,2545,7
Apple,2546,10
Apple,2547,12
Apple,2548,7
Apple,2549,15
Apple,2550,9
Apple,2551,9
Apple,2552,12
Apple,2553,7
Apple,2554,9
Apple,2555,8
Apple,2556,12
Apple,2557,9
Apple,2558,10
Apple,2559,13
Apple,2560,11
Apple,2561,10
Apple,2562,7
Apple,2563,11
Apple,2564,13
Apple,2565,7
Apple,2566,8
Apple,2567,9
Apple,2568,9
Apple,2569,9
Apple,2570,12
Apple,2571,9
Apple,2572,7
Apple,2573,9
Apple,2574,11
Apple,2575,15
Apple,2576,12
Apple,2577,9
Apple,2578,10
Apple,2579,9
Apple,2580,15
Apple,2581,9
Apple,2582,9
Apple,2583,7
Apple,2584,9
Apple,2585,8
Apple,2586,10
Apple,2587,12
Apple,2588,13
Apple,2589,13
Apple,2590,13
Apple,2591,11
Apple,2592,8
Apple,2593,14
Apple,2594,7
Apple,2595,19
Apple,2596,11
Apple,2597,11
Apple,2598,10
Apple,2599,12
Apple,2600,10
Apple,2601,9
Apple,2602,12
Apple,2603,9
Apple,2604,15
Apple,2605,8
Apple,2606,7
Apple,2607,11
Apple,2608,7
Apple,2609,19
Apple,2610,11
Apple,2611,10
Apple,2612,14
Apple,2613,10
Apple,2614,9
Apple,2615,10
Apple,2616,9
Apple,2617,13
Apple,2618,11
Apple,2619,9
Apple,2620,9
Apple,2621,12
Apple,2622,12
Apple,2623,12
Apple,2624,9
Apple,2625,7
Apple,2626,9
Apple,2627,10
Apple,2628,9
Apple,2629,12
Apple,2630,10
Apple,2631,10
Apple,2632,9
Apple,2633,10
Apple,2634,9
Apple,2635,16
Apple,2636,15
Apple,2637,11
Apple,2638,13
Apple,2639,8
Apple,2640,12
Apple,2641,11
Apple,2642,9
Apple,2643,8
Apple,2644,10
Apple,2645,17
Apple,2646,10
Apple,2647,12
Apple,2648,16
Apple,2649,12
Apple,2650,9
Apple,2651,10
Apple,2652,11
Apple,2653,7
Apple,2654,8
Apple,2655,9
Apple,2656,8
Apple,2657,9
Apple,2658,9
Apple,2659,9
Apple,2660,10
Apple,2661,10
Apple,2662,7
Apple,2663,10
Apple,2664,11
Apple,2665,7
Apple,2666,12
Apple,2667,9
Apple,2668,9
Apple,2669,11
Apple,2670,11
Apple,2671,9
Apple,2672,15
Apple,2673,8
Apple,2674,13
Apple,2675,10
Apple,2676,10
Apple,2677,16
Apple,2678,10
Apple,2679,9
Apple,2680,12
Apple,2681,10
Apple,2682,12
Apple,2683,9
Apple,2684,8
Apple,2685,10
Apple,2686,9
Apple,2687,11
Apple,2688,8
Apple,2689,10
Apple,2690,11
Apple,2691,9
Apple,2692,7
Apple,2693,10
Apple,2694,9
Apple,2695,8
Apple,2696,12
Apple,2697,8
Apple,2698,10
Apple,2699,7
Apple,2700,17
Apple,2701,14
Apple,2702,9
Apple,2703,11
Apple,2704,7
Apple,2705,12
Apple,2706,14
Apple,2707,10
Apple,2708,11
Apple,2709,12
Apple,2710,8
Apple,2711,9
Apple,2712,10
Apple,2713,10
Apple,2714,9
Apple,2715,11
Apple,2716,9
Apple,2717,8
Apple,2718,9
Apple,2719,11
Apple,2720,10
Apple,2721,8
Apple,2722,9
Apple,2723,10
Apple,2724,8
Apple,2725,8
Apple,2726,9
Apple,2727,10
Apple,2728,10
Apple,2729,11
Apple,2730,11
Apple,2731,7
Apple,2732,11
Apple,2733,14
Apple,2734,9
Apple,2735,16
Apple,2736,13
Apple,2737,9
Apple,2738,7
Apple,2739,11
Apple,2740,11
Apple,2741,8
Apple,2742,12
Apple,2743,16
Apple,2744,8
Apple,2745,7
Apple,2746,10
Apple,2747,10
Apple,2748,7
Apple,2749,10
Apple,2750,9
Apple,2751,9
Apple,2752,12
Apple,2753,9
Apple,2754,11
Apple,2755,13
Apple,2756,9
Apple,2757,8
Apple,2758,10
Apple,2759,11
Apple,2760,12
Apple,2761,12
Apple,2762,7
Apple,2763,10
Apple,2764,9
Apple,2765,17
Apple,2766,9
Apple,2767,10
Apple,2768,17
Apple,2769,10
Apple,2770,12
Apple,2771,8
Apple,2772,10
Apple,2773,11
Apple,2774,13
Apple,2775,9
Apple,2776,7
Apple,2777,9
Apple,2778,11
Apple,2779,12
Apple,2780,12
Apple,2781,9
Apple,2782,10
Apple,2783,8
Apple,2784,9
Apple,2785,10
Apple,2786,7
Apple,2787,8
Apple,2788,11
Apple,2789,8
Apple,2790,9
Apple,2791,9
Apple,2792,14
Apple,2793,10
Apple,2794,10
Apple,2795,10
Apple,2796,9
Apple,2797,13
Apple,2798,8
Apple,2799,9
Apple,2800,9
Apple,2801,9
Apple,2802,10
Apple,2803,9
Apple,2804,11
Apple,2805,11
Apple,2806,10
Apple,2807,11
Apple,2808,8
Apple,2809,7
Apple,2810,8
Apple,2811,11
Apple,2812,10
Apple,2813,10
Apple,2814,14
Apple,2815,9
Apple,2816,9
Apple,2817,10
Apple,2818,9
Apple,2819,8
Apple,2820,10
Apple,2821,9
Apple,2822,8
Apple,2823,10
Apple,2824,7
Apple,2825,9
Apple,2826,13
Apple,2827,7
Apple,2828,11
Apple,2829,8
Apple,2830,10
Apple,2831,12
Apple,2832,9
Apple,2833,9
Apple,2834,10
Apple,2835,10
Apple,2836,8
Apple,2837,12
Apple,2838,10
Apple,2839,11
Apple,2840,12
Apple,2841,9
Apple,2842,10
Apple,2843,9
Apple,2844,10
Apple,2845,10
Apple,2846,12
Apple,2847,7
Apple,2848,11
Apple,2849,12
Apple,2850,11
Apple,2851,10
Apple,2852,8
Apple,2853,8
Apple,2854,12
Apple,2855,12
Apple,2856,11
Apple,2857,10
Apple,2858,10
Apple,2859,9
Apple,2860,8
Apple,2861,9
Apple,2862,9
Apple,2863,7
Apple,2864,13
Apple,2865,9
Apple,2866,8
Apple,2867,7
Apple,2868,7
Apple,2869,11
Apple,2870,14
Apple,2871,10
Apple,2872,10
Apple,2873,7
Apple,2874,11
Apple,2875,9
Apple,2876,8
Apple,2877,13
Apple,2878,11
Apple,2879,9
Apple,2880,7
Apple,2881,14
Apple,2882,13
Apple,2883,17
Apple,2884,10
Apple,2885,9
Apple,2886,7
Apple,2887,10
Apple,2888,12
Apple,2889,10
Apple,2890,7
Apple,2891,11
Apple,2892,11
Apple,2893,7
Apple,2894,13
Apple,2895,9
Apple,2896,8
Apple,2897,10
Apple,2898,12
Apple,2899,9
Apple,2900,12
Apple,2901,15
Apple,2902,9
Apple,2903,16
Apple,2904,8
Apple,2905,14
Apple,2906,9
Apple,2907,11
Apple,2908,9
Apple,2909,11
Apple,2910,8
Apple,2911,11
Apple,2912,10
Apple,2913,14
Apple,2914,10
Apple,2915,11
Apple,2916,10
Apple,2917,14
Apple,2918,8
Apple,2919,9
Apple,2920,10
Apple,2921,13
Apple,2922,10
Apple,2923,9
Apple,2924,12
Apple,2925,16
Apple,2926,13
Apple,2927,14
Apple,2928,7
Apple,2929,8
Apple,2930,9
Apple,2931,9
Apple,2932,7
Apple,2933,9
Apple,2934,11
Apple,2935,9
Apple,2936,10
Apple,2937,13
Apple,2938,12
Apple,2939,11
Apple,2940,8
Apple,2941,10
Apple,2942,8
Apple,2943,11
Apple,2944,8
Apple,2945,14
Apple,2946,10
Apple,2947,11
Apple,2948,7
Apple,2949,18
Apple,2950,9
Apple,2951,7
Apple,2952,10
Apple,2953,8
Apple,2954,7
Apple,2955,12
Apple,2956,10
Apple,2957,13
Apple,2958,14
Apple,2959,12
Apple,2960,8
Apple,2961,11
Apple,2962,11
Apple,2963,11
Apple,2964,8
Apple,2965,12
Apple,2966,10
Apple,2967,13
Apple,2968,10
Apple,2969,18
Apple,2970,8
Apple,2971,8
Apple,2972,10
Apple,2973,8
Apple,2974,9
Apple,2975,12
Apple,2976,9
Apple,2977,7
Apple,2978,8
Apple,2979,11
Apple,2980,9
Apple,2981,7
Apple,2982,9
Apple,2983,15
Apple,2984,10
Apple,2985,9
Apple,2986,9
Apple,2987,10
Apple,2988,12
Apple,2989,10
Apple,2990,10
Apple,2991,10
Apple,2992,8
Apple,2993,12
Apple,2994,11
Apple,2995,11
Apple,2996,10
Apple,2997,17
Apple,2998,14
Apple,2999,11
Cactus,0,21
Cactus,1,20
Cactus,2,14
Cactus,3,15
Cactus,4,7
Cactus,5,21
Cactus,6,12
Cactus,7,9
Cactus,8,23
Cactus,9,10
Cactus,10,11
Cactus,11,13
Cactus,12,12
Cactus,13,13
Cactus,14,9
Cactus,15,10
Cactus,16,13
Cactus,17,11
Cactus,18,14
Cactus,19,11
Cactus,20,14
Cactus,21,22
Cactus,22,13
Cactus,23,15
Cactus,24,9
Cactus,25,20
Cactus,26,15
Cactus,27,15
Cactus,28,15
Cactus,29,11
Cactus,30,14
Cactus,31,11
Cactus,32,15
Cactus,33,16
Cactus,34,15
Cactus,35,14
Cactus,36,11
Cactus,37,18
Cactus,38,11
Cactus,39,16
Cactus,40,21
Cactus,41,13
Cactus,42,20
Cactus,43,8
Cactus,44,12
Cactus,45,16
Cactus,46,19
Cactus,47,15
Cactus,48,13
Cactus,49,14
Cactus,50,12
Cactus,51,12
Cactus,52,11
Cactus,53,18
Cactus,54,18
Cactus,55,21
Cactus,56,13
Cactus,57,8
Cactus,58,9
Cactus,59,10
Cactus,60,9
Cactus,61,17
Cactus,62,13
Cactus,63,11
Cactus,64,12
Cactus,65,24
Cactus,66,10
Cactus,67,12
Cactus,68,11
Cactus,69,16
Cactus,70,17
Cactus,71,13
Cactus,72,15
Cactus,73,20
Cactus,74,17
Cactus,75,18
Cactus,76,10
Cactus,77,14
Cactus,78,10
Cactus,79,12
Cactus,80,13
Cactus,81,14
Cactus,82,14
Cactus,83,10
Cactus,84,16
Cactus,85,17
Cactus,86,14
Cactus,87,9
Cactus,88,10
Cactus,89,16
Cactus,90,11
Cactus,91,15
Cactus,92,7
Cactus,93,9
Cactus,94,12
Cactus,95,15
Cactus,96,10
Cactus,97,9
Cactus,98,14
Cactus,99,7
Cactus,100,12
Cactus,101,15
Cactus,102,12
Cactus,103,18
Cactus,104,9
Cactus,105,9
Cactus,106,18
Cactus,107,9
Cactus,108,15
Cactus,109,11
Cactus,110,14
Cactus,111,12
Cactus,112,10
Cactus,113,16
Cactus,114,14
Cactus,115,13
Cactus,116,13
Cactus,117,15
Cactus,118,19
Cactus,119,11
Cactus,120,14
Cactus,121,8
Cactus,122,22
Cactus,123,9
Cactus,124,8
Cactus,125,8
Cactus,126,10
Cactus,127,13
Cactus,128,17
Cactus,129,11
Cactus,130,14
Cactus,131,14
Cactus,132,18
Cactus,133,15
Cactus,134,18
Cactus,135,24
Cactus,136,18
Cactus,137,16
Cactus,138,17
Cactus,139,10
Cactus,140,10
Cactus,141,10
Cactus,142,12
Cactus,143,10
Cactus,144,14
Cactus,145,10
Cactus,146,8
Cactus,147,12
Cactus,148,19
Cactus,149,14
Cactus,150,15
Cactus,151,12
Cactus,152,19
Cactus,153,19
Cactus,154,20
Cactus,155,13
Cactus,156,7
Cactus,157,11
Cactus,158,14
Cactus,159,14
Cactus,160,12
Cactus,161,17
Cactus,162,15
Cactus,163,17
Cactus,164,10
Cactus,165,11
Cactus,166,20
Cactus,167,11
Cactus,168,13
Cactus,169,9
Cactus,170,20
Cactus,171,14
Cactus,172,14
Cactus,173,10
Cactus,174,19
Cactus,175,12
Cactus,176,7
Cactus,177,14
Cactus,178,17
Cactus,179,22
Cactus,180,25
Cactus,181,10
Cactus,182,10
Cactus,183,12
Cactus,184,11
Cactus,185,14
Cactus,186,13
Cactus,187,19
Cactus,188,12
Cactus,189,16
Cactus,190,12
Cactus,191,16
Cactus,192,8
Cactus,193,12
Cactus,194,10
Cactus,195,10
Cactus,196,11
Cactus,197,14
Cactus,198,10
Cactus,199,10
Cactus,200,16
Cactus,201,14
Cactus,202,19
Cactus,203,20
Cactus,204,15
Cactus,205,10
Cactus,206,15
Cactus,207,9
Cactus,208,10
Cactus,209,11
Cactus,210,14
Cactus,211,14
Cactus,212,18
Cactus,213,13
Cactus,214,9
Cactus,215,12
Cactus,216,8
Cactus,217,11
Cactus,218,13
Cactus,219,14
Cactus,220,10
Cactus,221,14
Cactus,222,11
Cactus,223,8
Cactus,224,13
Cactus,225,17
Cactus,226,12
Cactus,227,10
Cactus,228,26
Cactus,229,14
Cactus,230,12
Cactus,231,13
Cactus,232,10
Cactus,233,12
Cactus,234,10
Cactus,235,11
Cactus,236,15
Cactus,237,9
Cactus,238,14
Cactus,239,17
Cactus,240,12
Cactus,241,12
Cactus,242,12
Cactus,243,11
Cactus,244,14
Cactus,245,12
Cactus,246,10
Cactus,247,7
Cactus,248,9
Cactus,249,10
Cactus,250,12
Cactus,251,11
Cactus,252,10
Cactus,253,11
Cactus,254,8
Cactus,255,15
Cactus,256,11
Cactus,257,10
Cactus,258,8
Cactus,259,10
Cactus,260,14
Cactus,261,12
Cactus,262,11
Cactus,263,12
Cactus,264,17
Cactus,265,12
Cactus,266,12
Cactus,267,20
Cactus,268,15
Cactus,269,8
Cactus,270,10
Cactus,271,18
Cactus,272,10
Cactus,273,9
Cactus,274,9
Cactus,275,13
Cactus,276,10
Cactus,277,14
Cactus,278,8
Cactus,279,14
Cactus,280,25
Cactus,281,13
Cactus,282,7
Cactus,283,9
Cactus,284,18
Cactus,285,11
Cactus,286,7
Cactus,287,9
Cactus,288,19
Cactus,289,15
Cactus,290,20
Cactus,291,18
Cactus,292,12
Cactus,293,11
Cactus,294,9
Cactus,295,10
Cactus,296,15
Cactus,297,13
Cactus,298,13
Cactus,299,10
Cactus,300,8
Cactus,301,18
Cactus,302,10
Cactus,303,15
Cactus,304,12
Cactus,305,12
Cactus,306,19
Cactus,307,13
Cactus,308,15
Cactus,309,12
Cactus,310,13
Cactus,311,16
Cactus,312,12
Cactus,313,9
Cactus,314,15
Cactus,315,15
Cactus,316,12
Cactus,317,12
Cactus,318,10
Cactus,319,12
Cactus,320,16
Cactus,321,14
Cactus,322,11
Cactus,323,19
Cactus,324,10
Cactus,325,18
Cactus,326,8
Cactus,327,13
Cactus,328,11
Cactus,329,9
Cactus,330,18
Cactus,331,11
Cactus,332,11
Cactus,333,16
Cactus,334,11
Cactus,335,12
Cactus,336,12
Cactus,337,10
Cactus,338,21
Cactus,339,19
Cactus,340,13
Cactus,341,15
Cactus,342,26
Cactus,343,12
Cactus,344,20
Cactus,345,19
Cactus,346,17
Cactus,347,14
Cactus,348,14
Cactus,349,16
Cactus,350,11
Cactus,351,18
Cactus,352,8
Cactus,353,13
Cactus,354,9
Cactus,355,13
Cactus,356,9
Cactus,357,11
Cactus,358,25
Cactus,359,18
Cactus,360,12
Cactus,361,10
Cactus,362,10
Cactus,363,20
Cactus,364,18
Cactus,365,10
Cactus,366,19
Cactus,367,13
Cactus,368,8
Cactus,369,21
Cactus,370,17
Cactus,371,19
Cactus,372,11
Cactus,373,11
Cactus,374,15
Cactus,375,8
Cactus,376,17
Cactus,377,9
Cactus,378,11
Cactus,379,9
Cactus,380,10
Cactus,381,11
Cactus,382,18
Cactus,383,13
Cactus,384,15
Cactus,385,9
Cactus,386,12
Cactus,387,11
Cactus,388,13
Cactus,389,11
Cactus,390,9
Cactus,391,10
Cactus,392,12
Cactus,393,9
Cactus,394,15
Cactus,395,11
Cactus,396,11
Cactus,397,11
Cactus,398,13
Cactus,399,10
Cactus,400,8
Cactus,401,13
Cactus,402,13
Cactus,403,8
Cactus,404,9
Cactus,405,11
Cactus,406,10
Cactus,407,15
Cactus,408,11
Cactus,409,10
Cactus,410,13
Cactus,411,9
Cactus,412,8
Cactus,413,13
Cactus,414,10
Cactus,415,13
Cactus,416,21
Cactus,417,18
Cactus,418,7
Cactus,419,14
Cactus,420,11
Cactus,421,20
Cactus,422,9
Cactus,423,16
Cactus,424,12
Cactus,425,11
Cactus,426,14
Cactus,427,16
Cactus,428,17
Cactus,429,9
Cactus,430,20
Cactus,431,10
Cactus,432,14
Cactus,433,12
Cactus,434,16
Cactus,435,10
Cactus,436,14
Cactus,437,16
Cactus,438,17
Cactus,439,18
Cactus,440,10
Cactus,441,13
Cactus,442,13
Cactus,443,13
Cactus,444,12
Cactus,445,11
Cactus,446,13
Cactus,447,16
Cactus,448,15
Cactus,449,8
Cactus,450,11
Cactus,451,14
Cactus,452,11
Cactus,453,21
Cactus,454,10
Cactus,455,18
Cactus,456,9
Cactus,457,7
Cactus,458,11
Cactus,459,14
Cactus,460,10
Cactus,461,9
Cactus,462,10
Cactus,463,21
Cactus,464,11
Cactus,465,17
Cactus,466,18
Cactus,467,11
Cactus,468,12
Cactus,469,10
Cactus,470,16
Cactus,471,13
Cactus,472,9
Cactus,473,12
Cactus,474,11
Cactus,475,11
Cactus,476,10
Cactus,477,16
Cactus,478,13
Cactus,479,16
Cactus,480,22
Cactus,481,13
Cactus,482,13
Cactus,483,10
Cactus,484,18
Cactus,485,10
Cactus,486,14
Cactus,487,16
Cactus,488,10
Cactus,489,7
Cactus,490,23
Cactus,491,12
Cactus,492,14
Cactus,493,10
Cactus,494,13
Cactus,495,11
Cactus,496,12
Cactus,497,13
Cactus,498,21
Cactus,499,10
Cactus,500,16
Cactus,501,13
Cactus,502,13
Cactus,503,11
Cactus,504,15
Cactus,505,12
Cactus,506,12
Cactus,507,13
Cactus,508,12
Cactus,509,13
Cactus,510,14
Cactus,511,18
Cactus,512,14
Cactus,513,13
Cactus,514,12
Cactus,515,12
Cactus,516,12
Cactus,517,16
Cactus,518,15
Cactus,519,12
Cactus,520,18
Cactus,521,18
Cactus,522,23
Cactus,523,16
Cactus,524,18
Cactus,525,8
Cactus,526,11
Cactus,527,10
Cactus,528,12
Cactus,529,11
Cactus,530,10
Cactus,531,8
Cactus,532,11
Cactus,533,13
Cactus,534,16
Cactus,535,13
Cactus,536,14
Cactus,537,15
Cactus,538,12
Cactus,539,8
Cactus,540,16
Cactus,541,11
Cactus,542,14
Cactus,543,12
Cactus,544,13
Cactus,545,11
Cactus,546,14
Cactus,547,16
Cactus,548,10
Cactus,549,14
Cactus,550,14
Cactus,551,12
Cactus,552,18
Cactus,553,17
Cactus,554,11
Cactus,555,15
Cactus,556,14
Cactus,557,14
Cactus,558,10
Cactus,559,13
Cactus,560,12
Cactus,561,15
Cactus,562,19
Cactus,563,13
Cactus,564,12
Cactus,565,15
Cactus,566,20
Cactus,567,15
Cactus,568,11
Cactus,569,12
Cactus,570,9
Cactus,571,10
Cactus,572,13
Cactus,573,12
Cactus,574,13
Cactus,575,11
Cactus,576,12
Cactus,577,12
Cactus,578,15
Cactus,579,16
Cactus,580,11
Cactus,581,9
Cactus,582,17
Cactus,583,11
Cactus,584,13
Cactus,585,12
Cactus,586,13
Cactus,587,14
Cactus,588,18
Cactus,589,16
Cactus,590,15
Cactus,591,10
Cactus,592,11
Cactus,593,12
Cactus,594,8
Cactus,595,15
Cactus,596,20
Cactus,597,14
Cactus,598,9
Cactus,599,10
Cactus,600,19
Cactus,601,16
Cactus,602,11
Cactus,603,9
Cactus,604,19
Cactus,605,19
Cactus,606,14
Cactus,607,10
Cactus,608,12
Cactus,609,24
Cactus,610,12
Cactus,611,14
Cactus,612,10
Cactus,613,10
Cactus,614,18
Cactus,615,15
Cactus,616,17
Cactus,617,12
Cactus,618,14
Cactus,619,14
Cactus,620,12
Cactus,621,15
Cactus,622,17
Cactus,623,9
Cactus,624,13
Cactus,625,8
Cactus,626,18
Cactus,627,12
Cactus,628,9
Cactus,629,12
Cactus,630,12
Cactus,631,7
Cactus,632,13
Cactus,633,8
Cactus,634,16
Cactus,635,12
Cactus,636,13
Cactus,637,10
Cactus,638,10
Cactus,639,12
Cactus,640,11
Cactus,641,9
Cactus,642,10
Cactus,643,14
Cactus,644,13
Cactus,645,9
Cactus,646,13
Cactus,647,17
Cactus,648,12
Cactus,649,12
Cactus,650,10
Cactus,651,15
Cactus,652,11
Cactus,653,12
Cactus,654,9
Cactus,655,12
Cactus,656,13
Cactus,657,10
Cactus,658,17
Cactus,659,9
Cactus,660,17
Cactus,661,9
Cactus,662,20
Cactus,663,9
Cactus,664,13
Cactus,665,16
Cactus,666,11
Cactus,667,12
Cactus,668,19
Cactus,669,20
Cactus,670,9
Cactus,671,17
Cactus,672,10
Cactus,673,11
Cactus,674,17
Cactus,675,15
Cactus,676,8
Cactus,677,11
Cactus,678,18
Cactus,679,19
Cactus,680,10
Cactus,681,9
Cactus,682,9
Cactus,683,11
Cactus,684,9
Cactus,685,10
Cactus,686,12
Cactus,687,21
Cactus,688,18
Cactus,689,17
Cactus,690,12
Cactus,691,12
Cactus,692,15
Cactus,693,23
Cactus,694,11
Cactus,695,18
Cactus,696,15
Cactus,697,11
Cactus,698,13
Cactus,699,11
Cactus,700,11
Cactus,701,13
Cactus,702,8
Cactus,703,9
Cactus,704,8
Cactus,705,14
Cactus,706,16
Cactus,707,16
Cactus,708,10
Cactus,709,9
Cactus,710,9
Cactus,711,9
Cactus,712,12
Cactus,713,14
Cactus,714,10
Cactus,715,8
Cactus,716,12
Cactus,717,12
Cactus,718,11
Cactus,719,11
Cactus,720,16
Cactus,721,16
Cactus,722,12
Cactus,723,12
Cactus,724,14
Cactus,725,11
Cactus,726,23
Cactus,727,9
Cactus,728,18
Cactus,729,10
Cactus,730,12
Cactus,731,18
Cactus,732,7
Cactus,733,11
Cactus,734,15
Cactus,735,15
Cactus,736,11
Cactus,737,12
Cactus,738,15
Cactus,739,13
Cactus,740,10
Cactus,741,9
Cactus,742,14
Cactus,743,18
Cactus,744,12
Cactus,745,15
Cactus,746,16
Cactus,747,19
Cactus,748,9
Cactus,749,12
Cactus,750,9
Cactus,751,16
Cactus,752,18
Cactus,753,8
Cactus,754,21
Cactus,755,8
Cactus,756,11
Cactus,757,10
Cactus,758,11
Cactus,759,9
Cactus,760,12
Cactus,761,13
Cactus,762,14
Cactus,763,13
Cactus,764,12
Cactus,765,18
Cactus,766,8
Cactus,767,14
Cactus,768,14
Cactus,769,9
Cactus,770,13
Cactus,771,9
Cactus,772,12
Cactus,773,18
Cactus,774,17
Cactus,775,14
Cactus,776,13
Cactus,777,14
Cactus,778,13
Cactus,779,13
Cactus,780,15
Cactus,781,10
Cactus,782,12
Cactus,783,10
Cactus,784,11
Cactus,785,9
Cactus,786,16
Cactus,787,12
Cactus,788,18
Cactus,789,17
Cactus,790,11
Cactus,791,12
Cactus,792,15
Cactus,793,21
Cactus,794,10
Cactus,795,9
Cactus,796,15
Cactus,797,17
Cactus,798,8
Cactus,799,12
Cactus,800,12
Cactus,801,11
Cactus,802,14
Cactus,803,9
Cactus,804,18
Cactus,805,8
Cactus,806,8
Cactus,807,18
Cactus,808,12
Cactus,809,10
Cactus,810,16
Cactus,811,12
Cactus,812,14
Cactus,813,24
Cactus,814,15
Cactus,815,13
Cactus,816,16
Cactus,817,12
Cactus,818,13
Cactus,819,13
Cactus,820,13
Cactus,821,14
Cactus,822,14
Cactus,823,12
Cactus,824,16
Cactus,825,13
Cactus,826,12
Cactus,827,13
Cactus,828,13
Cactus,829,13
Cactus,830,9
Cactus,831,13
Cactus,832,18
Cactus,833,11
Cactus,834,13
Cactus,835,9
Cactus,836,11
Cactus,837,15
Cactus,838,13
Cactus,839,16
Cactus,840,17
Cactus,841,15
Cactus,842,15
Cactus,843,12
Cactus,844,13
Cactus,845,10
Cactus,846,7
Cactus,847,16
Cactus,848,20
Cactus,849,10
Cactus,850,11
Cactus,851,9
Cactus,852,12
Cactus,853,12
Cactus,854,12
Cactus,855,13
Cactus,856,14
Cactus,857,7
Cactus,858,8
Cactus,859,9
Cactus,860,12
Cactus,861,13
Cactus,862,8
Cactus,863,20
Cactus,864,12
Cactus,865,9
Cactus,866,21
Cactus,867,10
Cactus,868,20
Cactus,869,17
Cactus,870,17
Cactus,871,11
Cactus,872,16
Cactus,873,13
Cactus,874,16
Cactus,875,12
Cactus,876,19
Cactus,877,10
Cactus,878,12
Cactus,879,10
Cactus,880,15
Cactus,881,14
Cactus,882,8
Cactus,883,15
Cactus,884,15
Cactus,885,13
Cactus,886,12
Cactus,887,13
Cactus,888,15
Cactus,889,11
Cactus,890,11
Cactus,891,11
Cactus,892,18
Cactus,893,10
Cactus,894,17
Cactus,895,12
Cactus,896,12
Cactus,897,12
Cactus,898,13
Cactus,899,14
Cactus,900,19
Cactus,901,8
Cactus,902,15
Cactus,903,15
Cactus,904,10
Cactus,905,10
Cactus,906,13
Cactus,907,8
Cactus,908,15
Cactus,909,10
Cactus,910,21
Cactus,911,8
Cactus,912,13
Cactus,913,9
Cactus,914,13
Cactus,915,18
Cactus,916,20
Cactus,917,13
Cactus,918,19
Cactus,919,10
Cactus,920,9
Cactus,921,12
Cactus,922,11
Cactus,923,13
Cactus,924,14
Cactus,925,12
Cactus,926,14
Cactus,927,14
Cactus,928,17
Cactus,929,13
Cactus,930,10
Cactus,931,21
Cactus,932,20
Cactus,933,13
Cactus,934,10
Cactus,935,12
Cactus,936,13
Cactus,937,17
Cactus,938,14
Cactus,939,15
Cactus,940,11
Cactus,941,17
Cactus,942,16
Cactus,943,14
Cactus,944,19
Cactus,945,8
Cactus,946,12
Cactus,947,17
Cactus,948,17
Cactus,949,13
Cactus,950,11
Cactus,951,10
Cactus,952,13
Cactus,953,10
Cactus,954,14
Cactus,955,8
Cactus,956,15
Cactus,957,13
Cactus,958,14
Cactus,959,14
Cactus,960,11
Cactus,961,13
Cactus,962,18
Cactus,963,14
Cactus,964,9
Cactus,965,19
Cactus,966,13
Cactus,967,15
Cactus,968,19
Cactus,969,14
Cactus,970,15
Cactus,971,15
Cactus,972,10
Cactus,973,9
Cactus,974,10
Cactus,975,13
Cactus,976,16
Cactus,977,8
Cactus,978,13
Cactus,979,16
Cactus,980,11
Cactus,981,15
Cactus,982,16
Cactus,983,12
Cactus,984,25
Cactus,985,18
Cactus,986,13
Cactus,987,11
Cactus,988,8
Cactus,989,16
Cactus,990,14
Cactus,991,8
Cactus,992,17
Cactus,993,15
Cactus,994,15
Cactus,995,17
Cactus,996,14
Cactus,997,11
Cactus,998,7
Cactus,999,9
Cactus,1000,13
Cactus,1001,17
Cactus,1002,17
Cactus,1003,16
Cactus,1004,21
Cactus,1005,13
Cactus,1006,10
Cactus,1007,10
Cactus,1008,9
Cactus,1009,18
Cactus,1010,11
Cactus,1011,14
Cactus,1012,11
Cactus,1013,9
Cactus,1014,9
Cactus,1015,13
Cactus,1016,14
Cactus,1017,12
Cactus,1018,15
Cactus,1019,10
Cactus,1020,18
Cactus,1021,8
Cactus,1022,9
Cactus,1023,18
Cactus,1024,21
Cactus,1025,15
Cactus,1026,12
Cactus,1027,15
Cactus,1028,16
Cactus,1029,14
Cactus,1030,17
Cactus,1031,10
Cactus,1032,10
Cactus,1033,9
Cactus,1034,11
Cactus,1035,11
Cactus,1036,12
Cactus,1037,12
Cactus,1038,15
Cactus,1039,12
Cactus,1040,18
Cactus,1041,16
Cactus,1042,7
Cactus,1043,23
Cactus,1044,12
Cactus,1045,13
Cactus,1046,9
Cactus,1047,9
Cactus,1048,10
Cactus,1049,11
Cactus,1050,10
Cactus,1051,19
Cactus,1052,20
Cactus,1053,17
Cactus,1054,8
Cactus,1055,23
Cactus,1056,13
Cactus,1057,13
Cactus,1058,12
Cactus,1059,12
Cactus,1060,13
Cactus,1061,16
Cactus,1062,11
Cactus,1063,11
Cactus,1064,16
Cactus,1065,11
Cactus,1066,17
Cactus,1067,15
Cactus,1068,11
Cactus,1069,20
Cactus,1070,21
Cactus,1071,13
Cactus,1072,10
Cactus,1073,10
Cactus,1074,11
Cactus,1075,14
Cactus,1076,8
Cactus,1077,15
Cactus,1078,12
Cactus,1079,15
Cactus,1080,11
Cactus,1081,14
Cactus,1082,9
Cactus,1083,11
Cactus,1084,17
Cactus,1085,24
Cactus,1086,9
Cactus,1087,12
Cactus,1088,12
Cactus,1089,13
Cactus,1090,7
Cactus,1091,14
Cactus,1092,17
Cactus,1093,17
Cactus,1094,16
Cactus,1095,13
Cactus,1096,12
Cactus,1097,14
Cactus,1098,12
Cactus,1099,13
Cactus,1100,12
Cactus,1101,13
Cactus,1102,19
Cactus,1103,12
Cactus,1104,27
Cactus,1105,11
Cactus,1106,18
Cactus,1107,16
Cactus,1108,12
Cactus,1109,15
Cactus,1110,17
Cactus,1111,14
Cactus,1112,14
Cactus,1113,16
Cactus,1114,8
Cactus,1115,11
Cactus,1116,14
Cactus,1117,13
Cactus,1118,11
Cactus,1119,12
Cactus,1120,14
Cactus,1121,12
Cactus,1122,11
Cactus,1123,11
Cactus,1124,16
Cactus,1125,17
Cactus,1126,9
Cactus,1127,8
Cactus,1128,10
Cactus,1129,12
Cactus,1130,9
Cactus,1131,10
Cactus,1132,9
Cactus,1133,14
Cactus,1134,14
Cactus,1135,14
Cactus,1136,9
Cactus,1137,18
Cactus,1138,14
Cactus,1139,7
Cactus,1140,16
Cactus,1141,11
Cactus,1142,10
Cactus,1143,16
Cactus,1144,13
Cactus,1145,11
Cactus,1146,17
Cactus,1147,12
Cactus,1148,10
Cactus,1149,12
Cactus,1150,11
Cactus,1151,10
Cactus,1152,9
Cactus,1153,16
Cactus,1154,18
Cactus,1155,14
Cactus,1156,14
Cactus,1157,14
Cactus,1158,9
Cactus,1159,12
Cactus,1160,22
Cactus,1161,14
Cactus,1162,15
Cactus,1163,12
Cactus,1164,10
Cactus,1165,11
Cactus,1166,10
Cactus,1167,21
Cactus,1168,9
Cactus,1169,13
Cactus,1170,18
Cactus,1171,12
Cactus,1172,20
Cactus,1173,13
Cactus,1174,10
Cactus,1175,10
Cactus,1176,15
Cactus,1177,13
Cactus,1178,9
Cactus,1179,14
Cactus,1180,16
Cactus,1181,7
Cactus,1182,10
Cactus,1183,10
Cactus,1184,19
Cactus,1185,10
Cactus,1186,7
Cactus,1187,14
Cactus,1188,10
Cactus,1189,19
Cactus,1190,17
Cactus,1191,15
Cactus,1192,12
Cactus,1193,15
Cactus,1194,13
Cactus,1195,13
Cactus,1196,10
Cactus,1197,7
Cactus,1198,17
Cactus,1199,13
Cactus,1200,13
Cactus,1201,11
Cactus,1202,14
Cactus,1203,14
Cactus,1204,9
Cactus,1205,10
Cactus,1206,15
Cactus,1207,11
Cactus,1208,10
Cactus,1209,22
Cactus,1210,9
Cactus,1211,12
Cactus,1212,20
Cactus,1213,9
Cactus,1214,15
Cactus,1215,14
Cactus,1216,10
Cactus,1217,10
Cactus,1218,8
Cactus,1219,19
Cactus,1220,9
Cactus,1221,9
Cactus,1222,11
Cactus,1223,9
Cactus,1224,20
Cactus,1225,9
Cactus,1226,10
Cactus,1227,9
Cactus,1228,12
Cactus,1229,11
Cactus,1230,8
Cactus,1231,9
Cactus,1232,19
Cactus,1233,12
Cactus,1234,15
Cactus,1235,19
Cactus,1236,20
Cactus,1237,12
Cactus,1238,9
Cactus,1239,13
Cactus,1240,19
Cactus,1241,11
Cactus,1242,10
Cactus,1243,9
Cactus,1244,18
Cactus,1245,11
Cactus,1246,16
Cactus,1247,12
Cactus,1248,16
Cactus,1249,14
Cactus,1250,11
Cactus,1251,10
Cactus,1252,10
Cactus,1253,13
Cactus,1254,10
Cactus,1255,11
Cactus,1256,11
Cactus,1257,8
Cactus,1258,11
Cactus,1259,15
Cactus,1260,13
Cactus,1261,12
Cactus,1262,14
Cactus,1263,17
Cactus,1264,15
Cactus,1265,16
Cactus,1266,8
Cactus,1267,19
Cactus,1268,11
Cactus,1269,11
Cactus,1270,15
Cactus,1271,9
Cactus,1272,18
Cactus,1273,8
Cactus,1274,12
Cactus,1275,9
Cactus,1276,15
Cactus,1277,8
Cactus,1278,8
Cactus,1279,10
Cactus,1280,16
Cactus,1281,11
Cactus,1282,12
Cactus,1283,13
Cactus,1284,19
Cactus,1285,17
Cactus,1286,14
Cactus,1287,10
Cactus,1288,14
Cactus,1289,11
Cactus,1290,14
Cactus,1291,10
Cactus,1292,14
Cactus,1293,12
Cactus,1294,12
Cactus,1295,17
Cactus,1296,7
Cactus,1297,10
Cactus,1298,22
Cactus,1299,10
Cactus,1300,13
Cactus,1301,9
Cactus,1302,10
Cactus,1303,17
Cactus,1304,11
Cactus,1305,17
Cactus,1306,24
Cactus,1307,11
Cactus,1308,8
Cactus,1309,13
Cactus,1310,15
Cactus,1311,16
Cactus,1312,12
Cactus,1313,14
Cactus,1314,17
Cactus,1315,11
Cactus,1316,11
Cactus,1317,10
Cactus,1318,9
Cactus,1319,11
Cactus,1320,10
Cactus,1321,11
Cactus,1322,11
Cactus,1323,22
Cactus,1324,8
Cactus,1325,14
Cactus,1326,20
Cactus,1327,13
Cactus,1328,11
Cactus,1329,12
Cactus,1330,17
Cactus,1331,16
Cactus,1332,15
Cactus,1333,12
Cactus,1334,9
Cactus,1335,15
Cactus,1336,17
Cactus,1337,18
Cactus,1338,14
Cactus,1339,13
Cactus,1340,10
Cactus,1341,9
Cactus,1342,20
Cactus,1343,12
Cactus,1344,15
Cactus,1345,16
Cactus,1346,12
Cactus,1347,8
Cactus,1348,13
Cactus,1349,10
Cactus,1350,11
Cactus,1351,11
Cactus,1352,11
Cactus,1353,13
Cactus,1354,14
Cactus,1355,13
Cactus,1356,14
Cactus,1357,15
Cactus,1358,8
Cactus,1359,11
Cactus,1360,15
Cactus,1361,10
Cactus,1362,14
Cactus,1363,15
Cactus,1364,11
Cactus,1365,15
Cactus,1366,15
Cactus,1367,10
Cactus,1368,9
Cactus,1369,12
Cactus,1370,13
Cactus,1371,8
Cactus,1372,21
Cactus,1373,15
Cactus,1374,11
Cactus,1375,12
Cactus,1376,8
Cactus,1377,15
Cactus,1378,16
Cactus,1379,17
Cactus,1380,12
Cactus,1381,14
Cactus,1382,13
Cactus,1383,10
Cactus,1384,14
Cactus,1385,7
Cactus,1386,15
Cactus,1387,25
Cactus,1388,10
Cactus,1389,8
Cactus,1390,12
Cactus,1391,11
Cactus,1392,10
Cactus,1393,17
Cactus,1394,8
Cactus,1395,9
Cactus,1396,12
Cactus,1397,8
Cactus,1398,12
Cactus,1399,16
Cactus,1400,11
Cactus,1401,10
Cactus,1402,12
Cactus,1403,11
Cactus,1404,11
Cactus,1405,11
Cactus,1406,16
Cactus,1407,11
Cactus,1408,18
Cactus,1409,17
Cactus,1410,13
Cactus,1411,7
Cactus,1412,9
Cactus,1413,10
Cactus,1414,20
Cactus,1415,15
Cactus,1416,12
Cactus,1417,12
Cactus,1418,13
Cactus,1419,12
Cactus,1420,14
Cactus,1421,14
Cactus,1422,14
Cactus,1423,12
Cactus,1424,12
Cactus,1425,15
Cactus,1426,13
Cactus,1427,13
Cactus,1428,8
Cactus,1429,12
Cactus,1430,12
Cactus,1431,13
Cactus,1432,9
Cactus,1433,13
Cactus,1434,11
Cactus,1435,9
Cactus,1436,15
Cactus,1437,7
Cactus,1438,13
Cactus,1439,12
Cactus,1440,14
Cactus,1441,12
Cactus,1442,11
Cactus,1443,11
Cactus,1444,13
Cactus,1445,13
Cactus,1446,14
Cactus,1447,12
Cactus,1448,12
Cactus,1449,11
Cactus,1450,18
Cactus,1451,8
Cactus,1452,10
Cactus,1453,14
Cactus,1454,9
Cactus,1455,14
Cactus,1456,15
Cactus,1457,12
Cactus,1458,12
Cactus,1459,13
Cactus,1460,14
Cactus,1461,11
Cactus,1462,23
Cactus,1463,14
Cactus,1464,9
Cactus,1465,15
Cactus,1466,13
Cactus,1467,20
Cactus,1468,10
Cactus,1469,13
Cactus,1470,11
Cactus,1471,9
Cactus,1472,24
Cactus,1473,10
Cactus,1474,15
Cactus,1475,9
Cactus,1476,9
Cactus,1477,9
Cactus,1478,10
Cactus,1479,11
Cactus,1480,14
Cactus,1481,8
Cactus,1482,17
Cactus,1483,13
Cactus,1484,14
Cactus,1485,18
Cactus,1486,11
Cactus,1487,19
Cactus,1488,17
Cactus,1489,11
Cactus,1490,11
Cactus,1491,10
Cactus,1492,18
Cactus,1493,14
Cactus,1494,14
Cactus,1495,10
Cactus,1496,13
Cactus,1497,23
Cactus,1498,9
Cactus,1499,13
Cactus,1500,10
Cactus,1501,12
Cactus,1502,10
Cactus,1503,12
Cactus,1504,12
Cactus,1505,8
Cactus,1506,14
Cactus,1507,18
Cactus,1508,17
Cactus,1509,14
Cactus,1510,9
Cactus,1511,11
Cactus,1512,8
Cactus,1513,20
Cactus,1514,8
Cactus,1515,14
Cactus,1516,13
Cactus,1517,11
Cactus,1518,12
Cactus,1519,10
Cactus,1520,13
Cactus,1521,15
Cactus,1522,9
Cactus,1523,15
Cactus,1524,10
Cactus,1525,16
Cactus,1526,10
Cactus,1527,16
Cactus,1528,11
Cactus,1529,16
Cactus,1530,18
Cactus,1531,8
Cactus,1532,12
Cactus,1533,11
Cactus,1534,14
Cactus,1535,9
Cactus,1536,17
Cactus,1537,9
Cactus,1538,10
Cactus,1539,14
Cactus,1540,13
Cactus,1541,15
Cactus,1542,15
Cactus,1543,10
Cactus,1544,9
Cactus,1545,8
Cactus,1546,19
Cactus,1547,16
Cactus,1548,9
Cactus,1549,14
Cactus,1550,17
Cactus,1551,15
Cactus,1552,15
Cactus,1553,14
Cactus,1554,12
Cactus,1555,15
Cactus,1556,15
Cactus,1557,18
Cactus,1558,7
Cactus,1559,10
Cactus,1560,10
Cactus,1561,12
Cactus,1562,14
Cactus,1563,12
Cactus,1564,15
Cactus,1565,26
Cactus,1566,12
Cactus,1567,13
Cactus,1568,11
Cactus,1569,18
Cactus,1570,11
Cactus,1571,12
Cactus,1572,14
Cactus,1573,21
Cactus,1574,11
Cactus,1575,17
Cactus,1576,13
Cactus,1577,19
Cactus,1578,13
Cactus,1579,14
Cactus,1580,15
Cactus,1581,12
Cactus,1582,14
Cactus,1583,9
Cactus,1584,15
Cactus,1585,21
Cactus,1586,16
Cactus,1587,10
Cactus,1588,11
Cactus,1589,12
Cactus,1590,10
Cactus,1591,13
Cactus,1592,11
Cactus,1593,15
Cactus,1594,11
Cactus,1595,11
Cactus,1596,14
Cactus,1597,9
Cactus,1598,9
Cactus,1599,12
Cactus,1600,15
Cactus,1601,8
Cactus,1602,16
Cactus,1603,8
Cactus,1604,11
Cactus,1605,16
Cactus,1606,13
Cactus,1607,8
Cactus,1608,9
Cactus,1609,10
Cactus,1610,16
Cactus,1611,12
Cactus,1612,11
Cactus,1613,12
Cactus,1614,11
Cactus,1615,14
Cactus,1616,8
Cactus,1617,8
Cactus,1618,12
Cactus,1619,10
Cactus,1620,16
Cactus,1621,13
Cactus,1622,12
Cactus,1623,15
Cactus,1624,11
Cactus,1625,15
Cactus,1626,12
Cactus,1627,12
Cactus,1628,17
Cactus,1629,20
Cactus,1630,13
Cactus,1631,14
Cactus,1632,17
Cactus,1633,11
Cactus,1634,15
Cactus,1635,13
Cactus,1636,13
Cactus,1637,8
Cactus,1638,11
Cactus,1639,14
Cactus,1640,14
Cactus,1641,11
Cactus,1642,7
Cactus,1643,19
Cactus,1644,18
Cactus,1645,14
Cactus,1646,14
Cactus,1647,18
Cactus,1648,13
Cactus,1649,17
Cactus,1650,19
Cactus,1651,12
Cactus,1652,12
Cactus,1653,9
Cactus,1654,14
Cactus,1655,10
Cactus,1656,12
Cactus,1657,11
Cactus,1658,10
Cactus,1659,11
Cactus,1660,11
Cactus,1661,14
Cactus,1662,16
Cactus,1663,16
Cactus,1664,16
Cactus,1665,10
Cactus,1666,13
Cactus,1667,9
Cactus,1668,9
Cactus,1669,8
Cactus,1670,9
Cactus,1671,16
Cactus,1672,10
Cactus,1673,10
Cactus,1674,14
Cactus,1675,11
Cactus,1676,9
Cactus,1677,12
Cactus,1678,11
Cactus,1679,20
Cactus,1680,13
Cactus,1681,10
Cactus,1682,13
Cactus,1683,9
Cactus,1684,14
Cactus,1685,10
Cactus,1686,20
Cactus,1687,9
Cactus,1688,13
Cactus,1689,13
Cactus,1690,12
Cactus,1691,12
Cactus,1692,15
Cactus,1693,14
Cactus,1694,14
Cactus,1695,16
Cactus,1696,13
Cactus,1697,15
Cactus,1698,16
Cactus,1699,14
Cactus,1700,8
Cactus,1701,14
Cactus,1702,9
Cactus,1703,13
Cactus,1704,10
Cactus,1705,12
Cactus,1706,10
Cactus,1707,12
Cactus,1708,15
Cactus,1709,14
Cactus,1710,11
Cactus,1711,11
Cactus,1712,7
Cactus,1713,10
Cactus,1714,8
Cactus,1715,11
Cactus,1716,13
Cactus,1717,13
Cactus,1718,13
Cactus,1719,12
Cactus,1720,13
Cactus,1721,11
Cactus,1722,15
Cactus,1723,10
Cactus,1724,10
Cactus,1725,8
Cactus,1726,13
Cactus,1727,9
Cactus,1728,11
Cactus,1729,11
Cactus,1730,12
Cactus,1731,22
Cactus,1732,14
Cactus,1733,17
Cactus,1734,11
Cactus,1735,11
Cactus,1736,13
Cactus,1737,9
Cactus,1738,11
Cactus,1739,12
Cactus,1740,10
Cactus,1741,7
Cactus,1742,13
Cactus,1743,13
Cactus,1744,19
Cactus,1745,10
Cactus,1746,12
Cactus,1747,16
Cactus,1748,12
Cactus,1749,10
Cactus,1750,20
Cactus,1751,13
Cactus,1752,14
Cactus,1753,12
Cactus,1754,13
Cactus,1755,16
Cactus,1756,11
Cactus,1757,11
Cactus,1758,11
Cactus,1759,13
Cactus,1760,10
Cactus,1761,10
Cactus,1762,13
Cactus,1763,18
Cactus,1764,18
Cactus,1765,11
Cactus,1766,11
Cactus,1767,16
Cactus,1768,14
Cactus,1769,11
Cactus,1770,9
Cactus,1771,17
Cactus,1772,19
Cactus,1773,12
Cactus,1774,15
Cactus,1775,15
Cactus,1776,15
Cactus,1777,9
Cactus,1778,14
Cactus,1779,13
Cactus,1780,14
Cactus,1781,10
Cactus,1782,11
Cactus,1783,14
Cactus,1784,10
Cactus,1785,10
Cactus,1786,12
Cactus,1787,10
Cactus,1788,8
Cactus,1789,12
Cactus,1790,19
Cactus,1791,18
Cactus,1792,16
Cactus,1793,10
Cactus,1794,13
Cactus,1795,10
Cactus,1796,14
Cactus,1797,13
Cactus,1798,16
Cactus,1799,10
Cactus,1800,13
Cactus,1801,19
Cactus,1802,14
Cactus,1803,12
Cactus,1804,12
Cactus,1805,15
Cactus,1806,14
Cactus,1807,12
Cactus,1808,17
Cactus,1809,22
Cactus,1810,10
Cactus,1811,16
Cactus,1812,10
Cactus,1813,12
Cactus,1814,13
Cactus,1815,12
Cactus,1816,9
Cactus,1817,17
Cactus,1818,11
Cactus,1819,18
Cactus,1820,11
Cactus,1821,16
Cactus,1822,9
Cactus,1823,17
Cactus,1824,11
Cactus,1825,18
Cactus,1826,12
Cactus,1827,11
Cactus,1828,13
Cactus,1829,14
Cactus,1830,23
Cactus,1831,14
Cactus,1832,10
Cactus,1833,11
Cactus,1834,10
Cactus,1835,11
Cactus,1836,12
Cactus,1837,19
Cactus,1838,9
Cactus,1839,15
Cactus,1840,7
Cactus,1841,14
Cactus,1842,9
Cactus,1843,11
Cactus,1844,18
Cactus,1845,14
Cactus,1846,9
Cactus,1847,10
Cactus,1848,12
Cactus,1849,15
Cactus,1850,13
Cactus,1851,13
Cactus,1852,12
Cactus,1853,13
Cactus,1854,7
Cactus,1855,12
Cactus,1856,10
Cactus,1857,16
Cactus,1858,12
Cactus,1859,8
Cactus,1860,10
Cactus,1861,13
Cactus,1862,11
Cactus,1863,10
Cactus,1864,15
Cactus,1865,13
Cactus,1866,9
Cactus,1867,11
Cactus,1868,11
Cactus,1869,16
Cactus,1870,17
Cactus,1871,13
Cactus,1872,10
Cactus,1873,14
Cactus,1874,12
Cactus,1875,17
Cactus,1876,14
Cactus,1877,15
Cactus,1878,11
Cactus,1879,12
Cactus,1880,11
Cactus,1881,12
Cactus,1882,10
Cactus,1883,13
Cactus,1884,11
Cactus,1885,11
Cactus,1886,15
Cactus,1887,16
Cactus,1888,19
Cactus,1889,11
Cactus,1890,21
Cactus,1891,25
Cactus,1892,12
Cactus,1893,13
Cactus,1894,12
Cactus,1895,12
Cactus,1896,8
Cactus,1897,13
Cactus,1898,15
Cactus,1899,14
Cactus,1900,14
Cactus,1901,15
Cactus,1902,13
Cactus,1903,13
Cactus,1904,19
Cactus,1905,15
Cactus,1906,13
Cactus,1907,7
Cactus,1908,19
Cactus,1909,10
Cactus,1910,8
Cactus,1911,10
Cactus,1912,13
Cactus,1913,9
Cactus,1914,9
Cactus,1915,9
Cactus,1916,14
Cactus,1917,11
Cactus,1918,19
Cactus,1919,17
Cactus,1920,12
Cactus,1921,18
Cactus,1922,10
Cactus,1923,8
Cactus,1924,14
Cactus,1925,15
Cactus,1926,12
Cactus,1927,11
Cactus,1928,9
Cactus,1929,10
Cactus,1930,8
Cactus,1931,8
Cactus,1932,16
Cactus,1933,10
Cactus,1934,11
Cactus,1935,14
Cactus,1936,12
Cactus,1937,21
Cactus,1938,17
Cactus,1939,18
Cactus,1940,24
Cactus,1941,15
Cactus,1942,14
Cactus,1943,10
Cactus,1944,12
Cactus,1945,10
Cactus,1946,10
Cactus,1947,20
Cactus,1948,15
Cactus,1949,22
Cactus,1950,20
Cactus,1951,14
Cactus,1952,13
Cactus,1953,10
Cactus,1954,13
Cactus,1955,10
Cactus,1956,12
Cactus,1957,8
Cactus,1958,15
Cactus,1959,20
Cactus,1960,11
Cactus,1961,10
Cactus,1962,9
Cactus,1963,12
Cactus,1964,19
Cactus,1965,16
Cactus,1966,18
Cactus,1967,10
Cactus,1968,12
Cactus,1969,15
Cactus,1970,16
Cactus,1971,12
Cactus,1972,16
Cactus,1973,8
Cactus,1974,10
Cactus,1975,11
Cactus,1976,10
Cactus,1977,12
Cactus,1978,12
Cactus,1979,13
Cactus,1980,12
Cactus,1981,11
Cactus,1982,16
Cactus,1983,11
Cactus,1984,8
Cactus,1985,9
Cactus,1986,21
Cactus,1987,12
Cactus,1988,18
Cactus,1989,16
Cactus,1990,10
Cactus,1991,10
Cactus,1992,13
Cactus,1993,12
Cactus,1994,12
Cactus,1995,17
Cactus,1996,10
Cactus,1997,10
Cactus,1998,21
Cactus,1999,11
Cactus,2000,18
Cactus,2001,13
Cactus,2002,13
Cactus,2003,9
Cactus,2004,16
Cactus,2005,11
Cactus,2006,18
Cactus,2007,11
Cactus,2008,20
Cactus,2009,13
Cactus,2010,15
Cactus,2011,13
Cactus,2012,10
Cactus,2013,11
Cactus,2014,17
Cactus,2015,7
Cactus,2016,13
Cactus,2017,7
Cactus,2018,15
Cactus,2019,8
Cactus,2020,18
Cactus,2021,10
Cactus,2022,12
Cactus,2023,13
Cactus,2024,22
Cactus,2025,19
Cactus,2026,7
Cactus,2027,15
Cactus,2028,18
Cactus,2029,20
Cactus,2030,14
Cactus,2031,13
Cactus,2032,14
Cactus,2033,17
Cactus,2034,10
Cactus,2035,10
Cactus,2036,9
Cactus,2037,12
Cactus,2038,8
Cactus,2039,7
Cactus,2040,17
Cactus,2041,18
Cactus,2042,13
Cactus,2043,11
Cactus,2044,14
Cactus,2045,14
Cactus,2046,13
Cactus,2047,10
Cactus,2048,13
Cactus,2049,10
Cactus,2050,12
Cactus,2051,11
Cactus,2052,9
Cactus,2053,16
Cactus,2054,12
Cactus,2055,11
Cactus,2056,14
Cactus,2057,13
Cactus,2058,10
Cactus,2059,8
Cactus,2060,12
Cactus,2061,14
Cactus,2062,12
Cactus,2063,12
Cactus,2064,10
Cactus,2065,15
Cactus,2066,13
Cactus,2067,9
Cactus,2068,15
Cactus,2069,9
Cactus,2070,12
Cactus,2071,9
Cactus,2072,20
Cactus,2073,17
Cactus,2074,17
Cactus,2075,10
Cactus,2076,12
Cactus,2077,12
Cactus,2078,11
Cactus,2079,12
Cactus,2080,26
Cactus,2081,10
Cactus,2082,15
Cactus,2083,12
Cactus,2084,18
Cactus,2085,8
Cactus,2086,10
Cactus,2087,10
Cactus,2088,14
Cactus,2089,12
Cactus,2090,14
Cactus,2091,10
Cactus,2092,14
Cactus,2093,11
Cactus,2094,10
Cactus,2095,9
Cactus,2096,10
Cactus,2097,15
Cactus,2098,9
Cactus,2099,14
Cactus,2100,22
Cactus,2101,11
Cactus,2102,11
Cactus,2103,15
Cactus,2104,12
Cactus,2105,17
Cactus,2106,10
Cactus,2107,11
Cactus,2108,19
Cactus,2109,8
Cactus,2110,16
Cactus,2111,9
Cactus,2112,13
Cactus,2113,11
Cactus,2114,13
Cactus,2115,13
Cactus,2116,16
Cactus,2117,14
Cactus,2118,9
Cactus,2119,17
Cactus,2120,12
Cactus,2121,16
Cactus,2122,13
Cactus,2123,10
Cactus,2124,17
Cactus,2125,13
Cactus,2126,9
Cactus,2127,17
Cactus,2128,9
Cactus,2129,10
Cactus,2130,21
Cactus,2131,8
Cactus,2132,14
Cactus,2133,14
Cactus,2134,17
Cactus,2135,24
Cactus,2136,9
Cactus,2137,12
Cactus,2138,13
Cactus,2139,16
Cactus,2140,12
Cactus,2141,14
Cactus,2142,15
Cactus,2143,10
Cactus,2144,13
Cactus,2145,13
Cactus,2146,15
Cactus,2147,18
Cactus,2148,10
Cactus,2149,16
Cactus,2150,13
Cactus,2151,12
Cactus,2152,17
Cactus,2153,8
Cactus,2154,9
Cactus,2155,14
Cactus,2156,20
Cactus,2157,11
Cactus,2158,19
Cactus,2159,14
Cactus,2160,10
Cactus,2161,11
Cactus,2162,14
Cactus,2163,14
Cactus,2164,17
Cactus,2165,11
Cactus,2166,9
Cactus,2167,15
Cactus,2168,14
Cactus,2169,10
Cactus,2170,11
Cactus,2171,11
Cactus,2172,14
Cactus,2173,11
Cactus,2174,9
Cactus,2175,19
Cactus,2176,16
Cactus,2177,13
Cactus,2178,15
Cactus,2179,18
Cactus,2180,19
Cactus,2181,10
Cactus,2182,13
Cactus,2183,23
Cactus,2184,14
Cactus,2185,10
Cactus,2186,14
Cactus,2187,20
Cactus,2188,22
Cactus,2189,9
Cactus,2190,8
Cactus,2191,9
Cactus,2192,18
Cactus,2193,11
Cactus,2194,20
Cactus,2195,12
Cactus,2196,10
Cactus,2197,12
Cactus,2198,8
Cactus,2199,12
Cactus,2200,14
Cactus,2201,14
Cactus,2202,9
Cactus,2203,16
Cactus,2204,9
Cactus,2205,10
Cactus,2206,13
Cactus,2207,12
Cactus,2208,13
Cactus,2209,10
Cactus,2210,11
Cactus,2211,17
Cactus,2212,13
Cactus,2213,11
Cactus,2214,20
Cactus,2215,10
Cactus,2216,8
Cactus,2217,13
Cactus,2218,10
Cactus,2219,11
Cactus,2220,18
Cactus,2221,27
Cactus,2222,10
Cactus,2223,18
Cactus,2224,14
Cactus,2225,17
Cactus,2226,10
Cactus,2227,9
Cactus,2228,15
Cactus,2229,9
Cactus,2230,17
Cactus,2231,14
Cactus,2232,11
Cactus,2233,8
Cactus,2234,14
Cactus,2235,16
Cactus,2236,8
Cactus,2237,12
Cactus,2238,9
Cactus,2239,16
Cactus,2240,9
Cactus,2241,7
Cactus,2242,9
Cactus,2243,13
Cactus,2244,14
Cactus,2245,13
Cactus,2246,12
Cactus,2247,13
Cactus,2248,17
Cactus,2249,13
Cactus,2250,13
Cactus,2251,16
Cactus,2252,20
Cactus,2253,11
Cactus,2254,12
Cactus,2255,18
Cactus,2256,15
Cactus,2257,11
Cactus,2258,12
Cactus,2259,16
Cactus,2260,18
Cactus,2261,10
Cactus,2262,9
Cactus,2263,16
Cactus,2264,14
Cactus,2265,9
Cactus,2266,10
Cactus,2267,13
Cactus,2268,7
Cactus,2269,15
Cactus,2270,12
Cactus,2271,15
Cactus,2272,17
Cactus,2273,10
Cactus,2274,7
Cactus,2275,11
Cactus,2276,14
Cactus,2277,17
Cactus,2278,12
Cactus,2279,20
Cactus,2280,10
Cactus,2281,11
Cactus,2282,10
Cactus,2283,15
Cactus,2284,10
Cactus,2285,14
Cactus,2286,13
Cactus,2287,13
Cactus,2288,12
Cactus,2289,10
Cactus,2290,22
Cactus,2291,19
Cactus,2292,16
Cactus,2293,19
Cactus,2294,8
Cactus,2295,10
Cactus,2296,10
Cactus,2297,20
Cactus,2298,14
Cactus,2299,15
Cactus,2300,13
Cactus,2301,13
Cactus,2302,10
Cactus,2303,15
Cactus,2304,17
Cactus,2305,13
Cactus,2306,12
Cactus,2307,10
Cactus,2308,11
Cactus,2309,13
Cactus,2310,13
Cactus,2311,11
Cactus,2312,9
Cactus,2313,12
Cactus,2314,12
Cactus,2315,13
Cactus,2316,11
Cactus,2317,8
Cactus,2318,11
Cactus,2319,10
Cactus,2320,9
Cactus,2321,10
Cactus,2322,15
Cactus,2323,8
Cactus,2324,15
Cactus,2325,14
Cactus,2326,11
Cactus,2327,14
Cactus,2328,11
Cactus,2329,11
Cactus,2330,7
Cactus,2331,13
Cactus,2332,12
Cactus,2333,8
Cactus,2334,9
Cactus,2335,10
Cactus,2336,11
Cactus,2337,13
Cactus,2338,17
Cactus,2339,15
Cactus,2340,11
Cactus,2341,14
Cactus,2342,11
Cactus,2343,15
Cactus,2344,12
Cactus,2345,9
Cactus,2346,12
Cactus,2347,15
Cactus,2348,10
Cactus,2349,12
Cactus,2350,9
Cactus,2351,11
Cactus,2352,9
Cactus,2353,15
Cactus,2354,13
Cactus,2355,14
Cactus,2356,10
Cactus,2357,13
Cactus,2358,11
Cactus,2359,14
Cactus,2360,16
Cactus,2361,14
Cactus,2362,11
Cactus,2363,14
Cactus,2364,16
Cactus,2365,17
Cactus,2366,13
Cactus,2367,15
Cactus,2368,12
Cactus,2369,10
Cactus,2370,14
Cactus,2371,11
Cactus,2372,13
Cactus,2373,15
Cactus,2374,12
Cactus,2375,14
Cactus,2376,21
Cactus,2377,11
Cactus,2378,23
Cactus,2379,17
Cactus,2380,13
Cactus,2381,13
Cactus,2382,12
Cactus,2383,11
Cactus,2384,18
Cactus,2385,9
Cactus,2386,8
Cactus,2387,11
Cactus,2388,14
Cactus,2389,11
Cactus,2390,13
Cactus,2391,10
Cactus,2392,11
Cactus,2393,10
Cactus,2394,11
Cactus,2395,13
Cactus,2396,18
Cactus,2397,14
Cactus,2398,9
Cactus,2399,10
Cactus,2400,10
Cactus,2401,8
Cactus,2402,20
Cactus,2403,10
Cactus,2404,18
Cactus,2405,10
Cactus,2406,21
Cactus,2407,10
Cactus,2408,12
Cactus,2409,11
Cactus,2410,12
Cactus,2411,9
Cactus,2412,14
Cactus,2413,11
Cactus,2414,22
Cactus,2415,10
Cactus,2416,22
Cactus,2417,16
Cactus,2418,21
Cactus,2419,9
Cactus,2420,14
Cactus,2421,13
Cactus,2422,14
Cactus,2423,13
Cactus,2424,12
Cactus,2425,15
Cactus,2426,7
Cactus,2427,10
Cactus,2428,17
Cactus,2429,20
Cactus,2430,12
Cactus,2431,14
Cactus,2432,14
Cactus,2433,27
Cactus,2434,11
Cactus,2435,12
Cactus,2436,13
Cactus,2437,17
Cactus,2438,9
Cactus,2439,11
Cactus,2440,12
Cactus,2441,13
Cactus,2442,14
Cactus,2443,10
Cactus,2444,12
Cactus,2445,18
Cactus,2446,11
Cactus,2447,13
Cactus,2448,11
Cactus,2449,10
Cactus,2450,11
Cactus,2451,10
Cactus,2452,13
Cactus,2453,14
Cactus,2454,14
Cactus,2455,10
Cactus,2456,12
Cactus,2457,15
Cactus,2458,12
Cactus,2459,9
Cactus,2460,10
Cactus,2461,15
Cactus,2462,15
Cactus,2463,11
Cactus,2464,16
Cactus,2465,13
Cactus,2466,21
Cactus,2467,10
Cactus,2468,11
Cactus,2469,22
Cactus,2470,10
Cactus,2471,10
Cactus,2472,13
Cactus,2473,17
Cactus,2474,17
Cactus,2475,9
Cactus,2476,12
Cactus,2477,11
Cactus,2478,13
Cactus,2479,10
Cactus,2480,8
Cactus,2481,11
Cactus,2482,11
Cactus,2483,15
Cactus,2484,14
Cactus,2485,14
Cactus,2486,16
Cactus,2487,17
Cactus,2488,12
Cactus,2489,9
Cactus,2490,8
Cactus,2491,11
Cactus,2492,14
Cactus,2493,13
Cactus,2494,14
Cactus,2495,11
Cactus,2496,10
Cactus,2497,13
Cactus,2498,11
Cactus,2499,10
Cactus,2500,15
Cactus,2501,15
Cactus,2502,13
Cactus,2503,22
Cactus,2504,8
Cactus,2505,13
Cactus,2506,11
Cactus,2507,10
Cactus,2508,20
Cactus,2509,21
Cactus,2510,8
Cactus,2511,11
Cactus,2512,9
Cactus,2513,27
Cactus,2514,12
Cactus,2515,11
Cactus,2516,10
Cactus,2517,15
Cactus,2518,9
Cactus,2519,18
Cactus,2520,15
Cactus,2521,13
Cactus,2522,12
Cactus,2523,13
Cactus,2524,18
Cactus,2525,8
Cactus,2526,9
Cactus,2527,14
Cactus,2528,8
Cactus,2529,17
Cactus,2530,17
Cactus,2531,10
Cactus,2532,13
Cactus,2533,11
Cactus,2534,13
Cactus,2535,20
Cactus,2536,18
Cactus,2537,15
Cactus,2538,16
Cactus,2539,11
Cactus,2540,18
Cactus,2541,13
Cactus,2542,9
Cactus,2543,11
Cactus,2544,13
Cactus,2545,12
Cactus,2546,10
Cactus,2547,13
Cactus,2548,13
Cactus,2549,14
Cactus,2550,10
Cactus,2551,11
Cactus,2552,12
Cactus,2553,10
Cactus,2554,11
Cactus,2555,13
Cactus,2556,12
Cactus,2557,15
Cactus,2558,28
Cactus,2559,17
Cactus,2560,10
Cactus,2561,11
Cactus,2562,10
Cactus,2563,9
Cactus,2564,10
Cactus,2565,9
Cactus,2566,14
Cactus,2567,12
Cactus,2568,14
Cactus,2569,14
Cactus,2570,15
Cactus,2571,11
Cactus,2572,18
Cactus,2573,13
Cactus,2574,12
Cactus,2575,10
Cactus,2576,11
Cactus,2577,11
Cactus,2578,16
Cactus,2579,15
Cactus,2580,13
Cactus,2581,14
Cactus,2582,15
Cactus,2583,13
Cactus,2584,14
Cactus,2585,12
Cactus,2586,21
Cactus,2587,16
Cactus,2588,13
Cactus,2589,7
Cactus,2590,11
Cactus,2591,8
Cactus,2592,14
Cactus,2593,15
Cactus,2594,14
Cactus,2595,9
Cactus,2596,12
Cactus,2597,10
Cactus,2598,13
Cactus,2599,13
Cactus,2600,21
Cactus,2601,10
Cactus,2602,13
Cactus,2603,12
Cactus,2604,21
Cactus,2605,18
Cactus,2606,16
Cactus,2607,9
Cactus,2608,7
Cactus,2609,14
Cactus,2610,13
Cactus,2611,9
Cactus,2612,10
Cactus,2613,12
Cactus,2614,9
Cactus,2615,9
Cactus,2616,11
Cactus,2617,12
Cactus,2618,10
Cactus,2619,12
Cactus,2620,12
Cactus,2621,26
Cactus,2622,19
Cactus,2623,15
Cactus,2624,10
Cactus,2625,15
Cactus,2626,12
Cactus,2627,12
Cactus,2628,13
Cactus,2629,11
Cactus,2630,19
Cactus,2631,13
Cactus,2632,10
Cactus,2633,16
Cactus,2634,14
Cactus,2635,20
Cactus,2636,12
Cactus,2637,8
Cactus,2638,10
Cactus,2639,12
Cactus,2640,8
Cactus,2641,15
Cactus,2642,11
Cactus,2643,13
Cactus,2644,13
Cactus,2645,16
Cactus,2646,13
Cactus,2647,12
Cactus,2648,15
Cactus,2649,13
Cactus,2650,12
Cactus,2651,14
Cactus,2652,11
Cactus,2653,16
Cactus,2654,12
Cactus,2655,19
Cactus,2656,10
Cactus,2657,11
Cactus,2658,12
Cactus,2659,13
Cactus,2660,14
Cactus,2661,9
Cactus,2662,12
Cactus,2663,9
Cactus,2664,9
Cactus,2665,10
Cactus,2666,13
Cactus,2667,15
Cactus,2668,8
Cactus,2669,15
Cactus,2670,8
Cactus,2671,9
Cactus,2672,10
Cactus,2673,11
Cactus,2674,7
Cactus,2675,11
Cactus,2676,11
Cactus,2677,21
Cactus,2678,15
Cactus,2679,15
Cactus,2680,11
Cactus,2681,10
Cactus,2682,9
Cactus,2683,23
Cactus,2684,11
Cactus,2685,11
Cactus,2686,15
Cactus,2687,20
Cactus,2688,12
Cactus,2689,10
Cactus,2690,10
Cactus,2691,12
Cactus,2692,10
Cactus,2693,8
Cactus,2694,14
Cactus,2695,14
Cactus,2696,15
Cactus,2697,14
Cactus,2698,13
Cactus,2699,12
Cactus,2700,15
Cactus,2701,13
Cactus,2702,16
Cactus,2703,13
Cactus,2704,14
Cactus,2705,8
Cactus,2706,11
Cactus,2707,10
Cactus,2708,9
Cactus,2709,16
Cactus,2710,9
Cactus,2711,15
Cactus,2712,13
Cactus,2713,12
Cactus,2714,12
Cactus,2715,14
Cactus,2716,10
Cactus,2717,11
Cactus,2718,14
Cactus,2719,12
Cactus,2720,16
Cactus,2721,11
Cactus,2722,10
Cactus,2723,10
Cactus,2724,10
Cactus,2725,12
Cactus,2726,13
Cactus,2727,12
Cactus,2728,14
Cactus,2729,13
Cactus,2730,12
Cactus,2731,11
Cactus,2732,9
Cactus,2733,15
Cactus,2734,8
Cactus,2735,9
Cactus,2736,11
Cactus,2737,17
Cactus,2738,20
Cactus,2739,17
Cactus,2740,14
Cactus,2741,19
Cactus,2742,14
Cactus,2743,12
Cactus,2744,10
Cactus,2745,11
Cactus,2746,12
Cactus,2747,14
Cactus,2748,15
Cactus,2749,15
Cactus,2750,9
Cactus,2751,7
Cactus,2752,17
Cactus,2753,13
Cactus,2754,9
Cactus,2755,15
Cactus,2756,15
Cactus,2757,12
Cactus,2758,14
Cactus,2759,21
Cactus,2760,10
Cactus,2761,20
Cactus,2762,13
Cactus,2763,9
Cactus,2764,19
Cactus,2765,9
Cactus,2766,12
Cactus,2767,18
Cactus,2768,12
Cactus,2769,14
Cactus,2770,19
Cactus,2771,11
Cactus,2772,11
Cactus,2773,16
Cactus,2774,17
Cactus,2775,11
Cactus,2776,11
Cactus,2777,12
Cactus,2778,14
Cactus,2779,13
Cactus,2780,13
Cactus,2781,9
Cactus,2782,12
Cactus,2783,11
Cactus,2784,14
Cactus,2785,19
Cactus,2786,14
Cactus,2787,15
Cactus,2788,18
Cactus,2789,14
Cactus,2790,11
Cactus,2791,15
Cactus,2792,16
Cactus,2793,13
Cactus,2794,8
Cactus,2795,14
Cactus,2796,12
Cactus,2797,14
Cactus,2798,8
Cactus,2799,10
Cactus,2800,14
Cactus,2801,19
Cactus,2802,13
Cactus,2803,12
Cactus,2804,11
Cactus,2805,13
Cactus,2806,12
Cactus,2807,13
Cactus,2808,14
Cactus,2809,12
Cactus,2810,7
Cactus,2811,11
Cactus,2812,11
Cactus,2813,12
Cactus,2814,15
Cactus,2815,14
Cactus,2816,16
Cactus,2817,11
Cactus,2818,19
Cactus,2819,13
Cactus,2820,10
Cactus,2821,10
Cactus,2822,13
Cactus,2823,10
Cactus,2824,14
Cactus,2825,15
Cactus,2826,9
Cactus,2827,9
Cactus,2828,15
Cactus,2829,18
Cactus,2830,13
Cactus,2831,8
Cactus,2832,17
Cactus,2833,10
Cactus,2834,15
Cactus,2835,14
Cactus,2836,8
Cactus,2837,13
Cactus,2838,21
Cactus,2839,16
Cactus,2840,12
Cactus,2841,11
Cactus,2842,13
Cactus,2843,13
Cactus,2844,14
Cactus,2845,14
Cactus,2846,18
Cactus,2847,11
Cactus,2848,17
Cactus,2849,12
Cactus,2850,11
Cactus,2851,19
Cactus,2852,14
Cactus,2853,18
Cactus,2854,11
Cactus,2855,12
Cactus,2856,13
Cactus,2857,11
Cactus,2858,12
Cactus,2859,10
Cactus,2860,10
Cactus,2861,13
Cactus,2862,18
Cactus,2863,14
Cactus,2864,20
Cactus,2865,16
Cactus,2866,11
Cactus,2867,12
Cactus,2868,10
Cactus,2869,14
Cactus,2870,13
Cactus,2871,14
Cactus,2872,10
Cactus,2873,16
Cactus,2874,10
Cactus,2875,10
Cactus,2876,14
Cactus,2877,14
Cactus,2878,13
Cactus,2879,19
Cactus,2880,12
Cactus,2881,10
Cactus,2882,7
Cactus,2883,13
Cactus,2884,17
Cactus,2885,13
Cactus,2886,13
Cactus,2887,14
Cactus,2888,23
Cactus,2889,10
Cactus,2890,13
Cactus,2891,10
Cactus,2892,12
Cactus,2893,12
Cactus,2894,12
Cactus,2895,12
Cactus,2896,11
Cactus,2897,17
Cactus,2898,9
Cactus,2899,17
Cactus,2900,13
Cactus,2901,13
Cactus,2902,12
Cactus,2903,10
Cactus,2904,14
Cactus,2905,14
Cactus,2906,11
Cactus,2907,11
Cactus,2908,12
Cactus,2909,10
Cactus,2910,16
Cactus,2911,9
Cactus,2912,11
Cactus,2913,15
Cactus,2914,13
Cactus,2915,17
Cactus,2916,15
Cactus,2917,17
Cactus,2918,22
Cactus,2919,18
Cactus,2920,10
Cactus,2921,13
Cactus,2922,14
Cactus,2923,15
Cactus,2924,11
Cactus,2925,9
Cactus,2926,17
Cactus,2927,11
Cactus,2928,12
Cactus,2929,10
Cactus,2930,9
Cactus,2931,11
Cactus,2932,12
Cactus,2933,18
Cactus,2934,14
Cactus,2935,9
Cactus,2936,15
Cactus,2937,14
Cactus,2938,18
Cactus,2939,10
Cactus,2940,13
Cactus,2941,10
Cactus,2942,11
Cactus,2943,9
Cactus,2944,12
Cactus,2945,11
Cactus,2946,9
Cactus,2947,13
Cactus,2948,20
Cactus,2949,10
Cactus,2950,20
Cactus,2951,11
Cactus,2952,14
Cactus,2953,16
Cactus,2954,14
Cactus,2955,10
Cactus,2956,9
Cactus,2957,9
Cactus,2958,16
Cactus,2959,12
Cactus,2960,13
Cactus,2961,14
Cactus,2962,11
Cactus,2963,13
Cactus,2964,12
Cactus,2965,15
Cactus,2966,9
Cactus,2967,16
Cactus,2968,8
Cactus,2969,16
Cactus,2970,10
Cactus,2971,21
Cactus,2972,12
Cactus,2973,11
Cactus,2974,14
Cactus,2975,9
Cactus,2976,12
Cactus,2977,12
Cactus,2978,12
Cactus,2979,13
Cactus,2980,13
Cactus,2981,14
Cactus,2982,17
Cactus,2983,9
Cactus,2984,12
Cactus,2985,13
Cactus,2986,11
Cactus,2987,19
Cactus,2988,14
Cactus,2989,18
Cactus,2990,12
Cactus,2991,17
Cactus,2992,14
Cactus,2993,17
Cactus,2994,8
Cactus,2995,10
Cactus,2996,8
Cactus,2997,10
Cactus,2998,10
Cactus,2999,11
Carrot,0,11
Carrot,1,8
Carrot,2,9
Carrot,3,12
Carrot,4,13
Carrot,5,10
Carrot,6,7
Carrot,7,12
Carrot,8,10
Carrot,9,14
Carrot,10,13
Carrot,11,8
Carrot,12,11
Carrot,13,8
Carrot,14,10
Carrot,15,10
Carrot,16,11
Carrot,17,14
Carrot,18,7
Carrot,19,12
Carrot,20,11
Carrot,21,11
Carrot,22,11
Carrot,23,12
Carrot,24,8
Carrot,25,12
Carrot,26,11
Carrot,27,10
Carrot,28,13
Carrot,29,11
Carrot,30,10
Carrot,31,13
Carrot,32,8
Carrot,33,14
Carrot,34,9
Carrot,35,9
Carrot,36,9
Carrot,37,12
Carrot,38,11
Carrot,39,13
Carrot,40,11
Carrot,41,9
Carrot,42,14
Carrot,43,9
Carrot,44,9
Carrot,45,8
Carrot,46,13
Carrot,47,10
Carrot,48,9
Carrot,49,10
Carrot,50,11
Carrot,51,16
Carrot,52,8
Carrot,53,13
Carrot,54,10
Carrot,55,11
Carrot,56,9
Carrot,57,12
Carrot,58,11
Carrot,59,11
Carrot,60,8
Carrot,61,7
Carrot,62,11
Carrot,63,9
Carrot,64,12
Carrot,65,16
Carrot,66,8
Carrot,67,10
Carrot,68,9
Carrot,69,17
Carrot,70,18
Carrot,71,13
Carrot,72,11
Carrot,73,14
Carrot,74,7
Carrot,75,10
Carrot,76,13
Carrot,77,11
Carrot,78,10
Carrot,79,12
Carrot,80,7
Carrot,81,12
Carrot,82,16
Carrot,83,10
Carrot,84,8
Carrot,85,12
Carrot,86,10
Carrot,87,9
Carrot,88,9
Carrot,89,12
Carrot,90,9
Carrot,91,9
Carrot,92,7
Carrot,93,12
Carrot,94,7
Carrot,95,13
Carrot,96,9
Carrot,97,13
Carrot,98,8
Carrot,99,15
Carrot,100,9
Carrot,101,12
Carrot,102,8
Carrot,103,8
Carrot,104,8
Carrot,105,15
Carrot,106,13
Carrot,107,8
Carrot,108,10
Carrot,109,10
Carrot,110,12
Carrot,111,10
Carrot,112,8
Carrot,113,13
Carrot,114,8
Carrot,115,7
Carrot,116,11
Carrot,117,10
Carrot,118,10
Carrot,119,10
Carrot,120,12
Carrot,121,11
Carrot,122,13
Carrot,123,9
Carrot,124,9
Carrot,125,8
Carrot,126,13
Carrot,127,12
Carrot,128,12
Carrot,129,7
Carrot,130,16
Carrot,131,9
Carrot,132,11
Carrot,133,11
Carrot,134,12
Carrot,135,12
Carrot,136,15
Carrot,137,9
Carrot,138,10
Carrot,139,12
Carrot,140,7
Carrot,141,8
Carrot,142,14
Carrot,143,10
Carrot,144,10
Carrot,145,12
Carrot,146,10
Carrot,147,11
Carrot,148,11
Carrot,149,9
Carrot,150,11
Carrot,151,11
Carrot,152,12
Carrot,153,13
Carrot,154,12
Carrot,155,8
Carrot,156,8
Carrot,157,11
Carrot,158,12
Carrot,159,13
Carrot,160,9
Carrot,161,11
Carrot,162,10
Carrot,163,11
Carrot,164,12
Carrot,165,8
Carrot,166,7
Carrot,167,11
Carrot,168,13
Carrot,169,9
Carrot,170,8
Carrot,171,8
Carrot,172,13
Carrot,173,7
Carrot,174,9
Carrot,175,10
Carrot,176,12
Carrot,177,7
Carrot,178,19
Carrot,179,11
Carrot,180,10
Carrot,181,10
Carrot,182,12
Carrot,183,14
Carrot,184,10
Carrot,185,9
Carrot,186,10
Carrot,187,8
Carrot,188,8
Carrot,189,9
Carrot,190,7
Carrot,191,13
Carrot,192,15
Carrot,193,10
Carrot,194,9
Carrot,195,10
Carrot,196,12
Carrot,197,8
Carrot,198,11
Carrot,199,8
Carrot,200,9
Carrot,201,10
Carrot,202,11
Carrot,203,9
Carrot,204,14
Carrot,205,8
Carrot,206,14
Carrot,207,8
Carrot,208,8
Carrot,209,12
Carrot,210,10
Carrot,211,10
Carrot,212,9
Carrot,213,11
Carrot,214,9
Carrot,215,7
Carrot,216,10
Carrot,217,8
Carrot,218,10
Carrot,219,10
Carrot,220,7
Carrot,221,9
Carrot,222,12
Carrot,223,10
Carrot,224,8
Carrot,225,12
Carrot,226,11
Carrot,227,9
Carrot,228,12
Carrot,229,10
Carrot,230,9
Carrot,231,10
Carrot,232,7
Carrot,233,10
Carrot,234,9
Carrot,235,7
Carrot,236,9
Carrot,237,8
Carrot,238,7
Carrot,239,10
Carrot,240,13
Carrot,241,12
Carrot,242,12
Carrot,243,13
Carrot,244,9
Carrot,245,7
Carrot,246,14
Carrot,247,10
Carrot,248,7
Carrot,249,8
Carrot,250,15
Carrot,251,7
Carrot,252,10
Carrot,253,8
Carrot,254,13
Carrot,255,10
Carrot,256,9
Carrot,257,9
Carrot,258,19
Carrot,259,13
Carrot,260,9
Carrot,261,10
Carrot,262,8
Carrot,263,10
Carrot,264,12
Carrot,265,13
Carrot,266,10
Carrot,267,10
Carrot,268,9
Carrot,269,11
Carrot,270,9
Carrot,271,17
Carrot,272,10
Carrot,273,8
Carrot,274,9
Carrot,275,10
Carrot,276,17
Carrot,277,10
Carrot,278,11
Carrot,279,11
Carrot,280,12
Carrot,281,11
Carrot,282,13
Carrot,283,10
Carrot,284,11
Carrot,285,11
Carrot,286,9
Carrot,287,10
Carrot,288,15
Carrot,289,14
Carrot,290,13
Carrot,291,11
Carrot,292,9
Carrot,293,10
Carrot,294,11
Carrot,295,13
Carrot,296,8
Carrot,297,13
Carrot,298,12
Carrot,299,12
Carrot,300,8
Carrot,301,7
Carrot,302,14
Carrot,303,10
Carrot,304,9
Carrot,305,13
Carrot,306,11
Carrot,307,12
Carrot,308,8
Carrot,309,9
Carrot,310,14
Carrot,311,8
Carrot,312,9
Carrot,313,7
Carrot,314,11
Carrot,315,11
Carrot,316,8
Carrot,317,13
Carrot,318,12
Carrot,319,10
Carrot,320,8
Carrot,321,8
Carrot,322,12
Carrot,323,16
Carrot,324,12
Carrot,325,8
Carrot,326,11
Carrot,327,9
Carrot,328,10
Carrot,329,11
Carrot,330,12
Carrot,331,12
Carrot,332,7
Carrot,333,10
Carrot,334,10
Carrot,335,9
Carrot,336,17
Carrot,337,9
Carrot,338,11
Carrot,339,11
Carrot,340,10
Carrot,341,9
Carrot,342,13
Carrot,343,8
Carrot,344,9
Carrot,345,8
Carrot,346,10
Carrot,347,8
Carrot,348,12
Carrot,349,12
Carrot,350,8
Carrot,351,8
Carrot,352,11
Carrot,353,11
Carrot,354,10
Carrot,355,7
Carrot,356,13
Carrot,357,10
Carrot,358,9
Carrot,359,13
Carrot,360,8
Carrot,361,12
Carrot,362,13
Carrot,363,15
Carrot,364,13
Carrot,365,10
Carrot,366,12
Carrot,367,12
Carrot,368,10
Carrot,369,11
Carrot,370,11
Carrot,371,8
Carrot,372,11
Carrot,373,8
Carrot,374,12
Carrot,375,13
Carrot,376,8
Carrot,377,10
Carrot,378,9
Carrot,379,10
Carrot,380,11
Carrot,381,8
Carrot,382,9
Carrot,383,10
Carrot,384,10
Carrot,385,11
Carrot,386,12
Carrot,387,8
Carrot,388,13
Carrot,389,10
Carrot,390,11
Carrot,391,12
Carrot,392,14
Carrot,393,11
Carrot,394,14
Carrot,395,10
Carrot,396,9
Carrot,397,8
Carrot,398,11
Carrot,399,9
Carrot,400,12
Carrot,401,7
Carrot,402,9
Carrot,403,11
Carrot,404,8
Carrot,405,9
Carrot,406,13
Carrot,407,11
Carrot,408,7
Carrot,409,11
Carrot,410,8
Carrot,411,10
Carrot,412,7
Carrot,413,10
Carrot,414,12
Carrot,415,8
Carrot,416,7
Carrot,417,15
Carrot,418,7
Carrot,419,8
Carrot,420,13
Carrot,421,13
Carrot,422,14
Carrot,423,8
Carrot,424,11
Carrot,425,10
Carrot,426,8
Carrot,427,15
Carrot,428,14
Carrot,429,8
Carrot,430,10
Carrot,431,11
Carrot,432,12
Carrot,433,8
Carrot,434,9
Carrot,435,13
Carrot,436,9
Carrot,437,12
Carrot,438,14
Carrot,439,11
Carrot,440,10
Carrot,441,14
Carrot,442,15
Carrot,443,9
Carrot,444,7
Carrot,445,11
Carrot,446,11
Carrot,447,8
Carrot,448,14
Carrot,449,9
Carrot,450,10
Carrot,451,8
Carrot,452,13
Carrot,453,8
Carrot,454,14
Carrot,455,10
Carrot,456,10
Carrot,457,13
Carrot,458,12
Carrot,459,10
Carrot,460,7
Carrot,461,9
Carrot,462,12
Carrot,463,12
Carrot,464,13
Carrot,465,10
Carrot,466,12
Carrot,467,7
Carrot,468,12
Carrot,469,11
Carrot,470,12
Carrot,471,11
Carrot,472,9
Carrot,473,12
Carrot,474,7
Carrot,475,8
Carrot,476,12
Carrot,477,8
Carrot,478,8
Carrot,479,10
Carrot,480,9
Carrot,481,9
Carrot,482,9
Carrot,483,12
Carrot,484,10
Carrot,485,10
Carrot,486,8
Carrot,487,8
Carrot,488,7
Carrot,489,7
Carrot,490,10
Carrot,491,7
Carrot,492,11
Carrot,493,8
Carrot,494,10
Carrot,495,13
Carrot,496,9
Carrot,497,8
Carrot,498,11
Carrot,499,9
Carrot,500,9
Carrot,501,12
Carrot,502,8
Carrot,503,11
Carrot,504,11
Carrot,505,7
Carrot,506,11
Carrot,507,9
Carrot,508,13
Carrot,509,12
Carrot,510,9
Carrot,511,8
Carrot,512,18
Carrot,513,8
Carrot,514,8
Carrot,515,8
Carrot,516,12
Carrot,517,11
Carrot,518,9
Carrot,519,12
Carrot,520,9
Carrot,521,12
Carrot,522,8
Carrot,523,13
Carrot,524,14
Carrot,525,8
Carrot,526,8
Carrot,527,10
Carrot,528,9
Carrot,529,10
Carrot,530,8
Carrot,531,12
Carrot,532,13
Carrot,533,15
Carrot,534,14
Carrot,535,8
Carrot,536,8
Carrot,537,9
Carrot,538,10
Carrot,539,14
Carrot,540,10
Carrot,541,9
Carrot,542,8
Carrot,543,8
Carrot,544,7
Carrot,545,9
Carrot,546,8
Carrot,547,12
Carrot,548,12
Carrot,549,10
Carrot,550,9
Carrot,551,13
Carrot,552,9
Carrot,553,7
Carrot,554,7
Carrot,555,9
Carrot,556,7
Carrot,557,7
Carrot,558,11
Carrot,559,8
Carrot,560,8
Carrot,561,9
Carrot,562,7
Carrot,563,7
Carrot,564,9
Carrot,565,16
Carrot,566,13
Carrot,567,8
Carrot,568,10
Carrot,569,11
Carrot,570,8
Carrot,571,10
Carrot,572,8
Carrot,573,13
Carrot,574,12
Carrot,575,9
Carrot,576,9
Carrot,577,9
Carrot,578,8
Carrot,579,9
Carrot,580,11
Carrot,581,8
Carrot,582,10
Carrot,583,12
Carrot,584,10
Carrot,585,11
Carrot,586,13
Carrot,587,14
Carrot,588,10
Carrot,589,12
Carrot,590,10
Carrot,591,11
Carrot,592,10
Carrot,593,9
Carrot,594,11
Carrot,595,10
Carrot,596,9
Carrot,597,13
Carrot,598,10
Carrot,599,13
Carrot,600,9
Carrot,601,10
Carrot,602,8
Carrot,603,12
Carrot,604,11
Carrot,605,15
Carrot,606,10
Carrot,607,15
Carrot,608,9
Carrot,609,11
Carrot,610,8
Carrot,611,12
Carrot,612,13
Carrot,613,11
Carrot,614,9
Carrot,615,11
Carrot,616,10
Carrot,617,9
Carrot,618,10
Carrot,619,12
Carrot,620,12
Carrot,621,9
Carrot,622,14
Carrot,623,7
Carrot,624,10
Carrot,625,9
Carrot,626,7
Carrot,627,11
Carrot,628,10
Carrot,629,10
Carrot,630,12
Carrot,631,12
Carrot,632,13
Carrot,633,14
Carrot,634,9
Carrot,635,7
Carrot,636,11
Carrot,637,9
Carrot,638,9
Carrot,639,10
Carrot,640,13
Carrot,641,14
Carrot,642,8
Carrot,643,9
Carrot,644,9
Carrot,645,9
Carrot,646,10
Carrot,647,11
Carrot,648,12
Carrot,649,8
Carrot,650,9
Carrot,651,8
Carrot,652,7
Carrot,653,10
Carrot,654,9
Carrot,655,8
Carrot,656,12
Carrot,657,16
Carrot,658,10
Carrot,659,9
Carrot,660,12
Carrot,661,8
Carrot,662,14
Carrot,663,12
Carrot,664,12
Carrot,665,10
Carrot,666,8
Carrot,667,13
Carrot,668,8
Carrot,669,9
Carrot,670,8
Carrot,671,12
Carrot,672,9
Carrot,673,14
Carrot,674,11
Carrot,675,9
Carrot,676,11
Carrot,677,10
Carrot,678,11
Carrot,679,9
Carrot,680,9
Carrot,681,12
Carrot,682,11
Carrot,683,15
Carrot,684,7
Carrot,685,12
Carrot,686,11
Carrot,687,12
Carrot,688,10
Carrot,689,11
Carrot,690,11
Carrot,691,9
Carrot,692,9
Carrot,693,7
Carrot,694,11
Carrot,695,14
Carrot,696,10
Carrot,697,14
Carrot,698,10
Carrot,699,11
Carrot,700,9
Carrot,701,12
Carrot,702,8
Carrot,703,8
Carrot,704,10
Carrot,705,11
Carrot,706,13
Carrot,707,12
Carrot,708,11
Carrot,709,12
Carrot,710,9
Carrot,711,11
Carrot,712,7
Carrot,713,8
Carrot,714,8
Carrot,715,12
Carrot,716,8
Carrot,717,10
Carrot,718,7
Carrot,719,9
Carrot,720,8
Carrot,721,10
Carrot,722,14
Carrot,723,10
Carrot,724,9
Carrot,725,14
Carrot,726,8
Carrot,727,9
Carrot,728,14
Carrot,729,11
Carrot,730,11
Carrot,731,15
Carrot,732,16
Carrot,733,7
Carrot,734,8
Carrot,735,11
Carrot,736,7
Carrot,737,9
Carrot,738,8
Carrot,739,9
Carrot,740,13
Carrot,741,10
Carrot,742,12
Carrot,743,9
Carrot,744,9
Carrot,745,8
Carrot,746,10
Carrot,747,10
Carrot,748,8
Carrot,749,8
Carrot,750,9
Carrot,751,12
Carrot,752,11
Carrot,753,10
Carrot,754,9
Carrot,755,22
Carrot,756,9
Carrot,757,9
Carrot,758,8
Carrot,759,9
Carrot,760,16
Carrot,761,8
Carrot,762,9
Carrot,763,14
Carrot,764,13
Carrot,765,10
Carrot,766,8
Carrot,767,9
Carrot,768,13
Carrot,769,14
Carrot,770,11
Carrot,771,7
Carrot,772,9
Carrot,773,8
Carrot,774,9
Carrot,775,11
Carrot,776,11
Carrot,777,11
Carrot,778,11
Carrot,779,10
Carrot,780,8
Carrot,781,11
Carrot,782,12
Carrot,783,9
Carrot,784,12
Carrot,785,13
Carrot,786,11
Carrot,787,10
Carrot,788,11
Carrot,789,9
Carrot,790,10
Carrot,791,14
Carrot,792,10
Carrot,793,9
Carrot,794,11
Carrot,795,13
Carrot,796,9
Carrot,797,7
Carrot,798,8
Carrot,799,12
Carrot,800,8
Carrot,801,13
Carrot,802,12
Carrot,803,9
Carrot,804,10
Carrot,805,13
Carrot,806,10
Carrot,807,10
Carrot,808,15
Carrot,809,7
Carrot,810,10
Carrot,811,8
Carrot,812,8
Carrot,813,14
Carrot,814,12
Carrot,815,10
Carrot,816,10
Carrot,817,13
Carrot,818,11
Carrot,819,9
Carrot,820,11
Carrot,821,10
Carrot,822,12
Carrot,823,10
Carrot,824,11
Carrot,825,8
Carrot,826,10
Carrot,827,11
Carrot,828,11
Carrot,829,9
Carrot,830,9
Carrot,831,15
Carrot,832,14
Carrot,833,13
Carrot,834,12
Carrot,835,13
Carrot,836,11
Carrot,837,8
Carrot,838,9
Carrot,839,9
Carrot,840,9
Carrot,841,8
Carrot,842,11
Carrot,843,16
Carrot,844,9
Carrot,845,7
Carrot,846,7
Carrot,847,9
Carrot,848,11
Carrot,849,8
Carrot,850,11
Carrot,851,9
Carrot,852,11
Carrot,853,9
Carrot,854,9
Carrot,855,10
Carrot,856,14
Carrot,857,11
Carrot,858,8
Carrot,859,13
Carrot,860,10
Carrot,861,12
Carrot,862,11
Carrot,863,9
Carrot,864,9
Carrot,865,9
Carrot,866,8
Carrot,867,11
Carrot,868,9
Carrot,869,9
Carrot,870,7
Carrot,871,15
Carrot,872,8
Carrot,873,10
Carrot,874,8
Carrot,875,8
Carrot,876,13
Carrot,877,10
Carrot,878,8
Carrot,879,10
Carrot,880,9
Carrot,881,14
Carrot,882,7
Carrot,883,7
Carrot,884,13
Carrot,885,9
Carrot,886,12
Carrot,887,12
Carrot,888,10
Carrot,889,9
Carrot,890,16
Carrot,891,10
Carrot,892,9
Carrot,893,9
Carrot,894,11
Carrot,895,15
Carrot,896,8
Carrot,897,9
Carrot,898,8
Carrot,899,8
Carrot,900,14
Carrot,901,9
Carrot,902,9
Carrot,903,9
Carrot,904,11
Carrot,905,12
Carrot,906,10
Carrot,907,7
Carrot,908,10
Carrot,909,10
Carrot,910,9
Carrot,911,13
Carrot,912,11
Carrot,913,9
Carrot,914,10
Carrot,915,10
Carrot,916,14
Carrot,917,8
Carrot,918,9
Carrot,919,13
Carrot,920,7
Carrot,921,9
Carrot,922,9
Carrot,923,8
Carrot,924,8
Carrot,925,10
Carrot,926,8
Carrot,927,13
Carrot,928,9
Carrot,929,9
Carrot,930,9
Carrot,931,10
Carrot,932,8
Carrot,933,10
Carrot,934,7
Carrot,935,11
Carrot,936,10
Carrot,937,10
Carrot,938,11
Carrot,939,8
Carrot,940,11
Carrot,941,8
Carrot,942,10
Carrot,943,8
Carrot,944,8
Carrot,945,9
Carrot,946,7
Carrot,947,7
Carrot,948,8
Carrot,949,12
Carrot,950,7
Carrot,951,9
Carrot,952,7
Carrot,953,8
Carrot,954,9
Carrot,955,15
Carrot,956,12
Carrot,957,8
Carrot,958,7
Carrot,959,12
Carrot,960,13
Carrot,961,11
Carrot,962,10
Carrot,963,10
Carrot,964,7
Carrot,965,9
Carrot,966,10
Carrot,967,12
Carrot,968,11
Carrot,969,8
Carrot,970,11
Carrot,971,13
Carrot,972,12
Carrot,973,9
Carrot,974,8
Carrot,975,8
Carrot,976,11
Carrot,977,11
Carrot,978,14
Carrot,979,11
Carrot,980,10
Carrot,981,9
Carrot,982,10
Carrot,983,12
Carrot,984,11
Carrot,985,11
Carrot,986,19
Carrot,987,8
Carrot,988,8
Carrot,989,9
Carrot,990,8
Carrot,991,13
Carrot,992,11
Carrot,993,8
Carrot,994,7
Carrot,995,11
Carrot,996,9
Carrot,997,13
Carrot,998,8
Carrot,999,13
Carrot,1000,9
Carrot,1001,9
Carrot,1002,10
Carrot,1003,11
Carrot,1004,11
Carrot,1005,7
Carrot,1006,15
Carrot,1007,9
Carrot,1008,8
Carrot,1009,8
Carrot,1010,7
Carrot,1011,12
Carrot,1012,9
Carrot,1013,13
Carrot,1014,9
Carrot,1015,11
Carrot,1016,9
Carrot,1017,8
Carrot,1018,12
Carrot,1019,9
Carrot,1020,9
Carrot,1021,11
Carrot,1022,14
Carrot,1023,16
Carrot,1024,17
Carrot,1025,9
Carrot,1026,11
Carrot,1027,12
Carrot,1028,9
Carrot,1029,15
Carrot,1030,9
Carrot,1031,9
Carrot,1032,12
Carrot,1033,9
Carrot,1034,8
Carrot,1035,8
Carrot,1036,11
Carrot,1037,10
Carrot,1038,8
Carrot,1039,10
Carrot,1040,15
Carrot,1041,10
Carrot,1042,8
Carrot,1043,9
Carrot,1044,7
Carrot,1045,9
Carrot,1046,11
Carrot,1047,11
Carrot,1048,15
Carrot,1049,10
Carrot,1050,8
Carrot,1051,8
Carrot,1052,9
Carrot,1053,10
Carrot,1054,17
Carrot,1055,9
Carrot,1056,11
Carrot,1057,9
Carrot,1058,12
Carrot,1059,8
Carrot,1060,9
Carrot,1061,8
Carrot,1062,10
Carrot,1063,8
Carrot,1064,11
Carrot,1065,9
Carrot,1066,8
Carrot,1067,10
Carrot,1068,11
Carrot,1069,9
Carrot,1070,12
Carrot,1071,11
Carrot,1072,15
Carrot,1073,12
Carrot,1074,10
Carrot,1075,10
Carrot,1076,8
Carrot,1077,9
Carrot,1078,7
Carrot,1079,12
Carrot,1080,7
Carrot,1081,8
Carrot,1082,15
Carrot,1083,14
Carrot,1084,10
Carrot,1085,8
Carrot,1086,12
Carrot,1087,11
Carrot,1088,8
Carrot,1089,8
Carrot,1090,11
Carrot,1091,12
Carrot,1092,9
Carrot,1093,10
Carrot,1094,11
Carrot,1095,12
Carrot,1096,10
Carrot,1097,15
Carrot,1098,14
Carrot,1099,10
Carrot,1100,10
Carrot,1101,11
Carrot,1102,13
Carrot,1103,9
Carrot,1104,20
Carrot,1105,12
Carrot,1106,10
Carrot,1107,12
Carrot,1108,9
Carrot,1109,9
Carrot,1110,11
Carrot,1111,19
Carrot,1112,9
Carrot,1113,13
Carrot,1114,11
Carrot,1115,8
Carrot,1116,10
Carrot,1117,9
Carrot,1118,14
Carrot,1119,11
Carrot,1120,11
Carrot,1121,12
Carrot,1122,10
Carrot,1123,12
Carrot,1124,9
Carrot,1125,9
Carrot,1126,11
Carrot,1127,9
Carrot,1128,11
Carrot,1129,9
Carrot,1130,10
Carrot,1131,10
Carrot,1132,10
Carrot,1133,9
Carrot,1134,10
Carrot,1135,9
Carrot,1136,9
Carrot,1137,9
Carrot,1138,13
Carrot,1139,11
Carrot,1140,9
Carrot,1141,10
Carrot,1142,10
Carrot,1143,10
Carrot,1144,13
Carrot,1145,9
Carrot,1146,14
Carrot,1147,11
Carrot,1148,7
Carrot,1149,9
Carrot,1150,18
Carrot,1151,13
Carrot,1152,12
Carrot,1153,7
Carrot,1154,11
Carrot,1155,10
Carrot,1156,14
Carrot,1157,10
Carrot,1158,15
Carrot,1159,9
Carrot,1160,8
Carrot,1161,9
Carrot,1162,8
Carrot,1163,8
Carrot,1164,10
Carrot,1165,10
Carrot,1166,9
Carrot,1167,11
Carrot,1168,9
Carrot,1169,7
Carrot,1170,10
Carrot,1171,10
Carrot,1172,9
Carrot,1173,10
Carrot,1174,8
Carrot,1175,9
Carrot,1176,9
Carrot,1177,8
Carrot,1178,15
Carrot,1179,7
Carrot,1180,8
Carrot,1181,10
Carrot,1182,9
Carrot,1183,16
Carrot,1184,10
Carrot,1185,8
Carrot,1186,14
Carrot,1187,8
Carrot,1188,10
Carrot,1189,8
Carrot,1190,9
Carrot,1191,12
Carrot,1192,8
Carrot,1193,9
Carrot,1194,10
Carrot,1195,9
Carrot,1196,11
Carrot,1197,8
Carrot,1198,11
Carrot,1199,7
Carrot,1200,9
Carrot,1201,8
Carrot,1202,13
Carrot,1203,9
Carrot,1204,11
Carrot,1205,11
Carrot,1206,9
Carrot,1207,11
Carrot,1208,7
Carrot,1209,8
Carrot,1210,13
Carrot,1211,11
Carrot,1212,11
Carrot,1213,8
Carrot,1214,9
Carrot,1215,10
Carrot,1216,11
Carrot,1217,8
Carrot,1218,12
Carrot,1219,11
Carrot,1220,11
Carrot,1221,13
Carrot,1222,11
Carrot,1223,15
Carrot,1224,14
Carrot,1225,8
Carrot,1226,10
Carrot,1227,11
Carrot,1228,10
Carrot,1229,15
Carrot,1230,7
Carrot,1231,10
Carrot,1232,8
Carrot,1233,11
Carrot,1234,13
Carrot,1235,12
Carrot,1236,9
Carrot,1237,13
Carrot,1238,10
Carrot,1239,15
Carrot,1240,14
Carrot,1241,10
Carrot,1242,9
Carrot,1243,10
Carrot,1244,10
Carrot,1245,10
Carrot,1246,11
Carrot,1247,8
Carrot,1248,10
Carrot,1249,9
Carrot,1250,13
Carrot,1251,11
Carrot,1252,10
Carrot,1253,12
Carrot,1254,8
Carrot,1255,15
Carrot,1256,10
Carrot,1257,12
Carrot,1258,11
Carrot,1259,13
Carrot,1260,13
Carrot,1261,8
Carrot,1262,13
Carrot,1263,7
Carrot,1264,18
Carrot,1265,9
Carrot,1266,10
Carrot,1267,9
Carrot,1268,8
Carrot,1269,17
Carrot,1270,8
Carrot,1271,10
Carrot,1272,9
Carrot,1273,11
Carrot,1274,8
Carrot,1275,9
Carrot,1276,8
Carrot,1277,13
Carrot,1278,11
Carrot,1279,12
Carrot,1280,8
Carrot,1281,10
Carrot,1282,11
Carrot,1283,8
Carrot,1284,11
Carrot,1285,10
Carrot,1286,14
Carrot,1287,12
Carrot,1288,9
Carrot,1289,12
Carrot,1290,11
Carrot,1291,7
Carrot,1292,10
Carrot,1293,10
Carrot,1294,7
Carrot,1295,10
Carrot,1296,10
Carrot,1297,10
Carrot,1298,14
Carrot,1299,8
Carrot,1300,12
Carrot,1301,10
Carrot,1302,10
Carrot,1303,9
Carrot,1304,13
Carrot,1305,7
Carrot,1306,7
Carrot,1307,10
Carrot,1308,11
Carrot,1309,8
Carrot,1310,7
Carrot,1311,9
Carrot,1312,10
Carrot,1313,11
Carrot,1314,13
Carrot,1315,12
Carrot,1316,9
Carrot,1317,10
Carrot,1318,9
Carrot,1319,7
Carrot,1320,10
Carrot,1321,18
Carrot,1322,10
Carrot,1323,12
Carrot,1324,11
Carrot,1325,9
Carrot,1326,11
Carrot,1327,12
Carrot,1328,12
Carrot,1329,12
Carrot,1330,12
Carrot,1331,8
Carrot,1332,12
Carrot,1333,8
Carrot,1334,8
Carrot,1335,13
Carrot,1336,8
Carrot,1337,10
Carrot,1338,21
Carrot,1339,8
Carrot,1340,8
Carrot,1341,11
Carrot,1342,14
Carrot,1343,10
Carrot,1344,13
Carrot,1345,8
Carrot,1346,9
Carrot,1347,10
Carrot,1348,8
Carrot,1349,9
Carrot,1350,8
Carrot,1351,8
Carrot,1352,9
Carrot,1353,10
Carrot,1354,8
Carrot,1355,12
Carrot,1356,9
Carrot,1357,11
Carrot,1358,10
Carrot,1359,12
Carrot,1360,9
Carrot,1361,9
Carrot,1362,10
Carrot,1363,9
Carrot,1364,9
Carrot,1365,8
Carrot,1366,9
Carrot,1367,10
Carrot,1368,9
Carrot,1369,10
Carrot,1370,15
Carrot,1371,13
Carrot,1372,11
Carrot,1373,11
Carrot,1374,10
Carrot,1375,12
Carrot,1376,12
Carrot,1377,11
Carrot,1378,9
Carrot,1379,11
Carrot,1380,9
Carrot,1381,7
Carrot,1382,8
Carrot,1383,10
Carrot,1384,9
Carrot,1385,8
Carrot,1386,8
Carrot,1387,9
Carrot,1388,7
Carrot,1389,10
Carrot,1390,9
Carrot,1391,13
Carrot,1392,8
Carrot,1393,10
Carrot,1394,9
Carrot,1395,9
Carrot,1396,9
Carrot,1397,10
Carrot,1398,13
Carrot,1399,9
Carrot,1400,12
Carrot,1401,8
Carrot,1402,8
Carrot,1403,7
Carrot,1404,8
Carrot,1405,12
Carrot,1406,9
Carrot,1407,11
Carrot,1408,10
Carrot,1409,9
Carrot,1410,13
Carrot,1411,13
Carrot,1412,10
Carrot,1413,10
Carrot,1414,12
Carrot,1415,8
Carrot,1416,9
Carrot,1417,10
Carrot,1418,14
Carrot,1419,11
Carrot,1420,9
Carrot,1421,12
Carrot,1422,11
Carrot,1423,9
Carrot,1424,11
Carrot,1425,10
Carrot,1426,10
Carrot,1427,12
Carrot,1428,7
Carrot,1429,15
Carrot,1430,8
Carrot,1431,10
Carrot,1432,9
Carrot,1433,9
Carrot,1434,9
Carrot,1435,7
Carrot,1436,10
Carrot,1437,10
Carrot,1438,9
Carrot,1439,17
Carrot,1440,18
Carrot,1441,15
Carrot,1442,9
Carrot,1443,9
Carrot,1444,11
Carrot,1445,11
Carrot,1446,11
Carrot,1447,9
Carrot,1448,9
Carrot,1449,8
Carrot,1450,8
Carrot,1451,7
Carrot,1452,10
Carrot,1453,10
Carrot,1454,13
Carrot,1455,11
Carrot,1456,10
Carrot,1457,13
Carrot,1458,8
Carrot,1459,12
Carrot,1460,11
Carrot,1461,11
Carrot,1462,10
Carrot,1463,11
Carrot,1464,13
Carrot,1465,12
Carrot,1466,11
Carrot,1467,7
Carrot,1468,9
Carrot,1469,11
Carrot,1470,8
Carrot,1471,15
Carrot,1472,15
Carrot,1473,8
Carrot,1474,12
Carrot,1475,10
Carrot,1476,13
Carrot,1477,14
Carrot,1478,7
Carrot,1479,9
Carrot,1480,12
Carrot,1481,8
Carrot,1482,8
Carrot,1483,10
Carrot,1484,7
Carrot,1485,10
Carrot,1486,11
Carrot,1487,15
Carrot,1488,9
Carrot,1489,14
Carrot,1490,10
Carrot,1491,7
Carrot,1492,10
Carrot,1493,9
Carrot,1494,10
Carrot,1495,11
Carrot,1496,9
Carrot,1497,11
Carrot,1498,11
Carrot,1499,10
Carrot,1500,10
Carrot,1501,9
Carrot,1502,9
Carrot,1503,9
Carrot,1504,10
Carrot,1505,8
Carrot,1506,8
Carrot,1507,10
Carrot,1508,9
Carrot,1509,11
Carrot,1510,19
Carrot,1511,9
Carrot,1512,7
Carrot,1513,7
Carrot,1514,11
Carrot,1515,11
Carrot,1516,9
Carrot,1517,10
Carrot,1518,7
Carrot,1519,7
Carrot,1520,13
Carrot,1521,9
Carrot,1522,12
Carrot,1523,9
Carrot,1524,9
Carrot,1525,9
Carrot,1526,11
Carrot,1527,13
Carrot,1528,8
Carrot,1529,9
Carrot,1530,7
Carrot,1531,13
Carrot,1532,9
Carrot,1533,14
Carrot,1534,10
Carrot,1535,9
Carrot,1536,10
Carrot,1537,16
Carrot,1538,11
Carrot,1539,9
Carrot,1540,7
Carrot,1541,10
Carrot,1542,11
Carrot,1543,7
Carrot,1544,11
Carrot,1545,12
Carrot,1546,11
Carrot,1547,11
Carrot,1548,14
Carrot,1549,9
Carrot,1550,8
Carrot,1551,13
Carrot,1552,14
Carrot,1553,13
Carrot,1554,10
Carrot,1555,9
Carrot,1556,11
Carrot,1557,10
Carrot,1558,8
Carrot,1559,7
Carrot,1560,10
Carrot,1561,15
Carrot,1562,11
Carrot,1563,11
Carrot,1564,13
Carrot,1565,15
Carrot,1566,11
Carrot,1567,13
Carrot,1568,11
Carrot,1569,7
Carrot,1570,9
Carrot,1571,10
Carrot,1572,11
Carrot,1573,14
Carrot,1574,9
Carrot,1575,12
Carrot,1576,10
Carrot,1577,11
Carrot,1578,8
Carrot,1579,9
Carrot,1580,10
Carrot,1581,10
Carrot,1582,13
Carrot,1583,8
Carrot,1584,12
Carrot,1585,10
Carrot,1586,13
Carrot,1587,12
Carrot,1588,17
Carrot,1589,11
Carrot,1590,10
Carrot,1591,8
Carrot,1592,8
Carrot,1593,9
Carrot,1594,8
Carrot,1595,11
Carrot,1596,9
Carrot,1597,13
Carrot,1598,12
Carrot,1599,8
Carrot,1600,12
Carrot,1601,11
Carrot,1602,10
Carrot,1603,12
Carrot,1604,17
Carrot,1605,8
Carrot,1606,12
Carrot,1607,8
Carrot,1608,10
Carrot,1609,13
Carrot,1610,14
Carrot,1611,10
Carrot,1612,7
Carrot,1613,9
Carrot,1614,9
Carrot,1615,14
Carrot,1616,13
Carrot,1617,10
Carrot,1618,12
Carrot,1619,10
Carrot,1620,10
Carrot,1621,10
Carrot,1622,12
Carrot,1623,9
Carrot,1624,8
Carrot,1625,8
Carrot,1626,7
Carrot,1627,11
Carrot,1628,11
Carrot,1629,8
Carrot,1630,8
Carrot,1631,9
Carrot,1632,11
Carrot,1633,10
Carrot,1634,9
Carrot,1635,11
Carrot,1636,11
Carrot,1637,11
Carrot,1638,8
Carrot,1639,13
Carrot,1640,9
Carrot,1641,13
Carrot,1642,10
Carrot,1643,13
Carrot,1644,12
Carrot,1645,8
Carrot,1646,9
Carrot,1647,13
Carrot,1648,9
Carrot,1649,8
Carrot,1650,13
Carrot,1651,10
Carrot,1652,12
Carrot,1653,14
Carrot,1654,7
Carrot,1655,7
Carrot,1656,8
Carrot,1657,11
Carrot,1658,7
Carrot,1659,13
Carrot,1660,9
Carrot,1661,10
Carrot,1662,9
Carrot,1663,8
Carrot,1664,10
Carrot,1665,9
Carrot,1666,9
Carrot,1667,11
Carrot,1668,8
Carrot,1669,10
Carrot,1670,10
Carrot,1671,8
Carrot,1672,8
Carrot,1673,9
Carrot,1674,11
Carrot,1675,10
Carrot,1676,10
Carrot,1677,8
Carrot,1678,10
Carrot,1679,9
Carrot,1680,8
Carrot,1681,9
Carrot,1682,12
Carrot,1683,10
Carrot,1684,7
Carrot,1685,10
Carrot,1686,9
Carrot,1687,7
Carrot,1688,9
Carrot,1689,9
Carrot,1690,18
Carrot,1691,12
Carrot,1692,10
Carrot,1693,12
Carrot,1694,8
Carrot,1695,9
Carrot,1696,10
Carrot,1697,8
Carrot,1698,13
Carrot,1699,11
Carrot,1700,8
Carrot,1701,9
Carrot,1702,12
Carrot,1703,11
Carrot,1704,11
Carrot,1705,14
Carrot,1706,11
Carrot,1707,8
Carrot,1708,14
Carrot,1709,9
Carrot,1710,10
Carrot,1711,10
Carrot,1712,10
Carrot,1713,9
Carrot,1714,8
Carrot,1715,10
Carrot,1716,7
Carrot,1717,7
Carrot,1718,9
Carrot,1719,8
Carrot,1720,10
Carrot,1721,9
Carrot,1722,9
Carrot,1723,8
Carrot,1724,10
Carrot,1725,7
Carrot,1726,10
Carrot,1727,11
Carrot,1728,12
Carrot,1729,12
Carrot,1730,10
Carrot,1731,12
Carrot,1732,11
Carrot,1733,11
Carrot,1734,10
Carrot,1735,8
Carrot,1736,13
Carrot,1737,11
Carrot,1738,8
Carrot,1739,8
Carrot,1740,8
Carrot,1741,9
Carrot,1742,9
Carrot,1743,11
Carrot,1744,10
Carrot,1745,10
Carrot,1746,13
Carrot,1747,13
Carrot,1748,9
Carrot,1749,10
Carrot,1750,13
Carrot,1751,8
Carrot,1752,12
Carrot,1753,8
Carrot,1754,8
Carrot,1755,10
Carrot,1756,11
Carrot,1757,10
Carrot,1758,10
Carrot,1759,10
Carrot,1760,10
Carrot,1761,8
Carrot,1762,12
Carrot,1763,9
Carrot,1764,12
Carrot,1765,11
Carrot,1766,12
Carrot,1767,10
Carrot,1768,8
Carrot,1769,7
Carrot,1770,10
Carrot,1771,10
Carrot,1772,7
Carrot,1773,13
Carrot,1774,11
Carrot,1775,13
Carrot,1776,11
Carrot,1777,11
Carrot,1778,10
Carrot,1779,10
Carrot,1780,10
Carrot,1781,11
Carrot,1782,13
Carrot,1783,12
Carrot,1784,11
Carrot,1785,12
Carrot,1786,9
Carrot,1787,9
Carrot,1788,12
Carrot,1789,12
Carrot,1790,8
Carrot,1791,8
Carrot,1792,9
Carrot,1793,10
Carrot,1794,10
Carrot,1795,15
Carrot,1796,10
Carrot,1797,11
Carrot,1798,13
Carrot,1799,11
Carrot,1800,10
Carrot,1801,9
Carrot,1802,12
Carrot,1803,9
Carrot,1804,8
Carrot,1805,9
Carrot,1806,9
Carrot,1807,9
Carrot,1808,8
Carrot,1809,11
Carrot,1810,12
Carrot,1811,9
Carrot,1812,7
Carrot,1813,8
Carrot,1814,9
Carrot,1815,10
Carrot,1816,10
Carrot,1817,12
Carrot,1818,8
Carrot,1819,9
Carrot,1820,8
Carrot,1821,11
Carrot,1822,11
Carrot,1823,9
Carrot,1824,11
Carrot,1825,12
Carrot,1826,16
Carrot,1827,7
Carrot,1828,11
Carrot,1829,13
Carrot,1830,13
Carrot,1831,8
Carrot,1832,10
Carrot,1833,14
Carrot,1834,12
Carrot,1835,8
Carrot,1836,8
Carrot,1837,11
Carrot,1838,8
Carrot,1839,10
Carrot,1840,7
Carrot,1841,9
Carrot,1842,7
Carrot,1843,11
Carrot,1844,7
Carrot,1845,10
Carrot,1846,11
Carrot,1847,7
Carrot,1848,8
Carrot,1849,10
Carrot,1850,8
Carrot,1851,10
Carrot,1852,11
Carrot,1853,10
Carrot,1854,8
Carrot,1855,9
Carrot,1856,9
Carrot,1857,9
Carrot,1858,12
Carrot,1859,10
Carrot,1860,14
Carrot,1861,9
Carrot,1862,13
Carrot,1863,10
Carrot,1864,14
Carrot,1865,13
Carrot,1866,11
Carrot,1867,13
Carrot,1868,8
Carrot,1869,13
Carrot,1870,14
Carrot,1871,11
Carrot,1872,8
Carrot,1873,12
Carrot,1874,8
Carrot,1875,15
Carrot,1876,10
Carrot,1877,9
Carrot,1878,12
Carrot,1879,11
Carrot,1880,10
Carrot,1881,7
Carrot,1882,12
Carrot,1883,16
Carrot,1884,14
Carrot,1885,8
Carrot,1886,11
Carrot,1887,10
Carrot,1888,7
Carrot,1889,10
Carrot,1890,13
Carrot,1891,10
Carrot,1892,11
Carrot,1893,13
Carrot,1894,11
Carrot,1895,13
Carrot,1896,16
Carrot,1897,9
Carrot,1898,8
Carrot,1899,10
Carrot,1900,7
Carrot,1901,10
Carrot,1902,18
Carrot,1903,8
Carrot,1904,9
Carrot,1905,13
Carrot,1906,12
Carrot,1907,9
Carrot,1908,8
Carrot,1909,10
Carrot,1910,9
Carrot,1911,10
Carrot,1912,7
Carrot,1913,9
Carrot,1914,7
Carrot,1915,12
Carrot,1916,12
Carrot,1917,12
Carrot,1918,7
Carrot,1919,12
Carrot,1920,15
Carrot,1921,8
Carrot,1922,12
Carrot,1923,8
Carrot,1924,11
Carrot,1925,15
Carrot,1926,12
Carrot,1927,10
Carrot,1928,10
Carrot,1929,13
Carrot,1930,8
Carrot,1931,13
Carrot,1932,9
Carrot,1933,14
Carrot,1934,9
Carrot,1935,10
Carrot,1936,14
Carrot,1937,8
Carrot,1938,9
Carrot,1939,10
Carrot,1940,10
Carrot,1941,12
Carrot,1942,14
Carrot,1943,13
Carrot,1944,11
Carrot,1945,14
Carrot,1946,12
Carrot,1947,8
Carrot,1948,7
Carrot,1949,13
Carrot,1950,13
Carrot,1951,10
Carrot,1952,9
Carrot,1953,13
Carrot,1954,7
Carrot,1955,9
Carrot,1956,10
Carrot,1957,10
Carrot,1958,11
Carrot,1959,10
Carrot,1960,13
Carrot,1961,11
Carrot,1962,8
Carrot,1963,9
Carrot,1964,9
Carrot,1965,14
Carrot,1966,9
Carrot,1967,14
Carrot,1968,8
Carrot,1969,11
Carrot,1970,10
Carrot,1971,10
Carrot,1972,9
Carrot,1973,12
Carrot,1974,9
Carrot,1975,8
Carrot,1976,9
Carrot,1977,12
Carrot,1978,8
Carrot,1979,7
Carrot,1980,13
Carrot,1981,9
Carrot,1982,12
Carrot,1983,13
Carrot,1984,11
Carrot,1985,12
Carrot,1986,9
Carrot,1987,10
Carrot,1988,8
Carrot,1989,13
Carrot,1990,9
Carrot,1991,9
Carrot,1992,11
Carrot,1993,12
Carrot,1994,8
Carrot,1995,10
Carrot,1996,10
Carrot,1997,12
Carrot,1998,11
Carrot,1999,13
Carrot,2000,8
Carrot,2001,10
Carrot,2002,11
Carrot,2003,11
Carrot,2004,12
Carrot,2005,9
Carrot,2006,7
Carrot,2007,16
Carrot,2008,11
Carrot,2009,10
Carrot,2010,9
Carrot,2011,8
Carrot,2012,9
Carrot,2013,16
Carrot,2014,9
Carrot,2015,12
Carrot,2016,8
Carrot,2017,9
Carrot,2018,12
Carrot,2019,10
Carrot,2020,19
Carrot,2021,8
Carrot,2022,11
Carrot,2023,8
Carrot,2024,11
Carrot,2025,15
Carrot,2026,11
Carrot,2027,8
Carrot,2028,10
Carrot,2029,8
Carrot,2030,13
Carrot,2031,12
Carrot,2032,18
Carrot,2033,8
Carrot,2034,8
Carrot,2035,17
Carrot,2036,8
Carrot,2037,16
Carrot,2038,10
Carrot,2039,10
Carrot,2040,13
Carrot,2041,15
Carrot,2042,9
Carrot,2043,9
Carrot,2044,8
Carrot,2045,8
Carrot,2046,11
Carrot,2047,10
Carrot,2048,9
Carrot,2049,10
Carrot,2050,11
Carrot,2051,13
Carrot,2052,13
Carrot,2053,8
Carrot,2054,10
Carrot,2055,7
Carrot,2056,14
Carrot,2057,16
Carrot,2058,10
Carrot,2059,9
Carrot,2060,8
Carrot,2061,10
Carrot,2062,8
Carrot,2063,13
Carrot,2064,12
Carrot,2065,10
Carrot,2066,8
Carrot,2067,10
Carrot,2068,14
Carrot,2069,9
Carrot,2070,13
Carrot,2071,7
Carrot,2072,11
Carrot,2073,9
Carrot,2074,7
Carrot,2075,10
Carrot,2076,11
Carrot,2077,8
Carrot,2078,10
Carrot,2079,8
Carrot,2080,7
Carrot,2081,12
Carrot,2082,10
Carrot,2083,10
Carrot,2084,8
Carrot,2085,8
Carrot,2086,13
Carrot,2087,17
Carrot,2088,8
Carrot,2089,11
Carrot,2090,13
Carrot,2091,12
Carrot,2092,8
Carrot,2093,10
Carrot,2094,12
Carrot,2095,14
Carrot,2096,9
Carrot,2097,10
Carrot,2098,10
Carrot,2099,9
Carrot,2100,10
Carrot,2101,14
Carrot,2102,15
Carrot,2103,8
Carrot,2104,11
Carrot,2105,12
Carrot,2106,7
Carrot,2107,13
Carrot,2108,13
Carrot,2109,8
Carrot,2110,13
Carrot,2111,12
Carrot,2112,9
Carrot,2113,16
Carrot,2114,8
Carrot,2115,7
Carrot,2116,13
Carrot,2117,9
Carrot,2118,11
Carrot,2119,11
Carrot,2120,8
Carrot,2121,10
Carrot,2122,11
Carrot,2123,14
Carrot,2124,10
Carrot,2125,9
Carrot,2126,9
Carrot,2127,7
Carrot,2128,12
Carrot,2129,8
Carrot,2130,8
Carrot,2131,9
Carrot,2132,8
Carrot,2133,10
Carrot,2134,13
Carrot,2135,9
Carrot,2136,9
Carrot,2137,9
Carrot,2138,15
Carrot,2139,9
Carrot,2140,12
Carrot,2141,10
Carrot,2142,16
Carrot,2143,12
Carrot,2144,8
Carrot,2145,12
Carrot,2146,16
Carrot,2147,13
Carrot,2148,9
Carrot,2149,9
Carrot,2150,9
Carrot,2151,17
Carrot,2152,10
Carrot,2153,13
Carrot,2154,9
Carrot,2155,11
Carrot,2156,8
Carrot,2157,11
Carrot,2158,10
Carrot,2159,8
Carrot,2160,9
Carrot,2161,8
Carrot,2162,9
Carrot,2163,9
Carrot,2164,9
Carrot,2165,8
Carrot,2166,13
Carrot,2167,11
Carrot,2168,9
Carrot,2169,11
Carrot,2170,10
Carrot,2171,9
Carrot,2172,11
Carrot,2173,8
Carrot,2174,7
Carrot,2175,11
Carrot,2176,7
Carrot,2177,15
Carrot,2178,9
Carrot,2179,9
Carrot,2180,11
Carrot,2181,8
Carrot,2182,10
Carrot,2183,7
Carrot,2184,11
Carrot,2185,9
Carrot,2186,11
Carrot,2187,11
Carrot,2188,12
Carrot,2189,10
Carrot,2190,11
Carrot,2191,9
Carrot,2192,8
Carrot,2193,10
Carrot,2194,9
Carrot,2195,9
Carrot,2196,11
Carrot,2197,11
Carrot,2198,8
Carrot,2199,8
Carrot,2200,8
Carrot,2201,8
Carrot,2202,14
Carrot,2203,10
Carrot,2204,13
Carrot,2205,12
Carrot,2206,8
Carrot,2207,10
Carrot,2208,11
Carrot,2209,10
Carrot,2210,10
Carrot,2211,9
Carrot,2212,13
Carrot,2213,9
Carrot,2214,10
Carrot,2215,7
Carrot,2216,9
Carrot,2217,8
Carrot,2218,10
Carrot,2219,7
Carrot,2220,8
Carrot,2221,11
Carrot,2222,9
Carrot,2223,11
Carrot,2224,10
Carrot,2225,12
Carrot,2226,11
Carrot,2227,10
Carrot,2228,12
Carrot,2229,9
Carrot,2230,12
Carrot,2231,17
Carrot,2232,9
Carrot,2233,12
Carrot,2234,10
Carrot,2235,14
Carrot,2236,8
Carrot,2237,9
Carrot,2238,11
Carrot,2239,8
Carrot,2240,9
Carrot,2241,17
Carrot,2242,11
Carrot,2243,8
Carrot,2244,12
Carrot,2245,10
Carrot,2246,13
Carrot,2247,11
Carrot,2248,8
Carrot,2249,9
Carrot,2250,15
Carrot,2251,12
Carrot,2252,8
Carrot,2253,9
Carrot,2254,10
Carrot,2255,11
Carrot,2256,12
Carrot,2257,9
Carrot,2258,9
Carrot,2259,10
Carrot,2260,13
Carrot,2261,14
Carrot,2262,10
Carrot,2263,11
Carrot,2264,9
Carrot,2265,9
Carrot,2266,9
Carrot,2267,11
Carrot,2268,11
Carrot,2269,10
Carrot,2270,9
Carrot,2271,11
Carrot,2272,9
Carrot,2273,9
Carrot,2274,14
Carrot,2275,8
Carrot,2276,13
Carrot,2277,11
Carrot,2278,8
Carrot,2279,8
Carrot,2280,10
Carrot,2281,11
Carrot,2282,8
Carrot,2283,11
Carrot,2284,7
Carrot,2285,15
Carrot,2286,10
Carrot,2287,10
Carrot,2288,15
Carrot,2289,9
Carrot,2290,8
Carrot,2291,9
Carrot,2292,8
Carrot,2293,9
Carrot,2294,11
Carrot,2295,12
Carrot,2296,9
Carrot,2297,8
Carrot,2298,8
Carrot,2299,9
Carrot,2300,13
Carrot,2301,11
Carrot,2302,11
Carrot,2303,8
Carrot,2304,8
Carrot,2305,9
Carrot,2306,8
Carrot,2307,13
Carrot,2308,11
Carrot,2309,11
Carrot,2310,14
Carrot,2311,9
Carrot,2312,9
Carrot,2313,15
Carrot,2314,10
Carrot,2315,10
Carrot,2316,12
Carrot,2317,8
Carrot,2318,7
Carrot,2319,12
Carrot,2320,10
Carrot,2321,10
Carrot,2322,12
Carrot,2323,9
Carrot,2324,9
Carrot,2325,10
Carrot,2326,11
Carrot,2327,7
Carrot,2328,18
Carrot,2329,8
Carrot,2330,14
Carrot,2331,9
Carrot,2332,8
Carrot,2333,14
Carrot,2334,14
Carrot,2335,12
Carrot,2336,7
Carrot,2337,9
Carrot,2338,9
Carrot,2339,12
Carrot,2340,9
Carrot,2341,10
Carrot,2342,7
Carrot,2343,9
Carrot,2344,10
Carrot,2345,13
Carrot,2346,10
Carrot,2347,10
Carrot,2348,9
Carrot,2349,10
Carrot,2350,17
Carrot,2351,11
Carrot,2352,8
Carrot,2353,9
Carrot,2354,13
Carrot,2355,8
Carrot,2356,7
Carrot,2357,12
Carrot,2358,14
Carrot,2359,13
Carrot,2360,8
Carrot,2361,9
Carrot,2362,12
Carrot,2363,10
Carrot,2364,8
Carrot,2365,13
Carrot,2366,10
Carrot,2367,16
Carrot,2368,9
Carrot,2369,9
Carrot,2370,12
Carrot,2371,12
Carrot,2372,11
Carrot,2373,10
Carrot,2374,8
Carrot,2375,10
Carrot,2376,10
Carrot,2377,11
Carrot,2378,8
Carrot,2379,11
Carrot,2380,10
Carrot,2381,13
Carrot,2382,9
Carrot,2383,14
Carrot,2384,10
Carrot,2385,10
Carrot,2386,12
Carrot,2387,14
Carrot,2388,10
Carrot,2389,8
Carrot,2390,10
Carrot,2391,8
Carrot,2392,9
Carrot,2393,10
Carrot,2394,10
Carrot,2395,13
Carrot,2396,8
Carrot,2397,7
Carrot,2398,9
Carrot,2399,10
Carrot,2400,9
Carrot,2401,10
Carrot,2402,9
Carrot,2403,9
Carrot,2404,7
Carrot,2405,10
Carrot,2406,11
Carrot,2407,7
Carrot,2408,12
Carrot,2409,7
Carrot,2410,11
Carrot,2411,8
Carrot,2412,7
Carrot,2413,7
Carrot,2414,13
Carrot,2415,7
Carrot,2416,7
Carrot,2417,9
Carrot,2418,9
Carrot,2419,15
Carrot,2420,15
Carrot,2421,15
Carrot,2422,11
Carrot,2423,12
Carrot,2424,9
Carrot,2425,12
Carrot,2426,11
Carrot,2427,11
Carrot,2428,10
Carrot,2429,9
Carrot,2430,8
Carrot,2431,8
Carrot,2432,9
Carrot,2433,10
Carrot,2434,11
Carrot,2435,12
Carrot,2436,14
Carrot,2437,8
Carrot,2438,7
Carrot,2439,9
Carrot,2440,8
Carrot,2441,14
Carrot,2442,10
Carrot,2443,8
Carrot,2444,11
Carrot,2445,12
Carrot,2446,16
Carrot,2447,9
Carrot,2448,10
Carrot,2449,15
Carrot,2450,15
Carrot,2451,13
Carrot,2452,8
Carrot,2453,7
Carrot,2454,10
Carrot,2455,11
Carrot,2456,11
Carrot,2457,9
Carrot,2458,8
Carrot,2459,12
Carrot,2460,11
Carrot,2461,12
Carrot,2462,12
Carrot,2463,14
Carrot,2464,13
Carrot,2465,9
Carrot,2466,11
Carrot,2467,9
Carrot,2468,11
Carrot,2469,9
Carrot,2470,16
Carrot,2471,11
Carrot,2472,9
Carrot,2473,18
Carrot,2474,10
Carrot,2475,11
Carrot,2476,12
Carrot,2477,8
Carrot,2478,14
Carrot,2479,8
Carrot,2480,11
Carrot,2481,8
Carrot,2482,8
Carrot,2483,7
Carrot,2484,7
Carrot,2485,12
Carrot,2486,12
Carrot,2487,11
Carrot,2488,11
Carrot,2489,9
Carrot,2490,10
Carrot,2491,9
Carrot,2492,9
Carrot,2493,9
Carrot,2494,12
Carrot,2495,8
Carrot,2496,14
Carrot,2497,9
Carrot,2498,7
Carrot,2499,9
Carrot,2500,10
Carrot,2501,10
Carrot,2502,8
Carrot,2503,10
Carrot,2504,8
Carrot,2505,9
Carrot,2506,8
Carrot,2507,8
Carrot,2508,8
Carrot,2509,11
Carrot,2510,11
Carrot,2511,11
Carrot,2512,11
Carrot,2513,10
Carrot,2514,10
Carrot,2515,18
Carrot,2516,11
Carrot,2517,16
Carrot,2518,11
Carrot,2519,10
Carrot,2520,11
Carrot,2521,12
Carrot,2522,11
Carrot,2523,14
Carrot,2524,10
Carrot,2525,9
Carrot,2526,9
Carrot,2527,9
Carrot,2528,10
Carrot,2529,12
Carrot,2530,14
Carrot,2531,9
Carrot,2532,9
Carrot,2533,8
Carrot,2534,9
Carrot,2535,10
Carrot,2536,8
Carrot,2537,17
Carrot,2538,10
Carrot,2539,10
Carrot,2540,9
Carrot,2541,12
Carrot,2542,8
Carrot,2543,8
Carrot,2544,12
Carrot,2545,12
Carrot,2546,8
Carrot,2547,7
Carrot,2548,11
Carrot,2549,11
Carrot,2550,7
Carrot,2551,11
Carrot,2552,12
Carrot,2553,8
Carrot,2554,8
Carrot,2555,13
Carrot,2556,9
Carrot,2557,13
Carrot,2558,11
Carrot,2559,9
Carrot,2560,11
Carrot,2561,8
Carrot,2562,10
Carrot,2563,9
Carrot,2564,7
Carrot,2565,8
Carrot,2566,12
Carrot,2567,10
Carrot,2568,10
Carrot,2569,10
Carrot,2570,10
Carrot,2571,9
Carrot,2572,12
Carrot,2573,8
Carrot,2574,8
Carrot,2575,10
Carrot,2576,12
Carrot,2577,8
Carrot,2578,10
Carrot,2579,9
Carrot,2580,9
Carrot,2581,11
Carrot,2582,11
Carrot,2583,10
Carrot,2584,11
Carrot,2585,10
Carrot,2586,8
Carrot,2587,8
Carrot,2588,9
Carrot,2589,10
Carrot,2590,8
Carrot,2591,12
Carrot,2592,8
Carrot,2593,8
Carrot,2594,9
Carrot,2595,10
Carrot,2596,9
Carrot,2597,10
Carrot,2598,11
Carrot,2599,14
Carrot,2600,11
Carrot,2601,7
Carrot,2602,11
Carrot,2603,10
Carrot,2604,8
Carrot,2605,9
Carrot,2606,9
Carrot,2607,9
Carrot,2608,7
Carrot,2609,11
Carrot,2610,7
Carrot,2611,8
Carrot,2612,8
Carrot,2613,9
Carrot,2614,9
Carrot,2615,10
Carrot,2616,8
Carrot,2617,9
Carrot,2618,9
Carrot,2619,10
Carrot,2620,7
Carrot,2621,7
Carrot,2622,11
Carrot,2623,10
Carrot,2624,7
Carrot,2625,14
Carrot,2626,10
Carrot,2627,13
Carrot,2628,8
Carrot,2629,8
Carrot,2630,7
Carrot,2631,9
Carrot,2632,8
Carrot,2633,11
Carrot,2634,12
Carrot,2635,10
Carrot,2636,11
Carrot,2637,8
Carrot,2638,10
Carrot,2639,8
Carrot,2640,11
Carrot,2641,11
Carrot,2642,9
Carrot,2643,13
Carrot,2644,10
Carrot,2645,9
Carrot,2646,7
Carrot,2647,14
Carrot,2648,13
Carrot,2649,14
Carrot,2650,9
Carrot,2651,8
Carrot,2652,10
Carrot,2653,8
Carrot,2654,9
Carrot,2655,7
Carrot,2656,8
Carrot,2657,12
Carrot,2658,10
Carrot,2659,9
Carrot,2660,9
Carrot,2661,15
Carrot,2662,9
Carrot,2663,11
Carrot,2664,8
Carrot,2665,7
Carrot,2666,11
Carrot,2667,10
Carrot,2668,11
Carrot,2669,11
Carrot,2670,12
Carrot,2671,7
Carrot,2672,10
Carrot,2673,7
Carrot,2674,10
Carrot,2675,8
Carrot,2676,9
Carrot,2677,11
Carrot,2678,10
Carrot,2679,8
Carrot,2680,9
Carrot,2681,9
Carrot,2682,12
Carrot,2683,8
Carrot,2684,12
Carrot,2685,11
Carrot,2686,12
Carrot,2687,11
Carrot,2688,8
Carrot,2689,10
Carrot,2690,11
Carrot,2691,15
Carrot,2692,14
Carrot,2693,12
Carrot,2694,12
Carrot,2695,11
Carrot,2696,10
Carrot,2697,10
Carrot,2698,9
Carrot,2699,9
Carrot,2700,9
Carrot,2701,11
Carrot,2702,7
Carrot,2703,19
Carrot,2704,8
Carrot,2705,12
Carrot,2706,15
Carrot,2707,9
Carrot,2708,7
Carrot,2709,14
Carrot,2710,7
Carrot,2711,11
Carrot,2712,10
Carrot,2713,14
Carrot,2714,9
Carrot,2715,9
Carrot,2716,11
Carrot,2717,11
Carrot,2718,15
Carrot,2719,12
Carrot,2720,8
Carrot,2721,10
Carrot,2722,9
Carrot,2723,10
Carrot,2724,10
Carrot,2725,13
Carrot,2726,8
Carrot,2727,10
Carrot,2728,10
Carrot,2729,8
Carrot,2730,10
Carrot,2731,14
Carrot,2732,7
Carrot,2733,8
Carrot,2734,7
Carrot,2735,11
Carrot,2736,7
Carrot,2737,13
Carrot,2738,8
Carrot,2739,14
Carrot,2740,13
Carrot,2741,13
Carrot,2742,9
Carrot,2743,14
Carrot,2744,10
Carrot,2745,7
Carrot,2746,8
Carrot,2747,9
Carrot,2748,9
Carrot,2749,10
Carrot,2750,13
Carrot,2751,12
Carrot,2752,8
Carrot,2753,14
Carrot,2754,10
Carrot,2755,13
Carrot,2756,11
Carrot,2757,10
Carrot,2758,9
Carrot,2759,9
Carrot,2760,12
Carrot,2761,7
Carrot,2762,9
Carrot,2763,16
Carrot,2764,12
Carrot,2765,9
Carrot,2766,13
Carrot,2767,9
Carrot,2768,8
Carrot,2769,9
Carrot,2770,7
Carrot,2771,12
Carrot,2772,11
Carrot,2773,12
Carrot,2774,13
Carrot,2775,9
Carrot,2776,10
Carrot,2777,8
Carrot,2778,9
Carrot,2779,10
Carrot,2780,12
Carrot,2781,9
Carrot,2782,9
Carrot,2783,8
Carrot,2784,11
Carrot,2785,7
Carrot,2786,10
Carrot,2787,10
Carrot,2788,13
Carrot,2789,13
Carrot,2790,8
Carrot,2791,14
Carrot,2792,8
Carrot,2793,7
Carrot,2794,11
Carrot,2795,8
Carrot,2796,12
Carrot,2797,14
Carrot,2798,8
Carrot,2799,11
Carrot,2800,7
Carrot,2801,9
Carrot,2802,9
Carrot,2803,9
Carrot,2804,11
Carrot,2805,10
Carrot,2806,8
Carrot,2807,8
Carrot,2808,8
Carrot,2809,10
Carrot,2810,10
Carrot,2811,8
Carrot,2812,14
Carrot,2813,16
Carrot,2814,7
Carrot,2815,7
Carrot,2816,10
Carrot,2817,9
Carrot,2818,9
Carrot,2819,11
Carrot,2820,12
Carrot,2821,10
Carrot,2822,9
Carrot,2823,11
Carrot,2824,7
Carrot,2825,9
Carrot,2826,8
Carrot,2827,8
Carrot,2828,9
Carrot,2829,10
Carrot,2830,10
Carrot,2831,10
Carrot,2832,13
Carrot,2833,13
Carrot,2834,9
Carrot,2835,7
Carrot,2836,13
Carrot,2837,11
Carrot,2838,10
Carrot,2839,10
Carrot,2840,9
Carrot,2841,12
Carrot,2842,8
Carrot,2843,14
Carrot,2844,14
Carrot,2845,10
Carrot,2846,8
Carrot,2847,12
Carrot,2848,10
Carrot,2849,8
Carrot,2850,11
Carrot,2851,9
Carrot,2852,11
Carrot,2853,12
Carrot,2854,9
Carrot,2855,10
Carrot,2856,16
Carrot,2857,11
Carrot,2858,10
Carrot,2859,9
Carrot,2860,8
Carrot,2861,8
Carrot,2862,9
Carrot,2863,7
Carrot,2864,11
Carrot,2865,11
Carrot,2866,16
Carrot,2867,10
Carrot,2868,10
Carrot,2869,8
Carrot,2870,9
Carrot,2871,9
Carrot,2872,8
Carrot,2873,7
Carrot,2874,7
Carrot,2875,9
Carrot,2876,11
Carrot,2877,8
Carrot,2878,9
Carrot,2879,11
Carrot,2880,12
Carrot,2881,9
Carrot,2882,8
Carrot,2883,7
Carrot,2884,13
Carrot,2885,9
Carrot,2886,10
Carrot,2887,8
Carrot,2888,9
Carrot,2889,16
Carrot,2890,7
Carrot,2891,11
Carrot,2892,9
Carrot,2893,9
Carrot,2894,9
Carrot,2895,14
Carrot,2896,14
Carrot,2897,16
Carrot,2898,12
Carrot,2899,9
Carrot,2900,8
Carrot,2901,11
Carrot,2902,8
Carrot,2903,7
Carrot,2904,9
Carrot,2905,10
Carrot,2906,9
Carrot,2907,12
Carrot,2908,10
Carrot,2909,11
Carrot,2910,12
Carrot,2911,8
Carrot,2912,11
Carrot,2913,7
Carrot,2914,10
Carrot,2915,8
Carrot,2916,10
Carrot,2917,7
Carrot,2918,11
Carrot,2919,9
Carrot,2920,11
Carrot,2921,12
Carrot,2922,10
Carrot,2923,7
Carrot,2924,11
Carrot,2925,10
Carrot,2926,11
Carrot,2927,10
Carrot,2928,9
Carrot,2929,14
Carrot,2930,16
Carrot,2931,8
Carrot,2932,11
Carrot,2933,10
Carrot,2934,13
Carrot,2935,10
Carrot,2936,11
Carrot,2937,11
Carrot,2938,8
Carrot,2939,13
Carrot,2940,10
Carrot,2941,10
Carrot,2942,9
Carrot,2943,9
Carrot,2944,20
Carrot,2945,11
Carrot,2946,12
Carrot,2947,8
Carrot,2948,15
Carrot,2949,11
Carrot,2950,9
Carrot,2951,8
Carrot,2952,12
Carrot,2953,9
Carrot,2954,14
Carrot,2955,7
Carrot,2956,10
Carrot,2957,12
Carrot,2958,10
Carrot,2959,9
Carrot,2960,8
Carrot,2961,9
Carrot,2962,8
Carrot,2963,8
Carrot,2964,11
Carrot,2965,11
Carrot,2966,15
Carrot,2967,8
Carrot,2968,9
Carrot,2969,10
Carrot,2970,9
Carrot,2971,12
Carrot,2972,8
Carrot,2973,10
Carrot,2974,11
Carrot,2975,10
Carrot,2976,9
Carrot,2977,9
Carrot,2978,9
Carrot,2979,8
Carrot,2980,7
Carrot,2981,8
Carrot,2982,11
Carrot,2983,10
Carrot,2984,16
Carrot,2985,9
Carrot,2986,9
Carrot,2987,8
Carrot,2988,10
Carrot,2989,8
Carrot,2990,12
Carrot,2991,9
Carrot,2992,11
Carrot,2993,7
Carrot,2994,11
Carrot,2995,8
Carrot,2996,7
Carrot,2997,8
Carrot,2998,10
Carrot,2999,13
Cookie,0,8
Cookie,1,7
Cookie,2,8
Cookie,3,9
Cookie,4,7
Cookie,5,7
Cookie,6,8
Cookie,7,7
Cookie,8,7
Cookie,9,8
Cookie,10,7
Cookie,11,7
Cookie,12,9
Cookie,13,8
Cookie,14,7
Cookie,15,8
Cookie,16,9
Cookie,17,8
Cookie,18,9
Cookie,19,9
Cookie,20,7
Cookie,21,8
Cookie,22,8
Cookie,23,7
Cookie,24,7
Cookie,25,8
Cookie,26,8
Cookie,27,9
Cookie,28,7
Cookie,29,8
Cookie,30,9
Cookie,31,8
Cookie,32,8
Cookie,33,7
Cookie,34,7
Cookie,35,11
Cookie,36,8
Cookie,37,8
Cookie,38,9
Cookie,39,7
Cookie,40,9
Cookie,41,8
Cookie,42,8
Cookie,43,7
Cookie,44,8
Cookie,45,8
Cookie,46,7
Cookie,47,7
Cookie,48,8
Cookie,49,7
Cookie,50,7
Cookie,51,9
Cookie,52,7
Cookie,53,7
Cookie,54,8
Cookie,55,8
Cookie,56,7
Cookie,57,9
Cookie,58,9
Cookie,59,7
Cookie,60,8
Cookie,61,8
Cookie,62,8
Cookie,63,8
Cookie,64,7
Cookie,65,9
Cookie,66,9
Cookie,67,7
Cookie,68,8
Cookie,69,7
Cookie,70,8
Cookie,71,8
Cookie,72,9
Cookie,73,9
Cookie,74,7
Cookie,75,10
Cookie,76,7
Cookie,77,7
Cookie,78,8
Cookie,79,7
Cookie,80,9
Cookie,81,7
Cookie,82,8
Cookie,83,9
Cookie,84,7
Cookie,85,9
Cookie,86,9
Cookie,87,9
Cookie,88,9
Cookie,89,7
Cookie,90,8
Cookie,91,8
Cookie,92,8
Cookie,93,8
Cookie,94,7
Cookie,95,8
Cookie,96,11
Cookie,97,8
Cookie,98,7
Cookie,99,7
Cookie,100,9
Cookie,101,11
Cookie,102,8
Cookie,103,7
Cookie,104,7
Cookie,105,9
Cookie,106,7
Cookie,107,7
Cookie,108,7
Cookie,109,9
Cookie,110,7
Cookie,111,8
Cookie,112,7
Cookie,113,7
Cookie,114,7
Cookie,115,7
Cookie,116,7
Cookie,117,7
Cookie,118,8
Cookie,119,8
Cookie,120,7
Cookie,121,8
Cookie,122,11
Cookie,123,9
Cookie,124,8
Cookie,125,8
Cookie,126,9
Cookie,127,9
Cookie,128,7
Cookie,129,7
Cookie,130,8
Cookie,131,8
Cookie,132,7
Cookie,133,9
Cookie,134,7
Cookie,135,8
Cookie,136,11
Cookie,137,8
Cookie,138,8
Cookie,139,7
Cookie,140,7
Cookie,141,7
Cookie,142,11
Cookie,143,8
Cookie,144,8
Cookie,145,7
Cookie,146,9
Cookie,147,8
Cookie,148,9
Cookie,149,7
Cookie,150,7
Cookie,151,7
Cookie,152,9
Cookie,153,7
Cookie,154,8
Cookie,155,10
Cookie,156,9
Cookie,157,10
Cookie,158,8
Cookie,159,13
Cookie,160,9
Cookie,161,9
Cookie,162,8
Cookie,163,8
Cookie,164,10
Cookie,165,8
Cookie,166,8
Cookie,167,8
Cookie,168,8
Cookie,169,11
Cookie,170,9
Cookie,171,7
Cookie,172,8
Cookie,173,7
Cookie,174,10
Cookie,175,7
Cookie,176,8
Cookie,177,7
Cookie,178,7
Cookie,179,8
Cookie,180,8
Cookie,181,8
Cookie,182,7
Cookie,183,7
Cookie,184,7
Cookie,185,7
Cookie,186,8
Cookie,187,8
Cookie,188,7
Cookie,189,10
Cookie,190,12
Cookie,191,7
Cookie,192,9
Cookie,193,7
Cookie,194,7
Cookie,195,7
Cookie,196,8
Cookie,197,9
Cookie,198,9
Cookie,199,10
Cookie,200,8
Cookie,201,7
Cookie,202,8
Cookie,203,7
Cookie,204,7
Cookie,205,8
Cookie,206,8
Cookie,207,8
Cookie,208,8
Cookie,209,8
Cookie,210,7
Cookie,211,10
Cookie,212,7
Cookie,213,8
Cookie,214,7
Cookie,215,7
Cookie,216,9
Cookie,217,8
Cookie,218,7
Cookie,219,7
Cookie,220,7
Cookie,221,7
Cookie,222,9
Cookie,223,9
Cookie,224,7
Cookie,225,7
Cookie,226,7
Cookie,227,9
Cookie,228,8
Cookie,229,7
Cookie,230,7
Cookie,231,8
Cookie,232,8
Cookie,233,7
Cookie,234,7
Cookie,235,8
Cookie,236,10
Cookie,237,9
Cookie,238,8
Cookie,239,7
Cookie,240,8
Cookie,241,7
Cookie,242,10
Cookie,243,7
Cookie,244,9
Cookie,245,7
Cookie,246,7
Cookie,247,8
Cookie,248,7
Cookie,249,8
Cookie,250,7
Cookie,251,8
Cookie,252,8
Cookie,253,8
Cookie,254,8
Cookie,255,9
Cookie,256,8
Cookie,257,7
Cookie,258,7
Cookie,259,7
Cookie,260,7
Cookie,261,7
Cookie,262,7
Cookie,263,8
Cookie,264,10
Cookie,265,7
Cookie,266,9
Cookie,267,7
Cookie,268,7
Cookie,269,9
Cookie,270,7
Cookie,271,9
Cookie,272,9
Cookie,273,10
Cookie,274,8
Cookie,275,7
Cookie,276,8
Cookie,277,8
Cookie,278,9
Cookie,279,12
Cookie,280,7
Cookie,281,9
Cookie,282,8
Cookie,283,9
Cookie,284,7
Cookie,285,8
Cookie,286,8
Cookie,287,9
Cookie,288,7
Cookie,289,8
Cookie,290,9
Cookie,291,7
Cookie,292,8
Cookie,293,7
Cookie,294,8
Cookie,295,7
Cookie,296,7
Cookie,297,10
Cookie,298,7
Cookie,299,8
Cookie,300,8
Cookie,301,13
Cookie,302,7
Cookie,303,9
Cookie,304,8
Cookie,305,7
Cookie,306,7
Cookie,307,8
Cookie,308,9
Cookie,309,8
Cookie,310,8
Cookie,311,7
Cookie,312,7
Cookie,313,10
Cookie,314,8
Cookie,315,7
Cookie,316,8
Cookie,317,7
Cookie,318,8
Cookie,319,7
Cookie,320,7
Cookie,321,7
Cookie,322,9
Cookie,323,8
Cookie,324,7
Cookie,325,7
Cookie,326,7
Cookie,327,8
Cookie,328,8
Cookie,329,9
Cookie,330,8
Cookie,331,9
Cookie,332,8
Cookie,333,7
Cookie,334,9
Cookie,335,7
Cookie,336,8
Cookie,337,7
Cookie,338,7
Cookie,339,9
Cookie,340,7
Cookie,341,7
Cookie,342,7
Cookie,343,8
Cookie,344,7
Cookie,345,7
Cookie,346,8
Cookie,347,7
Cookie,348,8
Cookie,349,8
Cookie,350,10
Cookie,351,7
Cookie,352,9
Cookie,353,7
Cookie,354,7
Cookie,355,9
Cookie,356,7
Cookie,357,7
Cookie,358,8
Cookie,359,7
Cookie,360,7
Cookie,361,8
Cookie,362,8
Cookie,363,10
Cookie,364,7
Cookie,365,8
Cookie,366,8
Cookie,367,8
Cookie,368,8
Cookie,369,7
Cookie,370,8
Cookie,371,10
Cookie,372,7
Cookie,373,7
Cookie,374,7
Cookie,375,8
Cookie,376,9
Cookie,377,8
Cookie,378,8
Cookie,379,7
Cookie,380,7
Cookie,381,10
Cookie,382,7
Cookie,383,8
Cookie,384,10
Cookie,385,8
Cookie,386,8
Cookie,387,9
Cookie,388,8
Cookie,389,8
Cookie,390,8
Cookie,391,8
Cookie,392,10
Cookie,393,7
Cookie,394,7
Cookie,395,7
Cookie,396,8
Cookie,397,9
Cookie,398,7
Cookie,399,7
Cookie,400,7
Cookie,401,9
Cookie,402,7
Cookie,403,9
Cookie,404,8
Cookie,405,9
Cookie,406,7
Cookie,407,10
Cookie,408,7
Cookie,409,9
Cookie,410,10
Cookie,411,7
Cookie,412,11
Cookie,413,9
Cookie,414,8
Cookie,415,7
Cookie,416,7
Cookie,417,11
Cookie,418,7
Cookie,419,9
Cookie,420,7
Cookie,421,8
Cookie,422,8
Cookie,423,8
Cookie,424,9
Cookie,425,8
Cookie,426,8
Cookie,427,9
Cookie,428,9
Cookie,429,8
Cookie,430,9
Cookie,431,8
Cookie,432,8
Cookie,433,8
Cookie,434,7
Cookie,435,7
Cookie,436,7
Cookie,437,7
Cookie,438,8
Cookie,439,7
Cookie,440,7
Cookie,441,7
Cookie,442,9
Cookie,443,7
Cookie,444,7
Cookie,445,11
Cookie,446,11
Cookie,447,7
Cookie,448,7
Cookie,449,8
Cookie,450,8
Cookie,451,7
Cookie,452,8
Cookie,453,7
Cookie,454,9
Cookie,455,8
Cookie,456,8
Cookie,457,7
Cookie,458,7
Cookie,459,7
Cookie,460,8
Cookie,461,7
Cookie,462,8
Cookie,463,9
Cookie,464,8
Cookie,465,8
Cookie,466,7
Cookie,467,8
Cookie,468,7
Cookie,469,7
Cookie,470,8
Cookie,471,9
Cookie,472,8
Cookie,473,8
Cookie,474,8
Cookie,475,8
Cookie,476,7
Cookie,477,8
Cookie,478,8
Cookie,479,8
Cookie,480,7
Cookie,481,8
Cookie,482,8
Cookie,483,8
Cookie,484,7
Cookie,485,8
Cookie,486,7
Cookie,487,7
Cookie,488,8
Cookie,489,9
Cookie,490,8
Cookie,491,8
Cookie,492,9
Cookie,493,9
Cookie,494,8
Cookie,495,9
Cookie,496,7
Cookie,497,7
Cookie,498,8
Cookie,499,7
Cookie,500,7
Cookie,501,8
Cookie,502,9
Cookie,503,7
Cookie,504,7
Cookie,505,8
Cookie,506,11
Cookie,507,8
Cookie,508,8
Cookie,509,9
Cookie,510,7
Cookie,511,7
Cookie,512,9
Cookie,513,8
Cookie,514,7
Cookie,515,7
Cookie,516,7
Cookie,517,8
Cookie,518,7
Cookie,519,7
Cookie,520,8
Cookie,521,9
Cookie,522,9
Cookie,523,7
Cookie,524,9
Cookie,525,7
Cookie,526,9
Cookie,527,8
Cookie,528,10
Cookie,529,10
Cookie,530,8
Cookie,531,7
Cookie,532,9
Cookie,533,8
Cookie,534,7
Cookie,535,10
Cookie,536,7
Cookie,537,9
Cookie,538,9
Cookie,539,7
Cookie,540,8
Cookie,541,13
Cookie,542,9
Cookie,543,7
Cookie,544,10
Cookie,545,7
Cookie,546,10
Cookie,547,10
Cookie,548,7
Cookie,549,8
Cookie,550,9
Cookie,551,8
Cookie,552,7
Cookie,553,8
Cookie,554,8
Cookie,555,10
Cookie,556,10
Cookie,557,8
Cookie,558,7
Cookie,559,7
Cookie,560,9
Cookie,561,8
Cookie,562,7
Cookie,563,8
Cookie,564,9
Cookie,565,8
Cookie,566,8
Cookie,567,7
Cookie,568,7
Cookie,569,10
Cookie,570,7
Cookie,571,7
Cookie,572,9
Cookie,573,7
Cookie,574,7
Cookie,575,8
Cookie,576,7
Cookie,577,8
Cookie,578,11
Cookie,579,8
Cookie,580,7
Cookie,581,9
Cookie,582,7
Cookie,583,7
Cookie,584,8
Cookie,585,9
Cookie,586,7
Cookie,587,7
Cookie,588,10
Cookie,589,8
Cookie,590,8
Cookie,591,7
Cookie,592,8
Cookie,593,9
Cookie,594,8
Cookie,595,9
Cookie,596,8
Cookie,597,8
Cookie,598,9
Cookie,599,9
Cookie,600,7
Cookie,601,7
Cookie,602,10
Cookie,603,7
Cookie,604,7
Cookie,605,7
Cookie,606,7
Cookie,607,7
Cookie,608,8
Cookie,609,7
Cookie,610,7
Cookie,611,9
Cookie,612,8
Cookie,613,8
Cookie,614,8
Cookie,615,8
Cookie,616,9
Cookie,617,7
Cookie,618,8
Cookie,619,7
Cookie,620,8
Cookie,621,7
Cookie,622,7
Cookie,623,7
Cookie,624,7
Cookie,625,7
Cookie,626,11
Cookie,627,10
Cookie,628,7
Cookie,629,7
Cookie,630,7
Cookie,631,8
Cookie,632,7
Cookie,633,7
Cookie,634,8
Cookie,635,7
Cookie,636,9
Cookie,637,7
Cookie,638,9
Cookie,639,8
Cookie,640,9
Cookie,641,7
Cookie,642,7
Cookie,643,7
Cookie,644,7
Cookie,645,7
Cookie,646,8
Cookie,647,8
Cookie,648,10
Cookie,649,7
Cookie,650,9
Cookie,651,8
Cookie,652,9
Cookie,653,9
Cookie,654,7
Cookie,655,8
Cookie,656,7
Cookie,657,8
Cookie,658,7
Cookie,659,9
Cookie,660,7
Cookie,661,7
Cookie,662,8
Cookie,663,8
Cookie,664,7
Cookie,665,10
Cookie,666,7
Cookie,667,9
Cookie,668,8
Cookie,669,11
Cookie,670,7
Cookie,671,10
Cookie,672,7
Cookie,673,7
Cookie,674,7
Cookie,675,7
Cookie,676,9
Cookie,677,7
Cookie,678,8
Cookie,679,8
Cookie,680,7
Cookie,681,8
Cookie,682,9
Cookie,683,7
Cookie,684,7
Cookie,685,7
Cookie,686,8
Cookie,687,9
Cookie,688,8
Cookie,689,7
Cookie,690,7
Cookie,691,7
Cookie,692,9
Cookie,693,10
Cookie,694,8
Cookie,695,8
Cookie,696,7
Cookie,697,9
Cookie,698,7
Cookie,699,7
Cookie,700,8
Cookie,701,9
Cookie,702,9
Cookie,703,7
Cookie,704,9
Cookie,705,7
Cookie,706,8
Cookie,707,7
Cookie,708,8
Cookie,709,8
Cookie,710,8
Cookie,711,8
Cookie,712,7
Cookie,713,8
Cookie,714,9
Cookie,715,8
Cookie,716,8
Cookie,717,7
Cookie,718,8
Cookie,719,8
Cookie,720,7
Cookie,721,7
Cookie,722,7
Cookie,723,8
Cookie,724,7
Cookie,725,7
Cookie,726,8
Cookie,727,8
Cookie,728,8
Cookie,729,7
Cookie,730,8
Cookie,731,8
Cookie,732,8
Cookie,733,8
Cookie,734,10
Cookie,735,9
Cookie,736,7
Cookie,737,10
Cookie,738,9
Cookie,739,9
Cookie,740,7
Cookie,741,8
Cookie,742,8
Cookie,743,9
Cookie,744,7
Cookie,745,7
Cookie,746,7
Cookie,747,7
Cookie,748,7
Cookie,749,7
Cookie,750,8
Cookie,751,8
Cookie,752,8
Cookie,753,9
Cookie,754,8
Cookie,755,8
Cookie,756,8
Cookie,757,8
Cookie,758,9
Cookie,759,9
Cookie,760,9
Cookie,761,7
Cookie,762,8
Cookie,763,10
Cookie,764,7
Cookie,765,7
Cookie,766,7
Cookie,767,9
Cookie,768,8
Cookie,769,7
Cookie,770,8
Cookie,771,7
Cookie,772,7
Cookie,773,7
Cookie,774,8
Cookie,775,7
Cookie,776,8
Cookie,777,7
Cookie,778,8
Cookie,779,8
Cookie,780,8
Cookie,781,10
Cookie,782,9
Cookie,783,9
Cookie,784,7
Cookie,785,10
Cookie,786,8
Cookie,787,8
Cookie,788,9
Cookie,789,8
Cookie,790,9
Cookie,791,7
Cookie,792,7
Cookie,793,9
Cookie,794,8
Cookie,795,10
Cookie,796,9
Cookie,797,8
Cookie,798,7
Cookie,799,7
Cookie,800,7
Cookie,801,7
Cookie,802,11
Cookie,803,8
Cookie,804,8
Cookie,805,9
Cookie,806,8
Cookie,807,7
Cookie,808,10
Cookie,809,7
Cookie,810,9
Cookie,811,8
Cookie,812,8
Cookie,813,8
Cookie,814,8
Cookie,815,9
Cookie,816,7
Cookie,817,7
Cookie,818,7
Cookie,819,8
Cookie,820,9
Cookie,821,8
Cookie,822,7
Cookie,823,8
Cookie,824,9
Cookie,825,8
Cookie,826,9
Cookie,827,7
Cookie,828,8
Cookie,829,9
Cookie,830,8
Cookie,831,7
Cookie,832,8
Cookie,833,11
Cookie,834,7
Cookie,835,7
Cookie,836,7
Cookie,837,10
Cookie,838,7
Cookie,839,7
Cookie,840,8
Cookie,841,8
Cookie,842,8
Cookie,843,8
Cookie,844,7
Cookie,845,8
Cookie,846,11
Cookie,847,7
Cookie,848,8
Cookie,849,7
Cookie,850,11
Cookie,851,7
Cookie,852,9
Cookie,853,7
Cookie,854,10
Cookie,855,9
Cookie,856,8
Cookie,857,8
Cookie,858,7
Cookie,859,7
Cookie,860,8
Cookie,861,7
Cookie,862,8
Cookie,863,7
Cookie,864,8
Cookie,865,7
Cookie,866,9
Cookie,867,7
Cookie,868,8
Cookie,869,11
Cookie,870,7
Cookie,871,7
Cookie,872,11
Cookie,873,10
Cookie,874,9
Cookie,875,8
Cookie,876,11
Cookie,877,9
Cookie,878,7
Cookie,879,10
Cookie,880,10
Cookie,881,7
Cookie,882,8
Cookie,883,7
Cookie,884,7
Cookie,885,7
Cookie,886,7
Cookie,887,7
Cookie,888,8
Cookie,889,7
Cookie,890,7
Cookie,891,9
Cookie,892,11
Cookie,893,7
Cookie,894,7
Cookie,895,9
Cookie,896,14
Cookie,897,8
Cookie,898,10
Cookie,899,7
Cookie,900,8
Cookie,901,9
Cookie,902,7
Cookie,903,7
Cookie,904,10
Cookie,905,8
Cookie,906,7
Cookie,907,8
Cookie,908,8
Cookie,909,10
Cookie,910,7
Cookie,911,8
Cookie,912,8
Cookie,913,7
Cookie,914,7
Cookie,915,8
Cookie,916,8
Cookie,917,7
Cookie,918,8
Cookie,919,13
Cookie,920,10
Cookie,921,10
Cookie,922,9
Cookie,923,8
Cookie,924,8
Cookie,925,8
Cookie,926,8
Cookie,927,9
Cookie,928,9
Cookie,929,7
Cookie,930,10
Cookie,931,7
Cookie,932,8
Cookie,933,7
Cookie,934,9
Cookie,935,9
Cookie,936,8
Cookie,937,8
Cookie,938,7
Cookie,939,8
Cookie,940,9
Cookie,941,8
Cookie,942,8
Cookie,943,10
Cookie,944,8
Cookie,945,8
Cookie,946,8
Cookie,947,9
Cookie,948,7
Cookie,949,8
Cookie,950,7
Cookie,951,8
Cookie,952,8
Cookie,953,8
Cookie,954,9
Cookie,955,7
Cookie,956,8
Cookie,957,10
Cookie,958,9
Cookie,959,8
Cookie,960,8
Cookie,961,8
Cookie,962,7
Cookie,963,7
Cookie,964,8
Cookie,965,9
Cookie,966,9
Cookie,967,8
Cookie,968,11
Cookie,969,7
Cookie,970,7
Cookie,971,8
Cookie,972,9
Cookie,973,10
Cookie,974,7
Cookie,975,8
Cookie,976,10
Cookie,977,7
Cookie,978,8
Cookie,979,8
Cookie,980,7
Cookie,981,7
Cookie,982,7
Cookie,983,7
Cookie,984,8
Cookie,985,8
Cookie,986,7
Cookie,987,7
Cookie,988,8
Cookie,989,8
Cookie,990,7
Cookie,991,7
Cookie,992,7
Cookie,993,7
Cookie,994,10
Cookie,995,7
Cookie,996,7
Cookie,997,9
Cookie,998,7
Cookie,999,11
Cookie,1000,7
Cookie,1001,7
Cookie,1002,8
Cookie,1003,7
Cookie,1004,9
Cookie,1005,12
Cookie,1006,7
Cookie,1007,7
Cookie,1008,7
Cookie,1009,8
Cookie,1010,8
Cookie,1011,8
Cookie,1012,9
Cookie,1013,8
Cookie,1014,7
Cookie,1015,8
Cookie,1016,8
Cookie,1017,8
Cookie,1018,7
Cookie,1019,8
Cookie,1020,7
Cookie,1021,8
Cookie,1022,7
Cookie,1023,7
Cookie,1024,11
Cookie,1025,7
Cookie,1026,8
Cookie,1027,7
Cookie,1028,8
Cookie,1029,9
Cookie,1030,8
Cookie,1031,9
Cookie,1032,10
Cookie,1033,8
Cookie,1034,8
Cookie,1035,7
Cookie,1036,7
Cookie,1037,8
Cookie,1038,9
Cookie,1039,9
Cookie,1040,9
Cookie,1041,7
Cookie,1042,9
Cookie,1043,7
Cookie,1044,7
Cookie,1045,7
Cookie,1046,7
Cookie,1047,8
Cookie,1048,7
Cookie,1049,8
Cookie,1050,8
Cookie,1051,7
Cookie,1052,7
Cookie,1053,7
Cookie,1054,10
Cookie,1055,9
Cookie,1056,7
Cookie,1057,7
Cookie,1058,7
Cookie,1059,9
Cookie,1060,8
Cookie,1061,8
Cookie,1062,8
Cookie,1063,10
Cookie,1064,7
Cookie,1065,7
Cookie,1066,8
Cookie,1067,7
Cookie,1068,8
Cookie,1069,9
Cookie,1070,7
Cookie,1071,10
Cookie,1072,7
Cookie,1073,9
Cookie,1074,10
Cookie,1075,9
Cookie,1076,7
Cookie,1077,7
Cookie,1078,7
Cookie,1079,8
Cookie,1080,9
Cookie,1081,9
Cookie,1082,10
Cookie,1083,9
Cookie,1084,9
Cookie,1085,9
Cookie,1086,8
Cookie,1087,8
Cookie,1088,7
Cookie,1089,11
Cookie,1090,7
Cookie,1091,9
Cookie,1092,8
Cookie,1093,8
Cookie,1094,10
Cookie,1095,8
Cookie,1096,7
Cookie,1097,8
Cookie,1098,9
Cookie,1099,7
Cookie,1100,7
Cookie,1101,8
Cookie,1102,7
Cookie,1103,7
Cookie,1104,7
Cookie,1105,7
Cookie,1106,7
Cookie,1107,7
Cookie,1108,9
Cookie,1109,8
Cookie,1110,7
Cookie,1111,8
Cookie,1112,8
Cookie,1113,7
Cookie,1114,7
Cookie,1115,11
Cookie,1116,7
Cookie,1117,7
Cookie,1118,7
Cookie,1119,7
Cookie,1120,9
Cookie,1121,8
Cookie,1122,8
Cookie,1123,8
Cookie,1124,9
Cookie,1125,7
Cookie,1126,8
Cookie,1127,8
Cookie,1128,10
Cookie,1129,10
Cookie,1130,8
Cookie,1131,8
Cookie,1132,7
Cookie,1133,8
Cookie,1134,8
Cookie,1135,8
Cookie,1136,10
Cookie,1137,8
Cookie,1138,8
Cookie,1139,9
Cookie,1140,8
Cookie,1141,10
Cookie,1142,9
Cookie,1143,7
Cookie,1144,9
Cookie,1145,11
Cookie,1146,9
Cookie,1147,9
Cookie,1148,8
Cookie,1149,9
Cookie,1150,8
Cookie,1151,11
Cookie,1152,8
Cookie,1153,7
Cookie,1154,9
Cookie,1155,10
Cookie,1156,7
Cookie,1157,7
Cookie,1158,7
Cookie,1159,8
Cookie,1160,7
Cookie,1161,8
Cookie,1162,8
Cookie,1163,8
Cookie,1164,9
Cookie,1165,7
Cookie,1166,7
Cookie,1167,7
Cookie,1168,8
Cookie,1169,7
Cookie,1170,7
Cookie,1171,7
Cookie,1172,8
Cookie,1173,8
Cookie,1174,7
Cookie,1175,7
Cookie,1176,7
Cookie,1177,9
Cookie,1178,7
Cookie,1179,7
Cookie,1180,9
Cookie,1181,10
Cookie,1182,7
Cookie,1183,8
Cookie,1184,8
Cookie,1185,9
Cookie,1186,7
Cookie,1187,7
Cookie,1188,10
Cookie,1189,7
Cookie,1190,8
Cookie,1191,7
Cookie,1192,8
Cookie,1193,9
Cookie,1194,7
Cookie,1195,8
Cookie,1196,7
Cookie,1197,7
Cookie,1198,8
Cookie,1199,8
Cookie,1200,8
Cookie,1201,7
Cookie,1202,11
Cookie,1203,9
Cookie,1204,8
Cookie,1205,8
Cookie,1206,9
Cookie,1207,8
Cookie,1208,8
Cookie,1209,7
Cookie,1210,8
Cookie,1211,10
Cookie,1212,9
Cookie,1213,7
Cookie,1214,7
Cookie,1215,9
Cookie,1216,9
Cookie,1217,9
Cookie,1218,8
Cookie,1219,10
Cookie,1220,8
Cookie,1221,8
Cookie,1222,7
Cookie,1223,9
Cookie,1224,8
Cookie,1225,7
Cookie,1226,7
Cookie,1227,7
Cookie,1228,9
Cookie,1229,7
Cookie,1230,7
Cookie,1231,9
Cookie,1232,9
Cookie,1233,7
Cookie,1234,7
Cookie,1235,8
Cookie,1236,7
Cookie,1237,10
Cookie,1238,8
Cookie,1239,7
Cookie,1240,8
Cookie,1241,7
Cookie,1242,7
Cookie,1243,9
Cookie,1244,7
Cookie,1245,7
Cookie,1246,8
Cookie,1247,8
Cookie,1248,8
Cookie,1249,8
Cookie,1250,8
Cookie,1251,8
Cookie,1252,9
Cookie,1253,10
Cookie,1254,7
Cookie,1255,9
Cookie,1256,8
Cookie,1257,7
Cookie,1258,10
Cookie,1259,9
Cookie,1260,7
Cookie,1261,8
Cookie,1262,7
Cookie,1263,7
Cookie,1264,8
Cookie,1265,9
Cookie,1266,8
Cookie,1267,8
Cookie,1268,9
Cookie,1269,10
Cookie,1270,10
Cookie,1271,8
Cookie,1272,8
Cookie,1273,8
Cookie,1274,8
Cookie,1275,8
Cookie,1276,8
Cookie,1277,8
Cookie,1278,8
Cookie,1279,8
Cookie,1280,8
Cookie,1281,8
Cookie,1282,9
Cookie,1283,7
Cookie,1284,7
Cookie,1285,8
Cookie,1286,9
Cookie,1287,8
Cookie,1288,7
Cookie,1289,8
Cookie,1290,8
Cookie,1291,7
Cookie,1292,8
Cookie,1293,8
Cookie,1294,7
Cookie,1295,10
Cookie,1296,7
Cookie,1297,8
Cookie,1298,11
Cookie,1299,9
Cookie,1300,9
Cookie,1301,10
Cookie,1302,9
Cookie,1303,7
Cookie,1304,7
Cookie,1305,9
Cookie,1306,8
Cookie,1307,8
Cookie,1308,7
Cookie,1309,7
Cookie,1310,8
Cookie,1311,8
Cookie,1312,7
Cookie,1313,8
Cookie,1314,8
Cookie,1315,7
Cookie,1316,10
Cookie,1317,9
Cookie,1318,8
Cookie,1319,9
Cookie,1320,7
Cookie,1321,7
Cookie,1322,8
Cookie,1323,9
Cookie,1324,7
Cookie,1325,8
Cookie,1326,7
Cookie,1327,7
Cookie,1328,7
Cookie,1329,8
Cookie,1330,8
Cookie,1331,8
Cookie,1332,10
Cookie,1333,10
Cookie,1334,11
Cookie,1335,8
Cookie,1336,8
Cookie,1337,7
Cookie,1338,7
Cookie,1339,7
Cookie,1340,8
Cookie,1341,8
Cookie,1342,7
Cookie,1343,7
Cookie,1344,7
Cookie,1345,8
Cookie,1346,8
Cookie,1347,7
Cookie,1348,10
Cookie,1349,8
Cookie,1350,8
Cookie,1351,11
Cookie,1352,9
Cookie,1353,7
Cookie,1354,8
Cookie,1355,7
Cookie,1356,9
Cookie,1357,7
Cookie,1358,7
Cookie,1359,7
Cookie,1360,7
Cookie,1361,8
Cookie,1362,7
Cookie,1363,8
Cookie,1364,8
Cookie,1365,8
Cookie,1366,12
Cookie,1367,8
Cookie,1368,7
Cookie,1369,8
Cookie,1370,8
Cookie,1371,7
Cookie,1372,7
Cookie,1373,7
Cookie,1374,7
Cookie,1375,8
Cookie,1376,8
Cookie,1377,8
Cookie,1378,7
Cookie,1379,9
Cookie,1380,7
Cookie,1381,8
Cookie,1382,7
Cookie,1383,11
Cookie,1384,7
Cookie,1385,7
Cookie,1386,7
Cookie,1387,7
Cookie,1388,7
Cookie,1389,11
Cookie,1390,9
Cookie,1391,10
Cookie,1392,10
Cookie,1393,7
Cookie,1394,7
Cookie,1395,8
Cookie,1396,7
Cookie,1397,7
Cookie,1398,8
Cookie,1399,11
Cookie,1400,10
Cookie,1401,7
Cookie,1402,9
Cookie,1403,7
Cookie,1404,8
Cookie,1405,7
Cookie,1406,7
Cookie,1407,7
Cookie,1408,9
Cookie,1409,7
Cookie,1410,9
Cookie,1411,8
Cookie,1412,7
Cookie,1413,7
Cookie,1414,11
Cookie,1415,8
Cookie,1416,8
Cookie,1417,11
Cookie,1418,8
Cookie,1419,8
Cookie,1420,8
Cookie,1421,7
Cookie,1422,8
Cookie,1423,8
Cookie,1424,7
Cookie,1425,8
Cookie,1426,8
Cookie,1427,8
Cookie,1428,7
Cookie,1429,8
Cookie,1430,8
Cookie,1431,7
Cookie,1432,7
Cookie,1433,7
Cookie,1434,9
Cookie,1435,11
Cookie,1436,8
Cookie,1437,8
Cookie,1438,7
Cookie,1439,8
Cookie,1440,7
Cookie,1441,7
Cookie,1442,9
Cookie,1443,9
Cookie,1444,7
Cookie,1445,10
Cookie,1446,9
Cookie,1447,8
Cookie,1448,7
Cookie,1449,10
Cookie,1450,7
Cookie,1451,8
Cookie,1452,8
Cookie,1453,8
Cookie,1454,7
Cookie,1455,7
Cookie,1456,8
Cookie,1457,8
Cookie,1458,8
Cookie,1459,9
Cookie,1460,8
Cookie,1461,10
Cookie,1462,8
Cookie,1463,9
Cookie,1464,7
Cookie,1465,8
Cookie,1466,7
Cookie,1467,8
Cookie,1468,11
Cookie,1469,7
Cookie,1470,10
Cookie,1471,7
Cookie,1472,7
Cookie,1473,8
Cookie,1474,10
Cookie,1475,8
Cookie,1476,8
Cookie,1477,7
Cookie,1478,9
Cookie,1479,7
Cookie,1480,7
Cookie,1481,8
Cookie,1482,7
Cookie,1483,8
Cookie,1484,7
Cookie,1485,7
Cookie,1486,7
Cookie,1487,7
Cookie,1488,8
Cookie,1489,7
Cookie,1490,15
Cookie,1491,7
Cookie,1492,7
Cookie,1493,8
Cookie,1494,8
Cookie,1495,8
Cookie,1496,7
Cookie,1497,8
Cookie,1498,7
Cookie,1499,9
Cookie,1500,8
Cookie,1501,8
Cookie,1502,8
Cookie,1503,7
Cookie,1504,7
Cookie,1505,8
Cookie,1506,7
Cookie,1507,9
Cookie,1508,8
Cookie,1509,7
Cookie,1510,9
Cookie,1511,7
Cookie,1512,8
Cookie,1513,7
Cookie,1514,9
Cookie,1515,7
Cookie,1516,7
Cookie,1517,7
Cookie,1518,8
Cookie,1519,9
Cookie,1520,7
Cookie,1521,10
Cookie,1522,7
Cookie,1523,8
Cookie,1524,7
Cookie,1525,8
Cookie,1526,7
Cookie,1527,8
Cookie,1528,7
Cookie,1529,8
Cookie,1530,7
Cookie,1531,7
Cookie,1532,9
Cookie,1533,7
Cookie,1534,7
Cookie,1535,8
Cookie,1536,8
Cookie,1537,8
Cookie,1538,8
Cookie,1539,7
Cookie,1540,8
Cookie,1541,7
Cookie,1542,9
Cookie,1543,8
Cookie,1544,7
Cookie,1545,7
Cookie,1546,7
Cookie,1547,7
Cookie,1548,7
Cookie,1549,10
Cookie,1550,10
Cookie,1551,7
Cookie,1552,7
Cookie,1553,7
Cookie,1554,8
Cookie,1555,9
Cookie,1556,8
Cookie,1557,9
Cookie,1558,9
Cookie,1559,7
Cookie,1560,10
Cookie,1561,8
Cookie,1562,7
Cookie,1563,8
Cookie,1564,12
Cookie,1565,7
Cookie,1566,7
Cookie,1567,9
Cookie,1568,8
Cookie,1569,8
Cookie,1570,9
Cookie,1571,7
Cookie,1572,7
Cookie,1573,8
Cookie,1574,9
Cookie,1575,9
Cookie,1576,8
Cookie,1577,7
Cookie,1578,8
Cookie,1579,7
Cookie,1580,9
Cookie,1581,7
Cookie,1582,8
Cookie,1583,7
Cookie,1584,10
Cookie,1585,9
Cookie,1586,10
Cookie,1587,7
Cookie,1588,10
Cookie,1589,9
Cookie,1590,9
Cookie,1591,7
Cookie,1592,7
Cookie,1593,8
Cookie,1594,7
Cookie,1595,7
Cookie,1596,7
Cookie,1597,9
Cookie,1598,9
Cookie,1599,8
Cookie,1600,7
Cookie,1601,9
Cookie,1602,7
Cookie,1603,8
Cookie,1604,8
Cookie,1605,8
Cookie,1606,8
Cookie,1607,8
Cookie,1608,11
Cookie,1609,9
Cookie,1610,10
Cookie,1611,9
Cookie,1612,8
Cookie,1613,10
Cookie,1614,7
Cookie,1615,7
Cookie,1616,9
Cookie,1617,7
Cookie,1618,9
Cookie,1619,8
Cookie,1620,8
Cookie,1621,7
Cookie,1622,7
Cookie,1623,8
Cookie,1624,8
Cookie,1625,9
Cookie,1626,12
Cookie,1627,10
Cookie,1628,8
Cookie,1629,8
Cookie,1630,8
Cookie,1631,8
Cookie,1632,7
Cookie,1633,7
Cookie,1634,8
Cookie,1635,7
Cookie,1636,8
Cookie,1637,9
Cookie,1638,7
Cookie,1639,9
Cookie,1640,9
Cookie,1641,8
Cookie,1642,8
Cookie,1643,8
Cookie,1644,7
Cookie,1645,7
Cookie,1646,8
Cookie,1647,10
Cookie,1648,10
Cookie,1649,8
Cookie,1650,7
Cookie,1651,11
Cookie,1652,8
Cookie,1653,7
Cookie,1654,7
Cookie,1655,9
Cookie,1656,7
Cookie,1657,7
Cookie,1658,7
Cookie,1659,8
Cookie,1660,11
Cookie,1661,9
Cookie,1662,8
Cookie,1663,7
Cookie,1664,11
Cookie,1665,9
Cookie,1666,9
Cookie,1667,7
Cookie,1668,7
Cookie,1669,8
Cookie,1670,7
Cookie,1671,8
Cookie,1672,8
Cookie,1673,9
Cookie,1674,7
Cookie,1675,10
Cookie,1676,8
Cookie,1677,8
Cookie,1678,7
Cookie,1679,7
Cookie,1680,7
Cookie,1681,8
Cookie,1682,7
Cookie,1683,7
Cookie,1684,8
Cookie,1685,7
Cookie,1686,9
Cookie,1687,10
Cookie,1688,8
Cookie,1689,8
Cookie,1690,7
Cookie,1691,10
Cookie,1692,10
Cookie,1693,8
Cookie,1694,7
Cookie,1695,8
Cookie,1696,7
Cookie,1697,11
Cookie,1698,8
Cookie,1699,7
Cookie,1700,8
Cookie,1701,7
Cookie,1702,8
Cookie,1703,8
Cookie,1704,9
Cookie,1705,8
Cookie,1706,7
Cookie,1707,9
Cookie,1708,9
Cookie,1709,10
Cookie,1710,10
Cookie,1711,8
Cookie,1712,7
Cookie,1713,8
Cookie,1714,8
Cookie,1715,7
Cookie,1716,8
Cookie,1717,8
Cookie,1718,9
Cookie,1719,12
Cookie,1720,8
Cookie,1721,8
Cookie,1722,13
Cookie,1723,9
Cookie,1724,8
Cookie,1725,7
Cookie,1726,8
Cookie,1727,8
Cookie,1728,8
Cookie,1729,7
Cookie,1730,7
Cookie,1731,10
Cookie,1732,7
Cookie,1733,8
Cookie,1734,7
Cookie,1735,8
Cookie,1736,7
Cookie,1737,7
Cookie,1738,9
Cookie,1739,7
Cookie,1740,7
Cookie,1741,9
Cookie,1742,7
Cookie,1743,7
Cookie,1744,9
Cookie,1745,8
Cookie,1746,7
Cookie,1747,8
Cookie,1748,7
Cookie,1749,8
Cookie,1750,7
Cookie,1751,9
Cookie,1752,9
Cookie,1753,7
Cookie,1754,8
Cookie,1755,11
Cookie,1756,7
Cookie,1757,7
Cookie,1758,9
Cookie,1759,8
Cookie,1760,9
Cookie,1761,9
Cookie,1762,9
Cookie,1763,8
Cookie,1764,8
Cookie,1765,11
Cookie,1766,7
Cookie,1767,7
Cookie,1768,10
Cookie,1769,7
Cookie,1770,8
Cookie,1771,8
Cookie,1772,8
Cookie,1773,8
Cookie,1774,7
Cookie,1775,8
Cookie,1776,7
Cookie,1777,8
Cookie,1778,8
Cookie,1779,7
Cookie,1780,9
Cookie,1781,8
Cookie,1782,7
Cookie,1783,9
Cookie,1784,8
Cookie,1785,7
Cookie,1786,8
Cookie,1787,8
Cookie,1788,8
Cookie,1789,7
Cookie,1790,8
Cookie,1791,7
Cookie,1792,7
Cookie,1793,7
Cookie,1794,7
Cookie,1795,8
Cookie,1796,7
Cookie,1797,7
Cookie,1798,9
Cookie,1799,7
Cookie,1800,8
Cookie,1801,8
Cookie,1802,9
Cookie,1803,7
Cookie,1804,7
Cookie,1805,9
Cookie,1806,9
Cookie,1807,7
Cookie,1808,9
Cookie,1809,8
Cookie,1810,8
Cookie,1811,8
Cookie,1812,9
Cookie,1813,9
Cookie,1814,7
Cookie,1815,7
Cookie,1816,8
Cookie,1817,7
Cookie,1818,8
Cookie,1819,9
Cookie,1820,10
Cookie,1821,8
Cookie,1822,7
Cookie,1823,8
Cookie,1824,7
Cookie,1825,12
Cookie,1826,7
Cookie,1827,7
Cookie,1828,8
Cookie,1829,8
Cookie,1830,7
Cookie,1831,8
Cookie,1832,8
Cookie,1833,9
Cookie,1834,9
Cookie,1835,8
Cookie,1836,9
Cookie,1837,7
Cookie,1838,11
Cookie,1839,7
Cookie,1840,8
Cookie,1841,8
Cookie,1842,9
Cookie,1843,7
Cookie,1844,8
Cookie,1845,7
Cookie,1846,10
Cookie,1847,9
Cookie,1848,7
Cookie,1849,7
Cookie,1850,9
Cookie,1851,9
Cookie,1852,8
Cookie,1853,9
Cookie,1854,10
Cookie,1855,9
Cookie,1856,7
Cookie,1857,9
Cookie,1858,8
Cookie,1859,7
Cookie,1860,7
Cookie,1861,7
Cookie,1862,7
Cookie,1863,9
Cookie,1864,7
Cookie,1865,7
Cookie,1866,9
Cookie,1867,9
Cookie,1868,8
Cookie,1869,9
Cookie,1870,8
Cookie,1871,10
Cookie,1872,8
Cookie,1873,8
Cookie,1874,8
Cookie,1875,8
Cookie,1876,8
Cookie,1877,8
Cookie,1878,7
Cookie,1879,8
Cookie,1880,7
Cookie,1881,7
Cookie,1882,8
Cookie,1883,7
Cookie,1884,7
Cookie,1885,9
Cookie,1886,7
Cookie,1887,9
Cookie,1888,7
Cookie,1889,7
Cookie,1890,7
Cookie,1891,8
Cookie,1892,9
Cookie,1893,9
Cookie,1894,7
Cookie,1895,7
Cookie,1896,11
Cookie,1897,8
Cookie,1898,9
Cookie,1899,7
Cookie,1900,9
Cookie,1901,8
Cookie,1902,7
Cookie,1903,7
Cookie,1904,9
Cookie,1905,10
Cookie,1906,7
Cookie,1907,8
Cookie,1908,8
Cookie,1909,8
Cookie,1910,8
Cookie,1911,10
Cookie,1912,10
Cookie,1913,7
Cookie,1914,7
Cookie,1915,7
Cookie,1916,7
Cookie,1917,9
Cookie,1918,8
Cookie,1919,7
Cookie,1920,8
Cookie,1921,10
Cookie,1922,7
Cookie,1923,8
Cookie,1924,8
Cookie,1925,7
Cookie,1926,8
Cookie,1927,8
Cookie,1928,8
Cookie,1929,8
Cookie,1930,8
Cookie,1931,7
Cookie,1932,8
Cookie,1933,10
Cookie,1934,7
Cookie,1935,7
Cookie,1936,7
Cookie,1937,7
Cookie,1938,8
Cookie,1939,7
Cookie,1940,8
Cookie,1941,8
Cookie,1942,7
Cookie,1943,7
Cookie,1944,8
Cookie,1945,11
Cookie,1946,8
Cookie,1947,9
Cookie,1948,8
Cookie,1949,7
Cookie,1950,7
Cookie,1951,11
Cookie,1952,7
Cookie,1953,9
Cookie,1954,8
Cookie,1955,7
Cookie,1956,11
Cookie,1957,9
Cookie,1958,10
Cookie,1959,8
Cookie,1960,11
Cookie,1961,9
Cookie,1962,8
Cookie,1963,7
Cookie,1964,7
Cookie,1965,10
Cookie,1966,7
Cookie,1967,7
Cookie,1968,7
Cookie,1969,7
Cookie,1970,7
Cookie,1971,8
Cookie,1972,8
Cookie,1973,7
Cookie,1974,9
Cookie,1975,9
Cookie,1976,8
Cookie,1977,10
Cookie,1978,9
Cookie,1979,8
Cookie,1980,8
Cookie,1981,9
Cookie,1982,7
Cookie,1983,7
Cookie,1984,11
Cookie,1985,8
Cookie,1986,7
Cookie,1987,10
Cookie,1988,8
Cookie,1989,7
Cookie,1990,8
Cookie,1991,11
Cookie,1992,9
Cookie,1993,7
Cookie,1994,7
Cookie,1995,9
Cookie,1996,8
Cookie,1997,9
Cookie,1998,8
Cookie,1999,8
Cookie,2000,9
Cookie,2001,9
Cookie,2002,8
Cookie,2003,9
Cookie,2004,8
Cookie,2005,7
Cookie,2006,7
Cookie,2007,7
Cookie,2008,8
Cookie,2009,8
Cookie,2010,7
Cookie,2011,7
Cookie,2012,8
Cookie,2013,7
Cookie,2014,9
Cookie,2015,8
Cookie,2016,8
Cookie,2017,8
Cookie,2018,10
Cookie,2019,9
Cookie,2020,7
Cookie,2021,7
Cookie,2022,8
Cookie,2023,8
Cookie,2024,7
Cookie,2025,7
Cookie,2026,8
Cookie,2027,9
Cookie,2028,7
Cookie,2029,9
Cookie,2030,12
Cookie,2031,8
Cookie,2032,7
Cookie,2033,7
Cookie,2034,9
Cookie,2035,8
Cookie,2036,7
Cookie,2037,7
Cookie,2038,8
Cookie,2039,7
Cookie,2040,8
Cookie,2041,8
Cookie,2042,8
Cookie,2043,7
Cookie,2044,8
Cookie,2045,8
Cookie,2046,7
Cookie,2047,8
Cookie,2048,7
Cookie,2049,7
Cookie,2050,8
Cookie,2051,8
Cookie,2052,8
Cookie,2053,8
Cookie,2054,7
Cookie,2055,7
Cookie,2056,8
Cookie,2057,7
Cookie,2058,8
Cookie,2059,8
Cookie,2060,9
Cookie,2061,7
Cookie,2062,8
Cookie,2063,12
Cookie,2064,8
Cookie,2065,8
Cookie,2066,10
Cookie,2067,7
Cookie,2068,9
Cookie,2069,9
Cookie,2070,13
Cookie,2071,8
Cookie,2072,8
Cookie,2073,8
Cookie,2074,7
Cookie,2075,7
Cookie,2076,9
Cookie,2077,8
Cookie,2078,7
Cookie,2079,10
Cookie,2080,7
Cookie,2081,10
Cookie,2082,7
Cookie,2083,7
Cookie,2084,9
Cookie,2085,7
Cookie,2086,8
Cookie,2087,9
Cookie,2088,10
Cookie,2089,9
Cookie,2090,8
Cookie,2091,8
Cookie,2092,10
Cookie,2093,9
Cookie,2094,9
Cookie,2095,8
Cookie,2096,8
Cookie,2097,9
Cookie,2098,9
Cookie,2099,8
Cookie,2100,7
Cookie,2101,9
Cookie,2102,8
Cookie,2103,9
Cookie,2104,7
Cookie,2105,7
Cookie,2106,8
Cookie,2107,7
Cookie,2108,9
Cookie,2109,9
Cookie,2110,8
Cookie,2111,7
Cookie,2112,7
Cookie,2113,7
Cookie,2114,7
Cookie,2115,7
Cookie,2116,7
Cookie,2117,9
Cookie,2118,9
Cookie,2119,8
Cookie,2120,10
Cookie,2121,7
Cookie,2122,7
Cookie,2123,9
Cookie,2124,7
Cookie,2125,7
Cookie,2126,9
Cookie,2127,8
Cookie,2128,8
Cookie,2129,7
Cookie,2130,7
Cookie,2131,8
Cookie,2132,8
Cookie,2133,11
Cookie,2134,8
Cookie,2135,7
Cookie,2136,9
Cookie,2137,11
Cookie,2138,8
Cookie,2139,8
Cookie,2140,7
Cookie,2141,9
Cookie,2142,7
Cookie,2143,8
Cookie,2144,8
Cookie,2145,9
Cookie,2146,7
Cookie,2147,7
Cookie,2148,11
Cookie,2149,10
Cookie,2150,8
Cookie,2151,9
Cookie,2152,8
Cookie,2153,7
Cookie,2154,7
Cookie,2155,7
Cookie,2156,7
Cookie,2157,8
Cookie,2158,7
Cookie,2159,9
Cookie,2160,7
Cookie,2161,8
Cookie,2162,9
Cookie,2163,8
Cookie,2164,9
Cookie,2165,11
Cookie,2166,8
Cookie,2167,8
Cookie,2168,7
Cookie,2169,7
Cookie,2170,9
Cookie,2171,8
Cookie,2172,10
Cookie,2173,7
Cookie,2174,8
Cookie,2175,8
Cookie,2176,7
Cookie,2177,8
Cookie,2178,10
Cookie,2179,9
Cookie,2180,7
Cookie,2181,7
Cookie,2182,12
Cookie,2183,7
Cookie,2184,7
Cookie,2185,10
Cookie,2186,8
Cookie,2187,7
Cookie,2188,8
Cookie,2189,9
Cookie,2190,10
Cookie,2191,10
Cookie,2192,11
Cookie,2193,9
Cookie,2194,11
Cookie,2195,7
Cookie,2196,7
Cookie,2197,7
Cookie,2198,9
Cookie,2199,7
Cookie,2200,8
Cookie,2201,8
Cookie,2202,7
Cookie,2203,8
Cookie,2204,8
Cookie,2205,10
Cookie,2206,9
Cookie,2207,7
Cookie,2208,8
Cookie,2209,7
Cookie,2210,7
Cookie,2211,7
Cookie,2212,8
Cookie,2213,8
Cookie,2214,8
Cookie,2215,7
Cookie,2216,9
Cookie,2217,7
Cookie,2218,7
Cookie,2219,9
Cookie,2220,9
Cookie,2221,7
Cookie,2222,8
Cookie,2223,8
Cookie,2224,7
Cookie,2225,9
Cookie,2226,8
Cookie,2227,7
Cookie,2228,8
Cookie,2229,11
Cookie,2230,7
Cookie,2231,8
Cookie,2232,8
Cookie,2233,7
Cookie,2234,8
Cookie,2235,7
Cookie,2236,7
Cookie,2237,9
Cookie,2238,7
Cookie,2239,9
Cookie,2240,7
Cookie,2241,8
Cookie,2242,9
Cookie,2243,9
Cookie,2244,8
Cookie,2245,7
Cookie,2246,10
Cookie,2247,8
Cookie,2248,7
Cookie,2249,7
Cookie,2250,7
Cookie,2251,8
Cookie,2252,7
Cookie,2253,7
Cookie,2254,7
Cookie,2255,8
Cookie,2256,7
Cookie,2257,8
Cookie,2258,7
Cookie,2259,8
Cookie,2260,7
Cookie,2261,9
Cookie,2262,7
Cookie,2263,8
Cookie,2264,8
Cookie,2265,7
Cookie,2266,9
Cookie,2267,8
Cookie,2268,8
Cookie,2269,8
Cookie,2270,9
Cookie,2271,7
Cookie,2272,10
Cookie,2273,10
Cookie,2274,10
Cookie,2275,8
Cookie,2276,7
Cookie,2277,7
Cookie,2278,8
Cookie,2279,8
Cookie,2280,9
Cookie,2281,7
Cookie,2282,10
Cookie,2283,7
Cookie,2284,7
Cookie,2285,8
Cookie,2286,8
Cookie,2287,8
Cookie,2288,8
Cookie,2289,9
Cookie,2290,8
Cookie,2291,8
Cookie,2292,8
Cookie,2293,9
Cookie,2294,7
Cookie,2295,8
Cookie,2296,7
Cookie,2297,8
Cookie,2298,8
Cookie,2299,8
Cookie,2300,7
Cookie,2301,7
Cookie,2302,10
Cookie,2303,9
Cookie,2304,8
Cookie,2305,8
Cookie,2306,9
Cookie,2307,8
Cookie,2308,8
Cookie,2309,7
Cookie,2310,8
Cookie,2311,7
Cookie,2312,9
Cookie,2313,7
Cookie,2314,9
Cookie,2315,7
Cookie,2316,8
Cookie,2317,8
Cookie,2318,8
Cookie,2319,9
Cookie,2320,9
Cookie,2321,8
Cookie,2322,9
Cookie,2323,8
Cookie,2324,7
Cookie,2325,8
Cookie,2326,8
Cookie,2327,8
Cookie,2328,9
Cookie,2329,8
Cookie,2330,11
Cookie,2331,7
Cookie,2332,7
Cookie,2333,8
Cookie,2334,7
Cookie,2335,9
Cookie,2336,8
Cookie,2337,8
Cookie,2338,9
Cookie,2339,7
Cookie,2340,9
Cookie,2341,8
Cookie,2342,8
Cookie,2343,7
Cookie,2344,7
Cookie,2345,7
Cookie,2346,8
Cookie,2347,8
Cookie,2348,7
Cookie,2349,8
Cookie,2350,8
Cookie,2351,8
Cookie,2352,7
Cookie,2353,7
Cookie,2354,7
Cookie,2355,8
Cookie,2356,8
Cookie,2357,8
Cookie,2358,8
Cookie,2359,10
Cookie,2360,7
Cookie,2361,9
Cookie,2362,7
Cookie,2363,9
Cookie,2364,7
Cookie,2365,8
Cookie,2366,9
Cookie,2367,10
Cookie,2368,9
Cookie,2369,7
Cookie,2370,8
Cookie,2371,7
Cookie,2372,7
Cookie,2373,8
Cookie,2374,7
Cookie,2375,9
Cookie,2376,10
Cookie,2377,10
Cookie,2378,10
Cookie,2379,9
Cookie,2380,7
Cookie,2381,7
Cookie,2382,8
Cookie,2383,7
Cookie,2384,9
Cookie,2385,8
Cookie,2386,9
Cookie,2387,9
Cookie,2388,8
Cookie,2389,9
Cookie,2390,7
Cookie,2391,7
Cookie,2392,9
Cookie,2393,9
Cookie,2394,8
Cookie,2395,7
Cookie,2396,8
Cookie,2397,7
Cookie,2398,7
Cookie,2399,7
Cookie,2400,7
Cookie,2401,8
Cookie,2402,8
Cookie,2403,7
Cookie,2404,10
Cookie,2405,7
Cookie,2406,9
Cookie,2407,7
Cookie,2408,9
Cookie,2409,9
Cookie,2410,7
Cookie,2411,7
Cookie,2412,9
Cookie,2413,7
Cookie,2414,8
Cookie,2415,9
Cookie,2416,8
Cookie,2417,7
Cookie,2418,9
Cookie,2419,8
Cookie,2420,7
Cookie,2421,8
Cookie,2422,9
Cookie,2423,9
Cookie,2424,8
Cookie,2425,9
Cookie,2426,8
Cookie,2427,8
Cookie,2428,8
Cookie,2429,7
Cookie,2430,7
Cookie,2431,7
Cookie,2432,7
Cookie,2433,8
Cookie,2434,7
Cookie,2435,10
Cookie,2436,8
Cookie,2437,9
Cookie,2438,9
Cookie,2439,7
Cookie,2440,9
Cookie,2441,10
Cookie,2442,8
Cookie,2443,7
Cookie,2444,7
Cookie,2445,9
Cookie,2446,7
Cookie,2447,7
Cookie,2448,7
Cookie,2449,9
Cookie,2450,9
Cookie,2451,7
Cookie,2452,9
Cookie,2453,8
Cookie,2454,10
Cookie,2455,8
Cookie,2456,11
Cookie,2457,7
Cookie,2458,7
Cookie,2459,7
Cookie,2460,8
Cookie,2461,7
Cookie,2462,7
Cookie,2463,9
Cookie,2464,7
Cookie,2465,8
Cookie,2466,11
Cookie,2467,7
Cookie,2468,7
Cookie,2469,7
Cookie,2470,8
Cookie,2471,7
Cookie,2472,8
Cookie,2473,7
Cookie,2474,8
Cookie,2475,7
Cookie,2476,8
Cookie,2477,8
Cookie,2478,7
Cookie,2479,8
Cookie,2480,10
Cookie,2481,8
Cookie,2482,9
Cookie,2483,8
Cookie,2484,7
Cookie,2485,9
Cookie,2486,7
Cookie,2487,9
Cookie,2488,11
Cookie,2489,7
Cookie,2490,7
Cookie,2491,8
Cookie,2492,8
Cookie,2493,10
Cookie,2494,7
Cookie,2495,9
Cookie,2496,7
Cookie,2497,8
Cookie,2498,11
Cookie,2499,10
Cookie,2500,9
Cookie,2501,7
Cookie,2502,8
Cookie,2503,7
Cookie,2504,8
Cookie,2505,7
Cookie,2506,8
Cookie,2507,7
Cookie,2508,11
Cookie,2509,7
Cookie,2510,7
Cookie,2511,9
Cookie,2512,12
Cookie,2513,9
Cookie,2514,7
Cookie,2515,7
Cookie,2516,9
Cookie,2517,9
Cookie,2518,9
Cookie,2519,8
Cookie,2520,7
Cookie,2521,9
Cookie,2522,8
Cookie,2523,7
Cookie,2524,7
Cookie,2525,7
Cookie,2526,7
Cookie,2527,10
Cookie,2528,9
Cookie,2529,7
Cookie,2530,7
Cookie,2531,8
Cookie,2532,9
Cookie,2533,8
Cookie,2534,8
Cookie,2535,7
Cookie,2536,10
Cookie,2537,8
Cookie,2538,10
Cookie,2539,7
Cookie,2540,11
Cookie,2541,7
Cookie,2542,11
Cookie,2543,9
Cookie,2544,9
Cookie,2545,10
Cookie,2546,9
Cookie,2547,9
Cookie,2548,8
Cookie,2549,8
Cookie,2550,7
Cookie,2551,7
Cookie,2552,7
Cookie,2553,7
Cookie,2554,7
Cookie,2555,8
Cookie,2556,8
Cookie,2557,7
Cookie,2558,7
Cookie,2559,9
Cookie,2560,11
Cookie,2561,7
Cookie,2562,7
Cookie,2563,7
Cookie,2564,9
Cookie,2565,9
Cookie,2566,8
Cookie,2567,8
Cookie,2568,8
Cookie,2569,7
Cookie,2570,8
Cookie,2571,9
Cookie,2572,7
Cookie,2573,8
Cookie,2574,7
Cookie,2575,8
Cookie,2576,9
Cookie,2577,9
Cookie,2578,7
Cookie,2579,8
Cookie,2580,8
Cookie,2581,7
Cookie,2582,7
Cookie,2583,8
Cookie,2584,7
Cookie,2585,9
Cookie,2586,8
Cookie,2587,8
Cookie,2588,7
Cookie,2589,8
Cookie,2590,11
Cookie,2591,7
Cookie,2592,9
Cookie,2593,7
Cookie,2594,11
Cookie,2595,7
Cookie,2596,7
Cookie,2597,7
Cookie,2598,7
Cookie,2599,7
Cookie,2600,7
Cookie,2601,11
Cookie,2602,10
Cookie,2603,7
Cookie,2604,7
Cookie,2605,9
Cookie,2606,7
Cookie,2607,8
Cookie,2608,8
Cookie,2609,8
Cookie,2610,7
Cookie,2611,7
Cookie,2612,9
Cookie,2613,10
Cookie,2614,8
Cookie,2615,8
Cookie,2616,9
Cookie,2617,7
Cookie,2618,8
Cookie,2619,8
Cookie,2620,7
Cookie,2621,11
Cookie,2622,9
Cookie,2623,9
Cookie,2624,10
Cookie,2625,7
Cookie,2626,11
Cookie,2627,7
Cookie,2628,7
Cookie,2629,9
Cookie,2630,7
Cookie,2631,7
Cookie,2632,7
Cookie,2633,9
Cookie,2634,7
Cookie,2635,9
Cookie,2636,9
Cookie,2637,8
Cookie,2638,7
Cookie,2639,7
Cookie,2640,7
Cookie,2641,9
Cookie,2642,9
Cookie,2643,8
Cookie,2644,10
Cookie,2645,8
Cookie,2646,9
Cookie,2647,10
Cookie,2648,8
Cookie,2649,10
Cookie,2650,9
Cookie,2651,8
Cookie,2652,8
Cookie,2653,8
Cookie,2654,8
Cookie,2655,7
Cookie,2656,8
Cookie,2657,8
Cookie,2658,8
Cookie,2659,7
Cookie,2660,7
Cookie,2661,7
Cookie,2662,7
Cookie,2663,8
Cookie,2664,7
Cookie,2665,8
Cookie,2666,7
Cookie,2667,10
Cookie,2668,7
Cookie,2669,7
Cookie,2670,8
Cookie,2671,8
Cookie,2672,7
Cookie,2673,7
Cookie,2674,9
Cookie,2675,10
Cookie,2676,8
Cookie,2677,9
Cookie,2678,7
Cookie,2679,7
Cookie,2680,10
Cookie,2681,10
Cookie,2682,7
Cookie,2683,9
Cookie,2684,7
Cookie,2685,8
Cookie,2686,13
Cookie,2687,8
Cookie,2688,10
Cookie,2689,8
Cookie,2690,10
Cookie,2691,8
Cookie,2692,7
Cookie,2693,9
Cookie,2694,9
Cookie,2695,7
Cookie,2696,9
Cookie,2697,8
Cookie,2698,9
Cookie,2699,7
Cookie,2700,9
Cookie,2701,8
Cookie,2702,8
Cookie,2703,7
Cookie,2704,8
Cookie,2705,7
Cookie,2706,7
Cookie,2707,9
Cookie,2708,9
Cookie,2709,10
Cookie,2710,7
Cookie,2711,9
Cookie,2712,8
Cookie,2713,8
Cookie,2714,7
Cookie,2715,8
Cookie,2716,8
Cookie,2717,8
Cookie,2718,7
Cookie,2719,8
Cookie,2720,9
Cookie,2721,8
Cookie,2722,10
Cookie,2723,8
Cookie,2724,7
Cookie,2725,8
Cookie,2726,7
Cookie,2727,7
Cookie,2728,8
Cookie,2729,7
Cookie,2730,10
Cookie,2731,8
Cookie,2732,9
Cookie,2733,10
Cookie,2734,7
Cookie,2735,8
Cookie,2736,8
Cookie,2737,7
Cookie,2738,7
Cookie,2739,9
Cookie,2740,7
Cookie,2741,10
Cookie,2742,7
Cookie,2743,9
Cookie,2744,7
Cookie,2745,7
Cookie,2746,8
Cookie,2747,7
Cookie,2748,7
Cookie,2749,8
Cookie,2750,7
Cookie,2751,8
Cookie,2752,8
Cookie,2753,9
Cookie,2754,8
Cookie,2755,8
Cookie,2756,8
Cookie,2757,7
Cookie,2758,7
Cookie,2759,9
Cookie,2760,9
Cookie,2761,9
Cookie,2762,8
Cookie,2763,8
Cookie,2764,8
Cookie,2765,9
Cookie,2766,7
Cookie,2767,8
Cookie,2768,9
Cookie,2769,7
Cookie,2770,8
Cookie,2771,7
Cookie,2772,7
Cookie,2773,8
Cookie,2774,8
Cookie,2775,7
Cookie,2776,9
Cookie,2777,7
Cookie,2778,8
Cookie,2779,7
Cookie,2780,9
Cookie,2781,8
Cookie,2782,8
Cookie,2783,9
Cookie,2784,7
Cookie,2785,8
Cookie,2786,7
Cookie,2787,8
Cookie,2788,8
Cookie,2789,8
Cookie,2790,8
Cookie,2791,7
Cookie,2792,7
Cookie,2793,8
Cookie,2794,7
Cookie,2795,8
Cookie,2796,9
Cookie,2797,8
Cookie,2798,7
Cookie,2799,8
Cookie,2800,8
Cookie,2801,8
Cookie,2802,7
Cookie,2803,8
Cookie,2804,9
Cookie,2805,7
Cookie,2806,8
Cookie,2807,9
Cookie,2808,7
Cookie,2809,7
Cookie,2810,7
Cookie,2811,7
Cookie,2812,7
Cookie,2813,7
Cookie,2814,7
Cookie,2815,8
Cookie,2816,8
Cookie,2817,7
Cookie,2818,8
Cookie,2819,8
Cookie,2820,7
Cookie,2821,7
Cookie,2822,10
Cookie,2823,9
Cookie,2824,7
Cookie,2825,10
Cookie,2826,7
Cookie,2827,7
Cookie,2828,9
Cookie,2829,8
Cookie,2830,8
Cookie,2831,8
Cookie,2832,7
Cookie,2833,7
Cookie,2834,8
Cookie,2835,7
Cookie,2836,9
Cookie,2837,7
Cookie,2838,7
Cookie,2839,7
Cookie,2840,9
Cookie,2841,8
Cookie,2842,8
Cookie,2843,7
Cookie,2844,8
Cookie,2845,8
Cookie,2846,7
Cookie,2847,8
Cookie,2848,9
Cookie,2849,8
Cookie,2850,9
Cookie,2851,7
Cookie,2852,8
Cookie,2853,7
Cookie,2854,8
Cookie,2855,9
Cookie,2856,9
Cookie,2857,8
Cookie,2858,7
Cookie,2859,9
Cookie,2860,7
Cookie,2861,7
Cookie,2862,7
Cookie,2863,10
Cookie,2864,8
Cookie,2865,7
Cookie,2866,8
Cookie,2867,11
Cookie,2868,8
Cookie,2869,9
Cookie,2870,9
Cookie,2871,8
Cookie,2872,7
Cookie,2873,8
Cookie,2874,7
Cookie,2875,8
Cookie,2876,7
Cookie,2877,10
Cookie,2878,9
Cookie,2879,8
Cookie,2880,7
Cookie,2881,7
Cookie,2882,7
Cookie,2883,7
Cookie,2884,7
Cookie,2885,8
Cookie,2886,7
Cookie,2887,7
Cookie,2888,10
Cookie,2889,8
Cookie,2890,9
Cookie,2891,8
Cookie,2892,9
Cookie,2893,8
Cookie,2894,10
Cookie,2895,8
Cookie,2896,7
Cookie,2897,10
Cookie,2898,8
Cookie,2899,9
Cookie,2900,9
Cookie,2901,8
Cookie,2902,9
Cookie,2903,11
Cookie,2904,7
Cookie,2905,8
Cookie,2906,8
Cookie,2907,9
Cookie,2908,8
Cookie,2909,8
Cookie,2910,7
Cookie,2911,7
Cookie,2912,8
Cookie,2913,7
Cookie,2914,8
Cookie,2915,7
Cookie,2916,7
Cookie,2917,7
Cookie,2918,7
Cookie,2919,10
Cookie,2920,9
Cookie,2921,11
Cookie,2922,7
Cookie,2923,7
Cookie,2924,8
Cookie,2925,7
Cookie,2926,9
Cookie,2927,8
Cookie,2928,8
Cookie,2929,9
Cookie,2930,8
Cookie,2931,9
Cookie,2932,7
Cookie,2933,7
Cookie,2934,9
Cookie,2935,9
Cookie,2936,9
Cookie,2937,8
Cookie,2938,9
Cookie,2939,9
Cookie,2940,9
Cookie,2941,12
Cookie,2942,7
Cookie,2943,7
Cookie,2944,8
Cookie,2945,8
Cookie,2946,9
Cookie,2947,8
Cookie,2948,8
Cookie,2949,8
Cookie,2950,9
Cookie,2951,7
Cookie,2952,8
Cookie,2953,11
Cookie,2954,7
Cookie,2955,8
Cookie,2956,7
Cookie,2957,8
Cookie,2958,7
Cookie,2959,9
Cookie,2960,9
Cookie,2961,7
Cookie,2962,8
Cookie,2963,8
Cookie,2964,8
Cookie,2965,7
Cookie,2966,7
Cookie,2967,7
Cookie,2968,9
Cookie,2969,7
Cookie,2970,7
Cookie,2971,7
Cookie,2972,7
Cookie,2973,8
Cookie,2974,7
Cookie,2975,7
Cookie,2976,8
Cookie,2977,9
Cookie,2978,8
Cookie,2979,8
Cookie,2980,7
Cookie,2981,8
Cookie,2982,7
Cookie,2983,7
Cookie,2984,9
Cookie,2985,8
Cookie,2986,8
Cookie,2987,8
Cookie,2988,7
Cookie,2989,9
Cookie,2990,8
Cookie,2991,8
Cookie,2992,8
Cookie,2993,7
Cookie,2994,7
Cookie,2995,8
Cookie,2996,7
Cookie,2997,8
Cookie,2998,9
Cookie,2999,7
Melon,0,9
Melon,1,10
Melon,2,9
Melon,3,11
Melon,4,11
Melon,5,8
Melon,6,11
Melon,7,13
Melon,8,9
Melon,9,9
Melon,10,7
Melon,11,9
Melon,12,7
Melon,13,7
Melon,14,7
Melon,15,11
Melon,16,12
Melon,17,11
Melon,18,8
Melon,19,12
Melon,20,9
Melon,21,8
Melon,22,11
Melon,23,8
Melon,24,11
Melon,25,11
Melon,26,10
Melon,27,11
Melon,28,13
Melon,29,8
Melon,30,9
Melon,31,11
Melon,32,9
Melon,33,12
Melon,34,11
Melon,35,8
Melon,36,9
Melon,37,8
Melon,38,8
Melon,39,11
Melon,40,11
Melon,41,9
Melon,42,7
Melon,43,9
Melon,44,8
Melon,45,10
Melon,46,14
Melon,47,8
Melon,48,9
Melon,49,8
Melon,50,10
Melon,51,12
Melon,52,8
Melon,53,11
Melon,54,10
Melon,55,13
Melon,56,9
Melon,57,11
Melon,58,9
Melon,59,9
Melon,60,11
Melon,61,10
Melon,62,10
Melon,63,12
Melon,64,10
Melon,65,7
Melon,66,7
Melon,67,10
Melon,68,8
Melon,69,9
Melon,70,11
Melon,71,11
Melon,72,14
Melon,73,11
Melon,74,13
Melon,75,9
Melon,76,9
Melon,77,9
Melon,78,15
Melon,79,12
Melon,80,9
Melon,81,7
Melon,82,7
Melon,83,13
Melon,84,9
Melon,85,8
Melon,86,10
Melon,87,10
Melon,88,7
Melon,89,11
Melon,90,10
Melon,91,12
Melon,92,11
Melon,93,7
Melon,94,8
Melon,95,13
Melon,96,10
Melon,97,14
Melon,98,10
Melon,99,7
Melon,100,11
Melon,101,9
Melon,102,13
Melon,103,12
Melon,104,9
Melon,105,8
Melon,106,14
Melon,107,8
Melon,108,7
Melon,109,9
Melon,110,9
Melon,111,12
Melon,112,8
Melon,113,11
Melon,114,10
Melon,115,15
Melon,116,14
Melon,117,8
Melon,118,12
Melon,119,11
Melon,120,8
Melon,121,8
Melon,122,9
Melon,123,12
Melon,124,9
Melon,125,15
Melon,126,9
Melon,127,12
Melon,128,14
Melon,129,12
Melon,130,9
Melon,131,10
Melon,132,8
Melon,133,12
Melon,134,13
Melon,135,9
Melon,136,13
Melon,137,9
Melon,138,8
Melon,139,11
Melon,140,13
Melon,141,9
Melon,142,13
Melon,143,15
Melon,144,13
Melon,145,11
Melon,146,14
Melon,147,10
Melon,148,10
Melon,149,12
Melon,150,9
Melon,151,9
Melon,152,10
Melon,153,9
Melon,154,8
Melon,155,14
Melon,156,9
Melon,157,10
Melon,158,11
Melon,159,16
Melon,160,8
Melon,161,13
Melon,162,10
Melon,163,10
Melon,164,13
Melon,165,10
Melon,166,13
Melon,167,12
Melon,168,7
Melon,169,13
Melon,170,7
Melon,171,9
Melon,172,12
Melon,173,10
Melon,174,8
Melon,175,14
Melon,176,9
Melon,177,12
Melon,178,10
Melon,179,10
Melon,180,9
Melon,181,7
Melon,182,8
Melon,183,12
Melon,184,13
Melon,185,14
Melon,186,11
Melon,187,9
Melon,188,9
Melon,189,8
Melon,190,13
Melon,191,9
Melon,192,12
Melon,193,14
Melon,194,10
Melon,195,8
Melon,196,10
Melon,197,12
Melon,198,8
Melon,199,10
Melon,200,8
Melon,201,8
Melon,202,11
Melon,203,8
Melon,204,10
Melon,205,9
Melon,206,14
Melon,207,7
Melon,208,9
Melon,209,13
Melon,210,9
Melon,211,8
Melon,212,11
Melon,213,9
Melon,214,8
Melon,215,8
Melon,216,8
Melon,217,10
Melon,218,11
Melon,219,7
Melon,220,13
Melon,221,9
Melon,222,9
Melon,223,9
Melon,224,10
Melon,225,8
Melon,226,10
Melon,227,8
Melon,228,12
Melon,229,9
Melon,230,16
Melon,231,8
Melon,232,9
Melon,233,9
Melon,234,9
Melon,235,14
Melon,236,15
Melon,237,12
Melon,238,13
Melon,239,10
Melon,240,11
Melon,241,10
Melon,242,9
Melon,243,8
Melon,244,10
Melon,245,8
Melon,246,13
Melon,247,8
Melon,248,8
Melon,249,14
Melon,250,8
Melon,251,10
Melon,252,7
Melon,253,9
Melon,254,8
Melon,255,14
Melon,256,11
Melon,257,11
Melon,258,11
Melon,259,9
Melon,260,10
Melon,261,8
Melon,262,11
Melon,263,11
Melon,264,11
Melon,265,11
Melon,266,9
Melon,267,12
Melon,268,8
Melon,269,9
Melon,270,13
Melon,271,10
Melon,272,11
Melon,273,10
Melon,274,13
Melon,275,13
Melon,276,7
Melon,277,13
Melon,278,10
Melon,279,9
Melon,280,7
Melon,281,9
Melon,282,11
Melon,283,8
Melon,284,13
Melon,285,18
Melon,286,10
Melon,287,11
Melon,288,11
Melon,289,13
Melon,290,10
Melon,291,10
Melon,292,13
Melon,293,10
Melon,294,8
Melon,295,10
Melon,296,8
Melon,297,15
Melon,298,8
Melon,299,13
Melon,300,16
Melon,301,8
Melon,302,11
Melon,303,13
Melon,304,10
Melon,305,12
Melon,306,11
Melon,307,9
Melon,308,11
Melon,309,9
Melon,310,8
Melon,311,12
Melon,312,9
Melon,313,14
Melon,314,12
Melon,315,9
Melon,316,11
Melon,317,15
Melon,318,8
Melon,319,12
Melon,320,10
Melon,321,14
Melon,322,12
Melon,323,7
Melon,324,10
Melon,325,10
Melon,326,13
Melon,327,7
Melon,328,10
Melon,329,10
Melon,330,10
Melon,331,11
Melon,332,9
Melon,333,11
Melon,334,10
Melon,335,10
Melon,336,12
Melon,337,13
Melon,338,11
Melon,339,18
Melon,340,14
Melon,341,13
Melon,342,12
Melon,343,11
Melon,344,11
Melon,345,12
Melon,346,11
Melon,347,14
Melon,348,15
Melon,349,13
Melon,350,10
Melon,351,12
Melon,352,13
Melon,353,11
Melon,354,8
Melon,355,8
Melon,356,10
Melon,357,7
Melon,358,12
Melon,359,9
Melon,360,17
Melon,361,9
Melon,362,10
Melon,363,13
Melon,364,7
Melon,365,8
Melon,366,12
Melon,367,9
Melon,368,9
Melon,369,9
Melon,370,14
Melon,371,8
Melon,372,8
Melon,373,10
Melon,374,9
Melon,375,10
Melon,376,11
Melon,377,9
Melon,378,8
Melon,379,9
Melon,380,10
Melon,381,12
Melon,382,8
Melon,383,10
Melon,384,13
Melon,385,8
Melon,386,12
Melon,387,10
Melon,388,8
Melon,389,10
Melon,390,9
Melon,391,9
Melon,392,7
Melon,393,8
Melon,394,9
Melon,395,17
Melon,396,9
Melon,397,15
Melon,398,10
Melon,399,13
Melon,400,8
Melon,401,11
Melon,402,9
Melon,403,14
Melon,404,8
Melon,405,10
Melon,406,8
Melon,407,8
Melon,408,12
Melon,409,12
Melon,410,10
Melon,411,9
Melon,412,9
Melon,413,10
Melon,414,9
Melon,415,8
Melon,416,9
Melon,417,8
Melon,418,8
Melon,419,11
Melon,420,14
Melon,421,10
Melon,422,10
Melon,423,13
Melon,424,11
Melon,425,9
Melon,426,10
Melon,427,8
Melon,428,12
Melon,429,10
Melon,430,8
Melon,431,15
Melon,432,11
Melon,433,12
Melon,434,7
Melon,435,8
Melon,436,10
Melon,437,8
Melon,438,14
Melon,439,8
Melon,440,8
Melon,441,13
Melon,442,8
Melon,443,9
Melon,444,8
Melon,445,10
Melon,446,12
Melon,447,9
Melon,448,17
Melon,449,8
Melon,450,10
Melon,451,9
Melon,452,9
Melon,453,10
Melon,454,7
Melon,455,7
Melon,456,15
Melon,457,12
Melon,458,14
Melon,459,11
Melon,460,14
Melon,461,13
Melon,462,9
Melon,463,11
Melon,464,9
Melon,465,8
Melon,466,13
Melon,467,7
Melon,468,14
Melon,469,12
Melon,470,8
Melon,471,9
Melon,472,9
Melon,473,10
Melon,474,17
Melon,475,13
Melon,476,10
Melon,477,10
Melon,478,9
Melon,479,7
Melon,480,11
Melon,481,13
Melon,482,10
Melon,483,8
Melon,484,11
Melon,485,10
Melon,486,7
Melon,487,11
Melon,488,8
Melon,489,9
Melon,490,13
Melon,491,13
Melon,492,11
Melon,493,8
Melon,494,10
Melon,495,9
Melon,496,14
Melon,497,8
Melon,498,9
Melon,499,11
Melon,500,10
Melon,501,8
Melon,502,8
Melon,503,11
Melon,504,11
Melon,505,13
Melon,506,9
Melon,507,9
Melon,508,10
Melon,509,8
Melon,510,10
Melon,511,11
Melon,512,7
Melon,513,8
Melon,514,9
Melon,515,13
Melon,516,10
Melon,517,9
Melon,518,16
Melon,519,19
Melon,520,14
Melon,521,10
Melon,522,8
Melon,523,9
Melon,524,9
Melon,525,9
Melon,526,10
Melon,527,9
Melon,528,10
Melon,529,11
Melon,530,10
Melon,531,9
Melon,532,10
Melon,533,11
Melon,534,10
Melon,535,10
Melon,536,11
Melon,537,7
Melon,538,10
Melon,539,11
Melon,540,9
Melon,541,7
Melon,542,10
Melon,543,9
Melon,544,10
Melon,545,10
Melon,546,15
Melon,547,11
Melon,548,10
Melon,549,8
Melon,550,9
Melon,551,10
Melon,552,12
Melon,553,9
Melon,554,12
Melon,555,12
Melon,556,10
Melon,557,16
Melon,558,8
Melon,559,11
Melon,560,11
Melon,561,13
Melon,562,11
Melon,563,8
Melon,564,7
Melon,565,10
Melon,566,10
Melon,567,8
Melon,568,10
Melon,569,12
Melon,570,7
Melon,571,8
Melon,572,7
Melon,573,11
Melon,574,13
Melon,575,11
Melon,576,12
Melon,577,11
Melon,578,11
Melon,579,12
Melon,580,8
Melon,581,13
Melon,582,7
Melon,583,9
Melon,584,10
Melon,585,10
Melon,586,12
Melon,587,10
Melon,588,8
Melon,589,10
Melon,590,9
Melon,591,8
Melon,592,10
Melon,593,12
Melon,594,10
Melon,595,11
Melon,596,7
Melon,597,10
Melon,598,11
Melon,599,8
Melon,600,8
Melon,601,11
Melon,602,8
Melon,603,8
Melon,604,15
Melon,605,13
Melon,606,10
Melon,607,12
Melon,608,12
Melon,609,16
Melon,610,11
Melon,611,13
Melon,612,9
Melon,613,8
Melon,614,12
Melon,615,8
Melon,616,11
Melon,617,12
Melon,618,9
Melon,619,10
Melon,620,10
Melon,621,13
Melon,622,11
Melon,623,8
Melon,624,8
Melon,625,9
Melon,626,14
Melon,627,10
Melon,628,10
Melon,629,11
Melon,630,8
Melon,631,10
Melon,632,8
Melon,633,7
Melon,634,12
Melon,635,10
Melon,636,13
Melon,637,9
Melon,638,11
Melon,639,9
Melon,640,9
Melon,641,13
Melon,642,16
Melon,643,9
Melon,644,8
Melon,645,11
Melon,646,13
Melon,647,8
Melon,648,7
Melon,649,9
Melon,650,10
Melon,651,9
Melon,652,11
Melon,653,9
Melon,654,11
Melon,655,7
Melon,656,15
Melon,657,7
Melon,658,9
Melon,659,7
Melon,660,8
Melon,661,9
Melon,662,10
Melon,663,9
Melon,664,11
Melon,665,10
Melon,666,9
Melon,667,7
Melon,668,7
Melon,669,8
Melon,670,10
Melon,671,9
Melon,672,9
Melon,673,9
Melon,674,13
Melon,675,9
Melon,676,10
Melon,677,14
Melon,678,10
Melon,679,7
Melon,680,13
Melon,681,7
Melon,682,16
Melon,683,10
Melon,684,8
Melon,685,9
Melon,686,8
Melon,687,11
Melon,688,10
Melon,689,8
Melon,690,10
Melon,691,10
Melon,692,9
Melon,693,10
Melon,694,10
Melon,695,8
Melon,696,16
Melon,697,13
Melon,698,7
Melon,699,8
Melon,700,9
Melon,701,14
Melon,702,9
Melon,703,11
Melon,704,10
Melon,705,12
Melon,706,11
Melon,707,9
Melon,708,9
Melon,709,8
Melon,710,14
Melon,711,9
Melon,712,8
Melon,713,9
Melon,714,10
Melon,715,8
Melon,716,9
Melon,717,10
Melon,718,8
Melon,719,11
Melon,720,9
Melon,721,12
Melon,722,12
Melon,723,8
Melon,724,10
Melon,725,14
Melon,726,9
Melon,727,9
Melon,728,12
Melon,729,13
Melon,730,10
Melon,731,8
Melon,732,12
Melon,733,8
Melon,734,8
Melon,735,10
Melon,736,8
Melon,737,10
Melon,738,11
Melon,739,9
Melon,740,8
Melon,741,13
Melon,742,10
Melon,743,8
Melon,744,8
Melon,745,9
Melon,746,8
Melon,747,19
Melon,748,14
Melon,749,11
Melon,750,8
Melon,751,9
Melon,752,20
Melon,753,8
Melon,754,8
Melon,755,12
Melon,756,8
Melon,757,12
Melon,758,9
Melon,759,7
Melon,760,10
Melon,761,8
Melon,762,8
Melon,763,10
Melon,764,9
Melon,765,10
Melon,766,10
Melon,767,11
Melon,768,9
Melon,769,7
Melon,770,8
Melon,771,14
Melon,772,9
Melon,773,8
Melon,774,14
Melon,775,10
Melon,776,11
Melon,777,11
Melon,778,15
Melon,779,11
Melon,780,16
Melon,781,10
Melon,782,10
Melon,783,9
Melon,784,9
Melon,785,11
Melon,786,10
Melon,787,10
Melon,788,9
Melon,789,11
Melon,790,10
Melon,791,8
Melon,792,9
Melon,793,13
Melon,794,13
Melon,795,11
Melon,796,7
Melon,797,10
Melon,798,11
Melon,799,7
Melon,800,9
Melon,801,9
Melon,802,9
Melon,803,9
Melon,804,9
Melon,805,11
Melon,806,10
Melon,807,8
Melon,808,10
Melon,809,11
Melon,810,8
Melon,811,9
Melon,812,9
Melon,813,10
Melon,814,11
Melon,815,9
Melon,816,8
Melon,817,14
Melon,818,8
Melon,819,12
Melon,820,12
Melon,821,9
Melon,822,8
Melon,823,10
Melon,824,8
Melon,825,10
Melon,826,8
Melon,827,9
Melon,828,10
Melon,829,9
Melon,830,9
Melon,831,10
Melon,832,9
Melon,833,12
Melon,834,8
Melon,835,9
Melon,836,9
Melon,837,8
Melon,838,12
Melon,839,9
Melon,840,7
Melon,841,9
Melon,842,17
Melon,843,7
Melon,844,9
Melon,845,10
Melon,846,9
Melon,847,7
Melon,848,8
Melon,849,12
Melon,850,10
Melon,851,9
Melon,852,11
Melon,853,12
Melon,854,10
Melon,855,15
Melon,856,16
Melon,857,13
Melon,858,10
Melon,859,8
Melon,860,10
Melon,861,15
Melon,862,9
Melon,863,8
Melon,864,22
Melon,865,11
Melon,866,9
Melon,867,9
Melon,868,12
Melon,869,12
Melon,870,10
Melon,871,14
Melon,872,10
Melon,873,11
Melon,874,11
Melon,875,12
Melon,876,13
Melon,877,11
Melon,878,9
Melon,879,10
Melon,880,13
Melon,881,8
Melon,882,10
Melon,883,16
Melon,884,9
Melon,885,10
Melon,886,8
Melon,887,8
Melon,888,9
Melon,889,10
Melon,890,13
Melon,891,14
Melon,892,12
Melon,893,10
Melon,894,9
Melon,895,14
Melon,896,10
Melon,897,7
Melon,898,12
Melon,899,17
Melon,900,11
Melon,901,8
Melon,902,8
Melon,903,9
Melon,904,7
Melon,905,15
Melon,906,9
Melon,907,16
Melon,908,11
Melon,909,9
Melon,910,12
Melon,911,12
Melon,912,10
Melon,913,7
Melon,914,9
Melon,915,9
Melon,916,7
Melon,917,12
Melon,918,11
Melon,919,8
Melon,920,7
Melon,921,9
Melon,922,10
Melon,923,10
Melon,924,10
Melon,925,10
Melon,926,9
Melon,927,12
Melon,928,10
Melon,929,14
Melon,930,10
Melon,931,12
Melon,932,9
Melon,933,11
Melon,934,14
Melon,935,10
Melon,936,9
Melon,937,8
Melon,938,14
Melon,939,19
Melon,940,8
Melon,941,7
Melon,942,8
Melon,943,17
Melon,944,12
Melon,945,7
Melon,946,17
Melon,947,10
Melon,948,11
Melon,949,10
Melon,950,11
Melon,951,10
Melon,952,12
Melon,953,10
Melon,954,12
Melon,955,8
Melon,956,10
Melon,957,12
Melon,958,7
Melon,959,8
Melon,960,10
Melon,961,12
Melon,962,7
Melon,963,13
Melon,964,12
Melon,965,12
Melon,966,16
Melon,967,8
Melon,968,8
Melon,969,16
Melon,970,11
Melon,971,10
Melon,972,9
Melon,973,10
Melon,974,8
Melon,975,10
Melon,976,12
Melon,977,12
Melon,978,8
Melon,979,9
Melon,980,10
Melon,981,8
Melon,982,9
Melon,983,10
Melon,984,10
Melon,985,7
Melon,986,12
Melon,987,7
Melon,988,11
Melon,989,15
Melon,990,10
Melon,991,8
Melon,992,13
Melon,993,13
Melon,994,9
Melon,995,9
Melon,996,10
Melon,997,8
Melon,998,7
Melon,999,11
Melon,1000,8
Melon,1001,7
Melon,1002,7
Melon,1003,14
Melon,1004,11
Melon,1005,9
Melon,1006,8
Melon,1007,9
Melon,1008,12
Melon,1009,11
Melon,1010,12
Melon,1011,8
Melon,1012,7
Melon,1013,9
Melon,1014,9
Melon,1015,10
Melon,1016,15
Melon,1017,7
Melon,1018,12
Melon,1019,12
Melon,1020,12
Melon,1021,11
Melon,1022,7
Melon,1023,7
Melon,1024,20
Melon,1025,12
Melon,1026,10
Melon,1027,7
Melon,1028,10
Melon,1029,8
Melon,1030,12
Melon,1031,15
Melon,1032,15
Melon,1033,9
Melon,1034,8
Melon,1035,12
Melon,1036,9
Melon,1037,7
Melon,1038,9
Melon,1039,10
Melon,1040,8
Melon,1041,10
Melon,1042,9
Melon,1043,10
Melon,1044,10
Melon,1045,11
Melon,1046,12
Melon,1047,9
Melon,1048,9
Melon,1049,12
Melon,1050,12
Melon,1051,8
Melon,1052,14
Melon,1053,9
Melon,1054,11
Melon,1055,9
Melon,1056,7
Melon,1057,12
Melon,1058,13
Melon,1059,9
Melon,1060,7
Melon,1061,7
Melon,1062,9
Melon,1063,9
Melon,1064,10
Melon,1065,10
Melon,1066,8
Melon,1067,7
Melon,1068,8
Melon,1069,11
Melon,1070,7
Melon,1071,14
Melon,1072,9
Melon,1073,8
Melon,1074,11
Melon,1075,11
Melon,1076,12
Melon,1077,9
Melon,1078,16
Melon,1079,10
Melon,1080,7
Melon,1081,10
Melon,1082,9
Melon,1083,10
Melon,1084,8
Melon,1085,12
Melon,1086,16
Melon,1087,11
Melon,1088,10
Melon,1089,8
Melon,1090,9
Melon,1091,11
Melon,1092,9
Melon,1093,7
Melon,1094,8
Melon,1095,15
Melon,1096,9
Melon,1097,9
Melon,1098,9
Melon,1099,11
Melon,1100,12
Melon,1101,10
Melon,1102,7
Melon,1103,8
Melon,1104,8
Melon,1105,12
Melon,1106,11
Melon,1107,12
Melon,1108,10
Melon,1109,8
Melon,1110,12
Melon,1111,8
Melon,1112,16
Melon,1113,13
Melon,1114,11
Melon,1115,8
Melon,1116,9
Melon,1117,9
Melon,1118,8
Melon,1119,14
Melon,1120,10
Melon,1121,8
Melon,1122,9
Melon,1123,8
Melon,1124,11
Melon,1125,14
Melon,1126,9
Melon,1127,12
Melon,1128,12
Melon,1129,11
Melon,1130,8
Melon,1131,9
Melon,1132,14
Melon,1133,11
Melon,1134,10
Melon,1135,11
Melon,1136,9
Melon,1137,9
Melon,1138,12
Melon,1139,12
Melon,1140,13
Melon,1141,7
Melon,1142,13
Melon,1143,12
Melon,1144,10
Melon,1145,9
Melon,1146,10
Melon,1147,11
Melon,1148,8
Melon,1149,10
Melon,1150,14
Melon,1151,9
Melon,1152,9
Melon,1153,9
Melon,1154,8
Melon,1155,10
Melon,1156,11
Melon,1157,8
Melon,1158,8
Melon,1159,9
Melon,1160,12
Melon,1161,11
Melon,1162,11
Melon,1163,8
Melon,1164,16
Melon,1165,12
Melon,1166,13
Melon,1167,11
Melon,1168,11
Melon,1169,9
Melon,1170,9
Melon,1171,12
Melon,1172,12
Melon,1173,11
Melon,1174,16
Melon,1175,13
Melon,1176,12
Melon,1177,7
Melon,1178,11
Melon,1179,11
Melon,1180,9
Melon,1181,10
Melon,1182,21
Melon,1183,9
Melon,1184,9
Melon,1185,8
Melon,1186,13
Melon,1187,9
Melon,1188,10
Melon,1189,10
Melon,1190,9
Melon,1191,9
Melon,1192,11
Melon,1193,10
Melon,1194,12
Melon,1195,9
Melon,1196,9
Melon,1197,13
Melon,1198,12
Melon,1199,9
Melon,1200,9
Melon,1201,9
Melon,1202,8
Melon,1203,13
Melon,1204,12
Melon,1205,9
Melon,1206,9
Melon,1207,10
Melon,1208,9
Melon,1209,11
Melon,1210,9
Melon,1211,12
Melon,1212,10
Melon,1213,14
Melon,1214,10
Melon,1215,9
Melon,1216,11
Melon,1217,11
Melon,1218,10
Melon,1219,14
Melon,1220,12
Melon,1221,10
Melon,1222,13
Melon,1223,10
Melon,1224,11
Melon,1225,10
Melon,1226,15
Melon,1227,10
Melon,1228,9
Melon,1229,8
Melon,1230,8
Melon,1231,9
Melon,1232,13
Melon,1233,15
Melon,1234,17
Melon,1235,9
Melon,1236,7
Melon,1237,11
Melon,1238,11
Melon,1239,8
Melon,1240,9
Melon,1241,8
Melon,1242,9
Melon,1243,10
Melon,1244,10
Melon,1245,7
Melon,1246,9
Melon,1247,9
Melon,1248,12
Melon,1249,7
Melon,1250,11
Melon,1251,9
Melon,1252,15
Melon,1253,11
Melon,1254,9
Melon,1255,10
Melon,1256,10
Melon,1257,12
Melon,1258,9
Melon,1259,14
Melon,1260,9
Melon,1261,8
Melon,1262,11
Melon,1263,9
Melon,1264,9
Melon,1265,8
Melon,1266,10
Melon,1267,10
Melon,1268,9
Melon,1269,14
Melon,1270,9
Melon,1271,10
Melon,1272,9
Melon,1273,12
Melon,1274,11
Melon,1275,14
Melon,1276,8
Melon,1277,8
Melon,1278,9
Melon,1279,9
Melon,1280,13
Melon,1281,12
Melon,1282,9
Melon,1283,8
Melon,1284,10
Melon,1285,10
Melon,1286,15
Melon,1287,11
Melon,1288,9
Melon,1289,9
Melon,1290,13
Melon,1291,11
Melon,1292,7
Melon,1293,7
Melon,1294,9
Melon,1295,15
Melon,1296,7
Melon,1297,13
Melon,1298,10
Melon,1299,7
Melon,1300,7
Melon,1301,12
Melon,1302,8
Melon,1303,12
Melon,1304,12
Melon,1305,8
Melon,1306,8
Melon,1307,12
Melon,1308,10
Melon,1309,9
Melon,1310,11
Melon,1311,12
Melon,1312,13
Melon,1313,7
Melon,1314,14
Melon,1315,7
Melon,1316,10
Melon,1317,8
Melon,1318,9
Melon,1319,14
Melon,1320,14
Melon,1321,10
Melon,1322,10
Melon,1323,14
Melon,1324,13
Melon,1325,10
Melon,1326,9
Melon,1327,9
Melon,1328,9
Melon,1329,8
Melon,1330,11
Melon,1331,12
Melon,1332,8
Melon,1333,7
Melon,1334,10
Melon,1335,10
Melon,1336,7
Melon,1337,16
Melon,1338,11
Melon,1339,10
Melon,1340,10
Melon,1341,8
Melon,1342,13
Melon,1343,8
Melon,1344,9
Melon,1345,10
Melon,1346,11
Melon,1347,9
Melon,1348,8
Melon,1349,9
Melon,1350,12
Melon,1351,11
Melon,1352,10
Melon,1353,11
Melon,1354,8
Melon,1355,10
Melon,1356,9
Melon,1357,11
Melon,1358,13
Melon,1359,9
Melon,1360,9
Melon,1361,11
Melon,1362,10
Melon,1363,9
Melon,1364,13
Melon,1365,13
Melon,1366,9
Melon,1367,9
Melon,1368,10
Melon,1369,11
Melon,1370,9
Melon,1371,9
Melon,1372,13
Melon,1373,12
Melon,1374,11
Melon,1375,9
Melon,1376,7
Melon,1377,11
Melon,1378,9
Melon,1379,11
Melon,1380,8
Melon,1381,10
Melon,1382,9
Melon,1383,13
Melon,1384,8
Melon,1385,9
Melon,1386,10
Melon,1387,12
Melon,1388,9
Melon,1389,11
Melon,1390,9
Melon,1391,15
Melon,1392,12
Melon,1393,8
Melon,1394,11
Melon,1395,8
Melon,1396,9
Melon,1397,9
Melon,1398,8
Melon,1399,8
Melon,1400,8
Melon,1401,14
Melon,1402,10
Melon,1403,9
Melon,1404,10
Melon,1405,14
Melon,1406,10
Melon,1407,14
Melon,1408,8
Melon,1409,11
Melon,1410,9
Melon,1411,10
Melon,1412,12
Melon,1413,11
Melon,1414,10
Melon,1415,12
Melon,1416,8
Melon,1417,14
Melon,1418,10
Melon,1419,10
Melon,1420,10
Melon,1421,11
Melon,1422,12
Melon,1423,11
Melon,1424,12
Melon,1425,8
Melon,1426,7
Melon,1427,14
Melon,1428,10
Melon,1429,8
Melon,1430,7
Melon,1431,10
Melon,1432,10
Melon,1433,9
Melon,1434,14
Melon,1435,8
Melon,1436,8
Melon,1437,10
Melon,1438,10
Melon,1439,9
Melon,1440,15
Melon,1441,9
Melon,1442,8
Melon,1443,7
Melon,1444,8
Melon,1445,10
Melon,1446,9
Melon,1447,8
Melon,1448,13
Melon,1449,10
Melon,1450,8
Melon,1451,10
Melon,1452,12
Melon,1453,8
Melon,1454,12
Melon,1455,16
Melon,1456,12
Melon,1457,9
Melon,1458,11
Melon,1459,11
Melon,1460,10
Melon,1461,11
Melon,1462,7
Melon,1463,9
Melon,1464,12
Melon,1465,7
Melon,1466,10
Melon,1467,9
Melon,1468,10
Melon,1469,9
Melon,1470,11
Melon,1471,9
Melon,1472,10
Melon,1473,12
Melon,1474,8
Melon,1475,14
Melon,1476,8
Melon,1477,11
Melon,1478,12
Melon,1479,11
Melon,1480,12
Melon,1481,8
Melon,1482,8
Melon,1483,12
Melon,1484,10
Melon,1485,9
Melon,1486,9
Melon,1487,10
Melon,1488,13
Melon,1489,8
Melon,1490,11
Melon,1491,11
Melon,1492,12
Melon,1493,10
Melon,1494,10
Melon,1495,8
Melon,1496,8
Melon,1497,12
Melon,1498,9
Melon,1499,12
Melon,1500,11
Melon,1501,12
Melon,1502,12
Melon,1503,9
Melon,1504,13
Melon,1505,13
Melon,1506,8
Melon,1507,8
Melon,1508,9
Melon,1509,12
Melon,1510,11
Melon,1511,9
Melon,1512,10
Melon,1513,11
Melon,1514,8
Melon,1515,10
Melon,1516,9
Melon,1517,9
Melon,1518,12
Melon,1519,12
Melon,1520,10
Melon,1521,13
Melon,1522,7
Melon,1523,8
Melon,1524,9
Melon,1525,10
Melon,1526,8
Melon,1527,15
Melon,1528,8
Melon,1529,11
Melon,1530,15
Melon,1531,9
Melon,1532,8
Melon,1533,13
Melon,1534,12
Melon,1535,13
Melon,1536,12
Melon,1537,10
Melon,1538,10
Melon,1539,9
Melon,1540,9
Melon,1541,8
Melon,1542,12
Melon,1543,9
Melon,1544,9
Melon,1545,10
Melon,1546,8
Melon,1547,9
Melon,1548,7
Melon,1549,13
Melon,1550,10
Melon,1551,19
Melon,1552,9
Melon,1553,8
Melon,1554,9
Melon,1555,18
Melon,1556,19
Melon,1557,9
Melon,1558,13
Melon,1559,9
Melon,1560,11
Melon,1561,14
Melon,1562,10
Melon,1563,9
Melon,1564,11
Melon,1565,16
Melon,1566,11
Melon,1567,10
Melon,1568,9
Melon,1569,9
Melon,1570,8
Melon,1571,11
Melon,1572,9
Melon,1573,15
Melon,1574,10
Melon,1575,15
Melon,1576,14
Melon,1577,7
Melon,1578,13
Melon,1579,13
Melon,1580,13
Melon,1581,12
Melon,1582,8
Melon,1583,9
Melon,1584,8
Melon,1585,11
Melon,1586,8
Melon,1587,7
Melon,1588,8
Melon,1589,12
Melon,1590,12
Melon,1591,8
Melon,1592,13
Melon,1593,9
Melon,1594,12
Melon,1595,16
Melon,1596,9
Melon,1597,9
Melon,1598,12
Melon,1599,10
Melon,1600,10
Melon,1601,11
Melon,1602,11
Melon,1603,12
Melon,1604,9
Melon,1605,10
Melon,1606,11
Melon,1607,14
Melon,1608,11
Melon,1609,14
Melon,1610,9
Melon,1611,11
Melon,1612,12
Melon,1613,10
Melon,1614,12
Melon,1615,8
Melon,1616,7
Melon,1617,11
Melon,1618,13
Melon,1619,9
Melon,1620,13
Melon,1621,14
Melon,1622,10
Melon,1623,13
Melon,1624,16
Melon,1625,8
Melon,1626,13
Melon,1627,13
Melon,1628,10
Melon,1629,11
Melon,1630,11
Melon,1631,11
Melon,1632,11
Melon,1633,10
Melon,1634,9
Melon,1635,10
Melon,1636,8
Melon,1637,11
Melon,1638,8
Melon,1639,12
Melon,1640,9
Melon,1641,9
Melon,1642,13
Melon,1643,9
Melon,1644,7
Melon,1645,11
Melon,1646,9
Melon,1647,7
Melon,1648,8
Melon,1649,9
Melon,1650,8
Melon,1651,12
Melon,1652,7
Melon,1653,9
Melon,1654,9
Melon,1655,9
Melon,1656,8
Melon,1657,13
Melon,1658,10
Melon,1659,9
Melon,1660,10
Melon,1661,9
Melon,1662,11
Melon,1663,11
Melon,1664,11
Melon,1665,8
Melon,1666,9
Melon,1667,17
Melon,1668,8
Melon,1669,15
Melon,1670,7
Melon,1671,14
Melon,1672,10
Melon,1673,17
Melon,1674,11
Melon,1675,7
Melon,1676,14
Melon,1677,11
Melon,1678,9
Melon,1679,8
Melon,1680,9
Melon,1681,8
Melon,1682,13
Melon,1683,11
Melon,1684,13
Melon,1685,10
Melon,1686,10
Melon,1687,11
Melon,1688,13
Melon,1689,10
Melon,1690,10
Melon,1691,11
Melon,1692,7
Melon,1693,8
Melon,1694,12
Melon,1695,8
Melon,1696,8
Melon,1697,13
Melon,1698,13
Melon,1699,10
Melon,1700,8
Melon,1701,10
Melon,1702,12
Melon,1703,12
Melon,1704,14
Melon,1705,12
Melon,1706,9
Melon,1707,8
Melon,1708,8
Melon,1709,13
Melon,1710,13
Melon,1711,13
Melon,1712,13
Melon,1713,10
Melon,1714,10
Melon,1715,12
Melon,1716,9
Melon,1717,7
Melon,1718,12
Melon,1719,8
Melon,1720,8
Melon,1721,12
Melon,1722,8
Melon,1723,12
Melon,1724,10
Melon,1725,9
Melon,1726,8
Melon,1727,8
Melon,1728,9
Melon,1729,7
Melon,1730,10
Melon,1731,10
Melon,1732,8
Melon,1733,9
Melon,1734,7
Melon,1735,14
Melon,1736,10
Melon,1737,7
Melon,1738,10
Melon,1739,8
Melon,1740,12
Melon,1741,11
Melon,1742,12
Melon,1743,12
Melon,1744,8
Melon,1745,11
Melon,1746,10
Melon,1747,11
Melon,1748,8
Melon,1749,11
Melon,1750,8
Melon,1751,13
Melon,1752,9
Melon,1753,8
Melon,1754,15
Melon,1755,9
Melon,1756,8
Melon,1757,14
Melon,1758,11
Melon,1759,10
Melon,1760,13
Melon,1761,9
Melon,1762,12
Melon,1763,7
Melon,1764,14
Melon,1765,12
Melon,1766,7
Melon,1767,15
Melon,1768,10
Melon,1769,11
Melon,1770,9
Melon,1771,9
Melon,1772,13
Melon,1773,11
Melon,1774,15
Melon,1775,9
Melon,1776,9
Melon,1777,7
Melon,1778,8
Melon,1779,9
Melon,1780,13
Melon,1781,10
Melon,1782,12
Melon,1783,8
Melon,1784,8
Melon,1785,8
Melon,1786,9
Melon,1787,15
Melon,1788,9
Melon,1789,16
Melon,1790,12
Melon,1791,7
Melon,1792,11
Melon,1793,8
Melon,1794,10
Melon,1795,9
Melon,1796,10
Melon,1797,11
Melon,1798,10
Melon,1799,12
Melon,1800,11
Melon,1801,10
Melon,1802,12
Melon,1803,10
Melon,1804,19
Melon,1805,11
Melon,1806,11
Melon,1807,9
Melon,1808,10
Melon,1809,15
Melon,1810,10
Melon,1811,9
Melon,1812,8
Melon,1813,9
Melon,1814,8
Melon,1815,11
Melon,1816,8
Melon,1817,13
Melon,1818,7
Melon,1819,12
Melon,1820,8
Melon,1821,10
Melon,1822,16
Melon,1823,13
Melon,1824,12
Melon,1825,13
Melon,1826,10
Melon,1827,9
Melon,1828,9
Melon,1829,8
Melon,1830,12
Melon,1831,10
Melon,1832,10
Melon,1833,14
Melon,1834,9
Melon,1835,16
Melon,1836,11
Melon,1837,11
Melon,1838,11
Melon,1839,12
Melon,1840,13
Melon,1841,13
Melon,1842,10
Melon,1843,11
Melon,1844,11
Melon,1845,14
Melon,1846,12
Melon,1847,12
Melon,1848,9
Melon,1849,15
Melon,1850,10
Melon,1851,11
Melon,1852,7
Melon,1853,10
Melon,1854,16
Melon,1855,8
Melon,1856,18
Melon,1857,9
Melon,1858,7
Melon,1859,9
Melon,1860,10
Melon,1861,9
Melon,1862,9
Melon,1863,12
Melon,1864,8
Melon,1865,11
Melon,1866,9
Melon,1867,14
Melon,1868,11
Melon,1869,9
Melon,1870,13
Melon,1871,12
Melon,1872,7
Melon,1873,9
Melon,1874,8
Melon,1875,11
Melon,1876,13
Melon,1877,12
Melon,1878,9
Melon,1879,9
Melon,1880,12
Melon,1881,10
Melon,1882,8
Melon,1883,9
Melon,1884,11
Melon,1885,9
Melon,1886,8
Melon,1887,11
Melon,1888,9
Melon,1889,17
Melon,1890,13
Melon,1891,10
Melon,1892,9
Melon,1893,9
Melon,1894,8
Melon,1895,12
Melon,1896,10
Melon,1897,8
Melon,1898,9
Melon,1899,10
Melon,1900,12
Melon,1901,11
Melon,1902,10
Melon,1903,14
Melon,1904,7
Melon,1905,9
Melon,1906,10
Melon,1907,7
Melon,1908,12
Melon,1909,19
Melon,1910,7
Melon,1911,8
Melon,1912,9
Melon,1913,9
Melon,1914,7
Melon,1915,9
Melon,1916,13
Melon,1917,9
Melon,1918,11
Melon,1919,13
Melon,1920,13
Melon,1921,8
Melon,1922,9
Melon,1923,7
Melon,1924,17
Melon,1925,9
Melon,1926,9
Melon,1927,11
Melon,1928,17
Melon,1929,9
Melon,1930,11
Melon,1931,9
Melon,1932,8
Melon,1933,11
Melon,1934,9
Melon,1935,9
Melon,1936,12
Melon,1937,11
Melon,1938,7
Melon,1939,13
Melon,1940,10
Melon,1941,15
Melon,1942,12
Melon,1943,8
Melon,1944,12
Melon,1945,14
Melon,1946,13
Melon,1947,8
Melon,1948,9
Melon,1949,9
Melon,1950,14
Melon,1951,16
Melon,1952,7
Melon,1953,10
Melon,1954,10
Melon,1955,13
Melon,1956,9
Melon,1957,10
Melon,1958,10
Melon,1959,12
Melon,1960,12
Melon,1961,9
Melon,1962,9
Melon,1963,10
Melon,1964,7
Melon,1965,8
Melon,1966,9
Melon,1967,12
Melon,1968,10
Melon,1969,9
Melon,1970,10
Melon,1971,9
Melon,1972,9
Melon,1973,18
Melon,1974,11
Melon,1975,11
Melon,1976,11
Melon,1977,10
Melon,1978,11
Melon,1979,15
Melon,1980,11
Melon,1981,11
Melon,1982,9
Melon,1983,9
Melon,1984,13
Melon,1985,13
Melon,1986,8
Melon,1987,12
Melon,1988,14
Melon,1989,13
Melon,1990,7
Melon,1991,11
Melon,1992,11
Melon,1993,13
Melon,1994,10
Melon,1995,11
Melon,1996,9
Melon,1997,9
Melon,1998,9
Melon,1999,7
Melon,2000,9
Melon,2001,11
Melon,2002,11
Melon,2003,14
Melon,2004,13
Melon,2005,14
Melon,2006,10
Melon,2007,10
Melon,2008,7
Melon,2009,12
Melon,2010,10
Melon,2011,12
Melon,2012,11
Melon,2013,7
Melon,2014,14
Melon,2015,13
Melon,2016,14
Melon,2017,12
Melon,2018,8
Melon,2019,8
Melon,2020,12
Melon,2021,8
Melon,2022,10
Melon,2023,11
Melon,2024,10
Melon,2025,15
Melon,2026,9
Melon,2027,10
Melon,2028,9
Melon,2029,8
Melon,2030,10
Melon,2031,9
Melon,2032,8
Melon,2033,10
Melon,2034,7
Melon,2035,10
Melon,2036,9
Melon,2037,7
Melon,2038,13
Melon,2039,11
Melon,2040,9
Melon,2041,10
Melon,2042,8
Melon,2043,8
Melon,2044,7
Melon,2045,12
Melon,2046,12
Melon,2047,8
Melon,2048,12
Melon,2049,17
Melon,2050,10
Melon,2051,8
Melon,2052,9
Melon,2053,7
Melon,2054,8
Melon,2055,14
Melon,2056,8
Melon,2057,11
Melon,2058,11
Melon,2059,12
Melon,2060,10
Melon,2061,14
Melon,2062,10
Melon,2063,10
Melon,2064,13
Melon,2065,10
Melon,2066,9
Melon,2067,8
Melon,2068,8
Melon,2069,13
Melon,2070,8
Melon,2071,10
Melon,2072,12
Melon,2073,10
Melon,2074,13
Melon,2075,11
Melon,2076,9
Melon,2077,11
Melon,2078,9
Melon,2079,7
Melon,2080,13
Melon,2081,12
Melon,2082,10
Melon,2083,9
Melon,2084,13
Melon,2085,9
Melon,2086,8
Melon,2087,7
Melon,2088,9
Melon,2089,10
Melon,2090,11
Melon,2091,13
Melon,2092,11
Melon,2093,8
Melon,2094,10
Melon,2095,8
Melon,2096,11
Melon,2097,10
Melon,2098,11
Melon,2099,8
Melon,2100,12
Melon,2101,13
Melon,2102,12
Melon,2103,11
Melon,2104,12
Melon,2105,9
Melon,2106,8
Melon,2107,15
Melon,2108,9
Melon,2109,12
Melon,2110,10
Melon,2111,12
Melon,2112,14
Melon,2113,8
Melon,2114,9
Melon,2115,10
Melon,2116,11
Melon,2117,10
Melon,2118,8
Melon,2119,9
Melon,2120,11
Melon,2121,10
Melon,2122,12
Melon,2123,7
Melon,2124,7
Melon,2125,9
Melon,2126,13
Melon,2127,9
Melon,2128,14
Melon,2129,10
Melon,2130,13
Melon,2131,10
Melon,2132,17
Melon,2133,8
Melon,2134,16
Melon,2135,11
Melon,2136,9
Melon,2137,14
Melon,2138,7
Melon,2139,12
Melon,2140,11
Melon,2141,10
Melon,2142,11
Melon,2143,8
Melon,2144,14
Melon,2145,8
Melon,2146,9
Melon,2147,11
Melon,2148,10
Melon,2149,12
Melon,2150,8
Melon,2151,10
Melon,2152,9
Melon,2153,12
Melon,2154,9
Melon,2155,12
Melon,2156,9
Melon,2157,11
Melon,2158,16
Melon,2159,10
Melon,2160,12
Melon,2161,10
Melon,2162,12
Melon,2163,14
Melon,2164,10
Melon,2165,10
Melon,2166,10
Melon,2167,10
Melon,2168,9
Melon,2169,13
Melon,2170,13
Melon,2171,11
Melon,2172,8
Melon,2173,9
Melon,2174,12
Melon,2175,8
Melon,2176,10
Melon,2177,8
Melon,2178,11
Melon,2179,8
Melon,2180,11
Melon,2181,8
Melon,2182,12
Melon,2183,8
Melon,2184,12
Melon,2185,10
Melon,2186,10
Melon,2187,9
Melon,2188,11
Melon,2189,10
Melon,2190,9
Melon,2191,10
Melon,2192,9
Melon,2193,8
Melon,2194,11
Melon,2195,8
Melon,2196,11
Melon,2197,11
Melon,2198,10
Melon,2199,12
Melon,2200,12
Melon,2201,10
Melon,2202,9
Melon,2203,8
Melon,2204,11
Melon,2205,7
Melon,2206,11
Melon,2207,10
Melon,2208,12
Melon,2209,14
Melon,2210,11
Melon,2211,15
Melon,2212,13
Melon,2213,15
Melon,2214,12
Melon,2215,10
Melon,2216,8
Melon,2217,10
Melon,2218,13
Melon,2219,10
Melon,2220,9
Melon,2221,11
Melon,2222,8
Melon,2223,11
Melon,2224,12
Melon,2225,9
Melon,2226,13
Melon,2227,10
Melon,2228,8
Melon,2229,12
Melon,2230,8
Melon,2231,10
Melon,2232,11
Melon,2233,8
Melon,2234,8
Melon,2235,8
Melon,2236,11
Melon,2237,9
Melon,2238,7
Melon,2239,11
Melon,2240,14
Melon,2241,10
Melon,2242,8
Melon,2243,11
Melon,2244,10
Melon,2245,8
Melon,2246,10
Melon,2247,8
Melon,2248,9
Melon,2249,11
Melon,2250,9
Melon,2251,7
Melon,2252,9
Melon,2253,10
Melon,2254,9
Melon,2255,8
Melon,2256,10
Melon,2257,17
Melon,2258,15
Melon,2259,7
Melon,2260,11
Melon,2261,9
Melon,2262,10
Melon,2263,9
Melon,2264,8
Melon,2265,12
Melon,2266,8
Melon,2267,13
Melon,2268,8
Melon,2269,14
Melon,2270,14
Melon,2271,11
Melon,2272,10
Melon,2273,10
Melon,2274,11
Melon,2275,11
Melon,2276,8
Melon,2277,10
Melon,2278,12
Melon,2279,10
Melon,2280,16
Melon,2281,10
Melon,2282,12
Melon,2283,9
Melon,2284,15
Melon,2285,11
Melon,2286,9
Melon,2287,14
Melon,2288,7
Melon,2289,10
Melon,2290,9
Melon,2291,10
Melon,2292,15
Melon,2293,10
Melon,2294,14
Melon,2295,8
Melon,2296,9
Melon,2297,10
Melon,2298,8
Melon,2299,12
Melon,2300,8
Melon,2301,11
Melon,2302,9
Melon,2303,8
Melon,2304,7
Melon,2305,11
Melon,2306,11
Melon,2307,9
Melon,2308,9
Melon,2309,8
Melon,2310,9
Melon,2311,10
Melon,2312,14
Melon,2313,8
Melon,2314,11
Melon,2315,14
Melon,2316,9
Melon,2317,12
Melon,2318,9
Melon,2319,11
Melon,2320,12
Melon,2321,8
Melon,2322,7
Melon,2323,8
Melon,2324,9
Melon,2325,11
Melon,2326,10
Melon,2327,8
Melon,2328,11
Melon,2329,9
Melon,2330,11
Melon,2331,8
Melon,2332,11
Melon,2333,8
Melon,2334,11
Melon,2335,10
Melon,2336,8
Melon,2337,12
Melon,2338,9
Melon,2339,10
Melon,2340,9
Melon,2341,10
Melon,2342,11
Melon,2343,12
Melon,2344,11
Melon,2345,12
Melon,2346,9
Melon,2347,9
Melon,2348,10
Melon,2349,9
Melon,2350,7
Melon,2351,8
Melon,2352,8
Melon,2353,9
Melon,2354,11
Melon,2355,11
Melon,2356,9
Melon,2357,7
Melon,2358,9
Melon,2359,10
Melon,2360,9
Melon,2361,9
Melon,2362,9
Melon,2363,9
Melon,2364,10
Melon,2365,8
Melon,2366,11
Melon,2367,13
Melon,2368,9
Melon,2369,12
Melon,2370,10
Melon,2371,9
Melon,2372,11
Melon,2373,10
Melon,2374,9
Melon,2375,8
Melon,2376,9
Melon,2377,8
Melon,2378,10
Melon,2379,9
Melon,2380,12
Melon,2381,10
Melon,2382,12
Melon,2383,12
Melon,2384,14
Melon,2385,10
Melon,2386,8
Melon,2387,17
Melon,2388,9
Melon,2389,12
Melon,2390,9
Melon,2391,7
Melon,2392,10
Melon,2393,7
Melon,2394,9
Melon,2395,16
Melon,2396,15
Melon,2397,9
Melon,2398,9
Melon,2399,9
Melon,2400,10
Melon,2401,13
Melon,2402,9
Melon,2403,15
Melon,2404,8
Melon,2405,11
Melon,2406,9
Melon,2407,9
Melon,2408,8
Melon,2409,8
Melon,2410,12
Melon,2411,9
Melon,2412,8
Melon,2413,9
Melon,2414,8
Melon,2415,9
Melon,2416,7
Melon,2417,10
Melon,2418,9
Melon,2419,7
Melon,2420,9
Melon,2421,13
Melon,2422,9
Melon,2423,9
Melon,2424,9
Melon,2425,8
Melon,2426,7
Melon,2427,9
Melon,2428,9
Melon,2429,9
Melon,2430,11
Melon,2431,15
Melon,2432,8
Melon,2433,11
Melon,2434,13
Melon,2435,8
Melon,2436,12
Melon,2437,8
Melon,2438,9
Melon,2439,8
Melon,2440,12
Melon,2441,13
Melon,2442,12
Melon,2443,10
Melon,2444,12
Melon,2445,8
Melon,2446,17
Melon,2447,9
Melon,2448,10
Melon,2449,18
Melon,2450,10
Melon,2451,9
Melon,2452,8
Melon,2453,12
Melon,2454,9
Melon,2455,8
Melon,2456,12
Melon,2457,11
Melon,2458,11
Melon,2459,9
Melon,2460,11
Melon,2461,8
Melon,2462,8
Melon,2463,14
Melon,2464,10
Melon,2465,11
Melon,2466,10
Melon,2467,10
Melon,2468,14
Melon,2469,10
Melon,2470,11
Melon,2471,7
Melon,2472,16
Melon,2473,8
Melon,2474,13
Melon,2475,7
Melon,2476,8
Melon,2477,11
Melon,2478,11
Melon,2479,9
Melon,2480,9
Melon,2481,10
Melon,2482,9
Melon,2483,9
Melon,2484,11
Melon,2485,7
Melon,2486,12
Melon,2487,12
Melon,2488,15
Melon,2489,13
Melon,2490,11
Melon,2491,13
Melon,2492,18
Melon,2493,9
Melon,2494,9
Melon,2495,13
Melon,2496,13
Melon,2497,10
Melon,2498,16
Melon,2499,10
Melon,2500,17
Melon,2501,11
Melon,2502,10
Melon,2503,12
Melon,2504,13
Melon,2505,11
Melon,2506,7
Melon,2507,10
Melon,2508,8
Melon,2509,9
Melon,2510,7
Melon,2511,7
Melon,2512,10
Melon,2513,12
Melon,2514,9
Melon,2515,9
Melon,2516,8
Melon,2517,9
Melon,2518,9
Melon,2519,9
Melon,2520,8
Melon,2521,10
Melon,2522,7
Melon,2523,11
Melon,2524,8
Melon,2525,15
Melon,2526,9
Melon,2527,11
Melon,2528,8
Melon,2529,10
Melon,2530,11
Melon,2531,7
Melon,2532,11
Melon,2533,15
Melon,2534,13
Melon,2535,8
Melon,2536,7
Melon,2537,9
Melon,2538,13
Melon,2539,9
Melon,2540,14
Melon,2541,8
Melon,2542,8
Melon,2543,10
Melon,2544,12
Melon,2545,9
Melon,2546,15
Melon,2547,9
Melon,2548,8
Melon,2549,11
Melon,2550,11
Melon,2551,13
Melon,2552,8
Melon,2553,9
Melon,2554,10
Melon,2555,8
Melon,2556,11
Melon,2557,11
Melon,2558,10
Melon,2559,11
Melon,2560,11
Melon,2561,14
Melon,2562,10
Melon,2563,7
Melon,2564,15
Melon,2565,8
Melon,2566,12
Melon,2567,12
Melon,2568,9
Melon,2569,9
Melon,2570,8
Melon,2571,8
Melon,2572,12
Melon,2573,7
Melon,2574,10
Melon,2575,9
Melon,2576,11
Melon,2577,10
Melon,2578,11
Melon,2579,12
Melon,2580,8
Melon,2581,9
Melon,2582,11
Melon,2583,7
Melon,2584,15
Melon,2585,10
Melon,2586,7
Melon,2587,8
Melon,2588,8
Melon,2589,10
Melon,2590,7
Melon,2591,9
Melon,2592,18
Melon,2593,11
Melon,2594,9
Melon,2595,19
Melon,2596,9
Melon,2597,8
Melon,2598,9
Melon,2599,11
Melon,2600,10
Melon,2601,8
Melon,2602,8
Melon,2603,9
Melon,2604,11
Melon,2605,12
Melon,2606,10
Melon,2607,10
Melon,2608,9
Melon,2609,9
Melon,2610,11
Melon,2611,14
Melon,2612,10
Melon,2613,14
Melon,2614,8
Melon,2615,9
Melon,2616,12
Melon,2617,9
Melon,2618,7
Melon,2619,11
Melon,2620,8
Melon,2621,8
Melon,2622,13
Melon,2623,9
Melon,2624,7
Melon,2625,12
Melon,2626,10
Melon,2627,10
Melon,2628,8
Melon,2629,12
Melon,2630,7
Melon,2631,11
Melon,2632,9
Melon,2633,10
Melon,2634,7
Melon,2635,10
Melon,2636,9
Melon,2637,12
Melon,2638,11
Melon,2639,9
Melon,2640,8
Melon,2641,11
Melon,2642,7
Melon,2643,8
Melon,2644,14
Melon,2645,10
Melon,2646,9
Melon,2647,10
Melon,2648,13
Melon,2649,11
Melon,2650,8
Melon,2651,11
Melon,2652,9
Melon,2653,12
Melon,2654,10
Melon,2655,8
Melon,2656,13
Melon,2657,9
Melon,2658,7
Melon,2659,11
Melon,2660,8
Melon,2661,8
Melon,2662,8
Melon,2663,9
Melon,2664,8
Melon,2665,9
Melon,2666,9
Melon,2667,9
Melon,2668,13
Melon,2669,13
Melon,2670,9
Melon,2671,9
Melon,2672,8
Melon,2673,10
Melon,2674,7
Melon,2675,14
Melon,2676,9
Melon,2677,10
Melon,2678,8
Melon,2679,9
Melon,2680,9
Melon,2681,9
Melon,2682,12
Melon,2683,12
Melon,2684,12
Melon,2685,7
Melon,2686,13
Melon,2687,9
Melon,2688,11
Melon,2689,9
Melon,2690,8
Melon,2691,17
Melon,2692,11
Melon,2693,14
Melon,2694,8
Melon,2695,11
Melon,2696,9
Melon,2697,8
Melon,2698,13
Melon,2699,10
Melon,2700,8
Melon,2701,8
Melon,2702,10
Melon,2703,10
Melon,2704,9
Melon,2705,10
Melon,2706,9
Melon,2707,10
Melon,2708,9
Melon,2709,10
Melon,2710,8
Melon,2711,8
Melon,2712,9
Melon,2713,10
Melon,2714,9
Melon,2715,13
Melon,2716,11
Melon,2717,12
Melon,2718,16
Melon,2719,14
Melon,2720,14
Melon,2721,7
Melon,2722,12
Melon,2723,10
Melon,2724,10
Melon,2725,8
Melon,2726,10
Melon,2727,12
Melon,2728,14
Melon,2729,7
Melon,2730,11
Melon,2731,9
Melon,2732,11
Melon,2733,11
Melon,2734,7
Melon,2735,8
Melon,2736,9
Melon,2737,12
Melon,2738,11
Melon,2739,12
Melon,2740,8
Melon,2741,10
Melon,2742,11
Melon,2743,7
Melon,2744,13
Melon,2745,9
Melon,2746,14
Melon,2747,8
Melon,2748,10
Melon,2749,13
Melon,2750,8
Melon,2751,13
Melon,2752,11
Melon,2753,16
Melon,2754,17
Melon,2755,12
Melon,2756,14
Melon,2757,11
Melon,2758,9
Melon,2759,8
Melon,2760,11
Melon,2761,9
Melon,2762,9
Melon,2763,10
Melon,2764,11
Melon,2765,10
Melon,2766,13
Melon,2767,8
Melon,2768,9
Melon,2769,7
Melon,2770,8
Melon,2771,9
Melon,2772,10
Melon,2773,11
Melon,2774,12
Melon,2775,11
Melon,2776,9
Melon,2777,9
Melon,2778,11
Melon,2779,11
Melon,2780,10
Melon,2781,7
Melon,2782,10
Melon,2783,8
Melon,2784,12
Melon,2785,7
Melon,2786,17
Melon,2787,9
Melon,2788,16
Melon,2789,8
Melon,2790,12
Melon,2791,8
Melon,2792,15
Melon,2793,13
Melon,2794,10
Melon,2795,15
Melon,2796,9
Melon,2797,11
Melon,2798,13
Melon,2799,9
Melon,2800,9
Melon,2801,10
Melon,2802,10
Melon,2803,13
Melon,2804,9
Melon,2805,8
Melon,2806,9
Melon,2807,10
Melon,2808,7
Melon,2809,9
Melon,2810,10
Melon,2811,10
Melon,2812,10
Melon,2813,14
Melon,2814,11
Melon,2815,10
Melon,2816,10
Melon,2817,10
Melon,2818,7
Melon,2819,11
Melon,2820,9
Melon,2821,11
Melon,2822,13
Melon,2823,9
Melon,2824,9
Melon,2825,10
Melon,2826,9
Melon,2827,14
Melon,2828,10
Melon,2829,11
Melon,2830,14
Melon,2831,8
Melon,2832,12
Melon,2833,8
Melon,2834,12
Melon,2835,13
Melon,2836,8
Melon,2837,8
Melon,2838,8
Melon,2839,10
Melon,2840,9
Melon,2841,11
Melon,2842,10
Melon,2843,11
Melon,2844,8
Melon,2845,9
Melon,2846,8
Melon,2847,12
Melon,2848,10
Melon,2849,11
Melon,2850,13
Melon,2851,7
Melon,2852,10
Melon,2853,9
Melon,2854,8
Melon,2855,10
Melon,2856,9
Melon,2857,13
Melon,2858,14
Melon,2859,9
Melon,2860,10
Melon,2861,15
Melon,2862,8
Melon,2863,10
Melon,2864,14
Melon,2865,14
Melon,2866,12
Melon,2867,16
Melon,2868,10
Melon,2869,15
Melon,2870,8
Melon,2871,11
Melon,2872,12
Melon,2873,8
Melon,2874,11
Melon,2875,12
Melon,2876,14
Melon,2877,8
Melon,2878,11
Melon,2879,14
Melon,2880,7
Melon,2881,14
Melon,2882,10
Melon,2883,12
Melon,2884,10
Melon,2885,13
Melon,2886,15
Melon,2887,8
Melon,2888,13
Melon,2889,9
Melon,2890,10
Melon,2891,9
Melon,2892,12
Melon,2893,8
Melon,2894,11
Melon,2895,11
Melon,2896,9
Melon,2897,8
Melon,2898,11
Melon,2899,9
Melon,2900,9
Melon,2901,10
Melon,2902,9
Melon,2903,8
Melon,2904,11
Melon,2905,8
Melon,2906,16
Melon,2907,9
Melon,2908,10
Melon,2909,12
Melon,2910,13
Melon,2911,12
Melon,2912,8
Melon,2913,7
Melon,2914,11
Melon,2915,10
Melon,2916,7
Melon,2917,8
Melon,2918,9
Melon,2919,10
Melon,2920,15
Melon,2921,12
Melon,2922,10
Melon,2923,8
Melon,2924,7
Melon,2925,10
Melon,2926,13
Melon,2927,12
Melon,2928,16
Melon,2929,8
Melon,2930,9
Melon,2931,11
Melon,2932,10
Melon,2933,11
Melon,2934,13
Melon,2935,17
Melon,2936,9
Melon,2937,15
Melon,2938,8
Melon,2939,8
Melon,2940,9
Melon,2941,16
Melon,2942,9
Melon,2943,13
Melon,2944,13
Melon,2945,7
Melon,2946,12
Melon,2947,8
Melon,2948,11
Melon,2949,7
Melon,2950,12
Melon,2951,10
Melon,2952,11
Melon,2953,10
Melon,2954,10
Melon,2955,11
Melon,2956,11
Melon,2957,9
Melon,2958,7
Melon,2959,9
Melon,2960,8
Melon,2961,14
Melon,2962,9
Melon,2963,9
Melon,2964,10
Melon,2965,13
Melon,2966,9
Melon,2967,10
Melon,2968,9
Melon,2969,11
Melon,2970,7
Melon,2971,10
Melon,2972,9
Melon,2973,11
Melon,2974,16
Melon,2975,13
Melon,2976,12
Melon,2977,8
Melon,2978,11
Melon,2979,10
Melon,2980,7
Melon,2981,12
Melon,2982,10
Melon,2983,9
Melon,2984,8
Melon,2985,11
Melon,2986,10
Melon,2987,9
Melon,2988,14
Melon,2989,10
Melon,2990,12
Melon,2991,8
Melon,2992,11
Melon,2993,16
Melon,2994,10
Melon,2995,9
Melon,2996,9
Melon,2997,11
Melon,2998,11
Melon,2999,10
Melon Seeds,0,31
Melon Seeds,1,20
Melon Seeds,2,12
Melon Seeds,3,40
Melon Seeds,4,23
Melon Seeds,5,17
Melon Seeds,6,32
Melon Seeds,7,12
Melon Seeds,8,27
Melon Seeds,9,14
Melon Seeds,10,16
Melon Seeds,11,17
Melon Seeds,12,19
Melon Seeds,13,25
Melon Seeds,14,18
Melon Seeds,15,27
Melon Seeds,16,18
Melon Seeds,17,16
Melon Seeds,18,15
Melon Seeds,19,23
Melon Seeds,20,13
Melon Seeds,21,14
Melon Seeds,22,15
Melon Seeds,23,19
Melon Seeds,24,26
Melon Seeds,25,31
Melon Seeds,26,29
Melon Seeds,27,20
Melon Seeds,28,16
Melon Seeds,29,12
Melon Seeds,30,33
Melon Seeds,31,19
Melon Seeds,32,30
Melon Seeds,33,12
Melon Seeds,34,31
Melon Seeds,35,25
Melon Seeds,36,11
Melon Seeds,37,17
Melon Seeds,38,21
Melon Seeds,39,27
Melon Seeds,40,32
Melon Seeds,41,24
Melon Seeds,42,18
Melon Seeds,43,15
Melon Seeds,44,21
Melon Seeds,45,24
Melon Seeds,46,18
Melon Seeds,47,11
Melon Seeds,48,16
Melon Seeds,49,14
Melon Seeds,50,22
Melon Seeds,51,26
Melon Seeds,52,13
Melon Seeds,53,22
Melon Seeds,54,19
Melon Seeds,55,26
Melon Seeds,56,28
Melon Seeds,57,23
Melon Seeds,58,28
Melon Seeds,59,23
Melon Seeds,60,16
Melon Seeds,61,17
Melon Seeds,62,24
Melon Seeds,63,16
Melon Seeds,64,14
Melon Seeds,65,21
Melon Seeds,66,24
Melon Seeds,67,27
Melon Seeds,68,25
Melon Seeds,69,17
Melon Seeds,70,14
Melon Seeds,71,19
Melon Seeds,72,21
Melon Seeds,73,29
Melon Seeds,74,22
Melon Seeds,75,28
Melon Seeds,76,18
Melon Seeds,77,12
Melon Seeds,78,11
Melon Seeds,79,20
Melon Seeds,80,20
Melon Seeds,81,12
Melon Seeds,82,19
Melon Seeds,83,29
Melon Seeds,84,12
Melon Seeds,85,18
Melon Seeds,86,13
Melon Seeds,87,19
Melon Seeds,88,26
Melon Seeds,89,15
Melon Seeds,90,9
Melon Seeds,91,15
Melon Seeds,92,22
Melon Seeds,93,18
Melon Seeds,94,11
Melon Seeds,95,20
Melon Seeds,96,15
Melon Seeds,97,13
Melon Seeds,98,37
Melon Seeds,99,10
Melon Seeds,100,23
Melon Seeds,101,17
Melon Seeds,102,22
Melon Seeds,103,25
Melon Seeds,104,21
Melon Seeds,105,28
Melon Seeds,106,30
Melon Seeds,107,19
Melon Seeds,108,27
Melon Seeds,109,15
Melon Seeds,110,12
Melon Seeds,111,24
Melon Seeds,112,17
Melon Seeds,113,16
Melon Seeds,114,25
Melon Seeds,115,35
Melon Seeds,116,20
Melon Seeds,117,16
Melon Seeds,118,25
Melon Seeds,119,12
Melon Seeds,120,31
Melon Seeds,121,16
Melon Seeds,122,22
Melon Seeds,123,14
Melon Seeds,124,13
Melon Seeds,125,26
Melon Seeds,126,17
Melon Seeds,127,24
Melon Seeds,128,22
Melon Seeds,129,24
Melon Seeds,130,10
Melon Seeds,131,19
Melon Seeds,132,15
Melon Seeds,133,17
Melon Seeds,134,14
Melon Seeds,135,27
Melon Seeds,136,14
Melon Seeds,137,26
Melon Seeds,138,24
Melon Seeds,139,16
Melon Seeds,140,36
Melon Seeds,141,34
Melon Seeds,142,21
Melon Seeds,143,12
Melon Seeds,144,10
Melon Seeds,145,17
Melon Seeds,146,21
Melon Seeds,147,19
Melon Seeds,148,19
Melon Seeds,149,30
Melon Seeds,150,14
Melon Seeds,151,36
Melon Seeds,152,18
Melon Seeds,153,17
Melon Seeds,154,24
Melon Seeds,155,28
Melon Seeds,156,26
Melon Seeds,157,28
Melon Seeds,158,26
Melon Seeds,159,19
Melon Seeds,160,15
Melon Seeds,161,34
Melon Seeds,162,19
Melon Seeds,163,26
Melon Seeds,164,12
Melon Seeds,165,18
Melon Seeds,166,17
Melon Seeds,167,16
Melon Seeds,168,26
Melon Seeds,169,19
Melon Seeds,170,20
Melon Seeds,171,14
Melon Seeds,172,16
Melon Seeds,173,16
Melon Seeds,174,24
Melon Seeds,175,14
Melon Seeds,176,13
Melon Seeds,177,26
Melon Seeds,178,18
Melon Seeds,179,25
Melon Seeds,180,29
Melon Seeds,181,28
Melon Seeds,182,16
Melon Seeds,183,17
Melon Seeds,184,27
Melon Seeds,185,20
Melon Seeds,186,9
Melon Seeds,187,14
Melon Seeds,188,34
Melon Seeds,189,22
Melon Seeds,190,20
Melon Seeds,191,16
Melon Seeds,192,18
Melon Seeds,193,29
Melon Seeds,194,39
Melon Seeds,195,12
Melon Seeds,196,20
Melon Seeds,197,26
Melon Seeds,198,25
Melon Seeds,199,27
Melon Seeds,200,25
Melon Seeds,201,17
Melon Seeds,202,24
Melon Seeds,203,19
Melon Seeds,204,17
Melon Seeds,205,13
Melon Seeds,206,28
Melon Seeds,207,14
Melon Seeds,208,17
Melon Seeds,209,32
Melon Seeds,210,15
Melon Seeds,211,10
Melon Seeds,212,25
Melon Seeds,213,24
Melon Seeds,214,26
Melon Seeds,215,16
Melon Seeds,216,11
Melon Seeds,217,26
Melon Seeds,218,18
Melon Seeds,219,17
Melon Seeds,220,17
Melon Seeds,221,27
Melon Seeds,222,33
Melon Seeds,223,34
Melon Seeds,224,16
Melon Seeds,225,25
Melon Seeds,226,17
Melon Seeds,227,17
Melon Seeds,228,30
Melon Seeds,229,27
Melon Seeds,230,19
Melon Seeds,231,17
Melon Seeds,232,25
Melon Seeds,233,17
Melon Seeds,234,16
Melon Seeds,235,35
Melon Seeds,236,21
Melon Seeds,237,14
Melon Seeds,238,12
Melon Seeds,239,16
Melon Seeds,240,37
Melon Seeds,241,16
Melon Seeds,242,18
Melon Seeds,243,16
Melon Seeds,244,20
Melon Seeds,245,20
Melon Seeds,246,23
Melon Seeds,247,25
Melon Seeds,248,10
Melon Seeds,249,36
Melon Seeds,250,12
Melon Seeds,251,16
Melon Seeds,252,40
Melon Seeds,253,27
Melon Seeds,254,16
Melon Seeds,255,19
Melon Seeds,256,12
Melon Seeds,257,16
Melon Seeds,258,14
Melon Seeds,259,20
Melon Seeds,260,12
Melon Seeds,261,26
Melon Seeds,262,32
Melon Seeds,263,17
Melon Seeds,264,13
Melon Seeds,265,30
Melon Seeds,266,16
Melon Seeds,267,19
Melon Seeds,268,27
Melon Seeds,269,18
Melon Seeds,270,15
Melon Seeds,271,27
Melon Seeds,272,18
Melon Seeds,273,16
Melon Seeds,274,22
Melon Seeds,275,15
Melon Seeds,276,29
Melon Seeds,277,21
Melon Seeds,278,22
Melon Seeds,279,21
Melon Seeds,280,29
Melon Seeds,281,27
Melon Seeds,282,14
Melon Seeds,283,14
Melon Seeds,284,28
Melon Seeds,285,22
Melon Seeds,286,20
Melon Seeds,287,16
Melon Seeds,288,29
Melon Seeds,289,26
Melon Seeds,290,20
Melon Seeds,291,17
Melon Seeds,292,20
Melon Seeds,293,20
Melon Seeds,294,10
Melon Seeds,295,23
Melon Seeds,296,10
Melon Seeds,297,43
Melon Seeds,298,15
Melon Seeds,299,17
Melon Seeds,300,14
Melon Seeds,301,16
Melon Seeds,302,15
Melon Seeds,303,24
Melon Seeds,304,26
Melon Seeds,305,15
Melon Seeds,306,21
Melon Seeds,307,25
Melon Seeds,308,10
Melon Seeds,309,11
Melon Seeds,310,17
Melon Seeds,311,15
Melon Seeds,312,17
Melon Seeds,313,16
Melon Seeds,314,13
Melon Seeds,315,15
Melon Seeds,316,18
Melon Seeds,317,13
Melon Seeds,318,22
Melon Seeds,319,21
Melon Seeds,320,15
Melon Seeds,321,24
Melon Seeds,322,11
Melon Seeds,323,17
Melon Seeds,324,24
Melon Seeds,325,20
Melon Seeds,326,18
Melon Seeds,327,19
Melon Seeds,328,17
Melon Seeds,329,19
Melon Seeds,330,18
Melon Seeds,331,24
Melon Seeds,332,15
Melon Seeds,333,14
Melon Seeds,334,11
Melon Seeds,335,20
Melon Seeds,336,23
Melon Seeds,337,16
Melon Seeds,338,36
Melon Seeds,339,31
Melon Seeds,340,19
Melon Seeds,341,20
Melon Seeds,342,23
Melon Seeds,343,20
Melon Seeds,344,30
Melon Seeds,345,18
Melon Seeds,346,19
Melon Seeds,347,13
Melon Seeds,348,22
Melon Seeds,349,29
Melon Seeds,350,17
Melon Seeds,351,12
Melon Seeds,352,24
Melon Seeds,353,18
Melon Seeds,354,14
Melon Seeds,355,10
Melon Seeds,356,14
Melon Seeds,357,28
Melon Seeds,358,20
Melon Seeds,359,22
Melon Seeds,360,27
Melon Seeds,361,23
Melon Seeds,362,11
Melon Seeds,363,15
Melon Seeds,364,19
Melon Seeds,365,28
Melon Seeds,366,17
Melon Seeds,367,14
Melon Seeds,368,16
Melon Seeds,369,25
Melon Seeds,370,17
Melon Seeds,371,26
Melon Seeds,372,15
Melon Seeds,373,17
Melon Seeds,374,18
Melon Seeds,375,37
Melon Seeds,376,15
Melon Seeds,377,24
Melon Seeds,378,18
Melon Seeds,379,20
Melon Seeds,380,37
Melon Seeds,381,18
Melon Seeds,382,14
Melon Seeds,383,17
Melon Seeds,384,20
Melon Seeds,385,16
Melon Seeds,386,15
Melon Seeds,387,19
Melon Seeds,388,17
Melon Seeds,389,26
Melon Seeds,390,16
Melon Seeds,391,31
Melon Seeds,392,20
Melon Seeds,393,24
Melon Seeds,394,22
Melon Seeds,395,14
Melon Seeds,396,28
Melon Seeds,397,18
Melon Seeds,398,15
Melon Seeds,399,42
Melon Seeds,400,15
Melon Seeds,401,34
Melon Seeds,402,21
Melon Seeds,403,18
Melon Seeds,404,11
Melon Seeds,405,18
Melon Seeds,406,30
Melon Seeds,407,12
Melon Seeds,408,27
Melon Seeds,409,23
Melon Seeds,410,12
Melon Seeds,411,20
Melon Seeds,412,35
Melon Seeds,413,17
Melon Seeds,414,35
Melon Seeds,415,18
Melon Seeds,416,28
Melon Seeds,417,19
Melon Seeds,418,18
Melon Seeds,419,25
Melon Seeds,420,13
Melon Seeds,421,17
Melon Seeds,422,14
Melon Seeds,423,31
Melon Seeds,424,14
Melon Seeds,425,15
Melon Seeds,426,17
Melon Seeds,427,38
Melon Seeds,428,20
Melon Seeds,429,21
Melon Seeds,430,12
Melon Seeds,431,27
Melon Seeds,432,23
Melon Seeds,433,21
Melon Seeds,434,19
Melon Seeds,435,15
Melon Seeds,436,21
Melon Seeds,437,25
Melon Seeds,438,23
Melon Seeds,439,23
Melon Seeds,440,31
Melon Seeds,441,35
Melon Seeds,442,16
Melon Seeds,443,16
Melon Seeds,444,28
Melon Seeds,445,27
Melon Seeds,446,34
Melon Seeds,447,37
Melon Seeds,448,17
Melon Seeds,449,18
Melon Seeds,450,21
Melon Seeds,451,17
Melon Seeds,452,24
Melon Seeds,453,29
Melon Seeds,454,17
Melon Seeds,455,18
Melon Seeds,456,27
Melon Seeds,457,24
Melon Seeds,458,25
Melon Seeds,459,29
Melon Seeds,460,39
Melon Seeds,461,16
Melon Seeds,462,20
Melon Seeds,463,10
Melon Seeds,464,37
Melon Seeds,465,37
Melon Seeds,466,26
Melon Seeds,467,18
Melon Seeds,468,28
Melon Seeds,469,15
Melon Seeds,470,17
Melon Seeds,471,19
Melon Seeds,472,12
Melon Seeds,473,19
Melon Seeds,474,23
Melon Seeds,475,31
Melon Seeds,476,21
Melon Seeds,477,18
Melon Seeds,478,19
Melon Seeds,479,12
Melon Seeds,480,30
Melon Seeds,481,25
Melon Seeds,482,36
Melon Seeds,483,12
Melon Seeds,484,10
Melon Seeds,485,29
Melon Seeds,486,18
Melon Seeds,487,21
Melon Seeds,488,17
Melon Seeds,489,14
Melon Seeds,490,28
Melon Seeds,491,29
Melon Seeds,492,20
Melon Seeds,493,34
Melon Seeds,494,24
Melon Seeds,495,21
Melon Seeds,496,27
Melon Seeds,497,20
Melon Seeds,498,30
Melon Seeds,499,13
Melon Seeds,500,23
Melon Seeds,501,15
Melon Seeds,502,19
Melon Seeds,503,21
Melon Seeds,504,28
Melon Seeds,505,11
Melon Seeds,506,30
Melon Seeds,507,32
Melon Seeds,508,18
Melon Seeds,509,20
Melon Seeds,510,25
Melon Seeds,511,23
Melon Seeds,512,14
Melon Seeds,513,39
Melon Seeds,514,17
Melon Seeds,515,11
Melon Seeds,516,20
Melon Seeds,517,21
Melon Seeds,518,22
Melon Seeds,519,16
Melon Seeds,520,9
Melon Seeds,521,28
Melon Seeds,522,21
Melon Seeds,523,27
Melon Seeds,524,26
Melon Seeds,525,21
Melon Seeds,526,13
Melon Seeds,527,21
Melon Seeds,528,29
Melon Seeds,529,17
Melon Seeds,530,20
Melon Seeds,531,15
Melon Seeds,532,14
Melon Seeds,533,38
Melon Seeds,534,13
Melon Seeds,535,18
Melon Seeds,536,10
Melon Seeds,537,27
Melon Seeds,538,39
Melon Seeds,539,15
Melon Seeds,540,32
Melon Seeds,541,33
Melon Seeds,542,28
Melon Seeds,543,27
Melon Seeds,544,31
Melon Seeds,545,20
Melon Seeds,546,28
Melon Seeds,547,25
Melon Seeds,548,16
Melon Seeds,549,23
Melon Seeds,550,19
Melon Seeds,551,21
Melon Seeds,552,21
Melon Seeds,553,18
Melon Seeds,554,16
Melon Seeds,555,13
Melon Seeds,556,20
Melon Seeds,557,19
Melon Seeds,558,21
Melon Seeds,559,9
Melon Seeds,560,25
Melon Seeds,561,20
Melon Seeds,562,24
Melon Seeds,563,23
Melon Seeds,564,14
Melon Seeds,565,14
Melon Seeds,566,21
Melon Seeds,567,25
Melon Seeds,568,10
Melon Seeds,569,16
Melon Seeds,570,17
Melon Seeds,571,18
Melon Seeds,572,16
Melon Seeds,573,21
Melon Seeds,574,25
Melon Seeds,575,25
Melon Seeds,576,32
Melon Seeds,577,27
Melon Seeds,578,23
Melon Seeds,579,24
Melon Seeds,580,20
Melon Seeds,581,16
Melon Seeds,582,23
Melon Seeds,583,18
Melon Seeds,584,23
Melon Seeds,585,16
Melon Seeds,586,16
Melon Seeds,587,13
Melon Seeds,588,15
Melon Seeds,589,13
Melon Seeds,590,21
Melon Seeds,591,19
Melon Seeds,592,17
Melon Seeds,593,27
Melon Seeds,594,19
Melon Seeds,595,15
Melon Seeds,596,20
Melon Seeds,597,29
Melon Seeds,598,18
Melon Seeds,599,31
Melon Seeds,600,17
Melon Seeds,601,10
Melon Seeds,602,21
Melon Seeds,603,28
Melon Seeds,604,26
Melon Seeds,605,17
Melon Seeds,606,20
Melon Seeds,607,25
Melon Seeds,608,27
Melon Seeds,609,21
Melon Seeds,610,28
Melon Seeds,611,40
Melon Seeds,612,14
Melon Seeds,613,31
Melon Seeds,614,18
Melon Seeds,615,24
Melon Seeds,616,12
Melon Seeds,617,23
Melon Seeds,618,16
Melon Seeds,619,17
Melon Seeds,620,20
Melon Seeds,621,22
Melon Seeds,622,12
Melon Seeds,623,15
Melon Seeds,624,23
Melon Seeds,625,33
Melon Seeds,626,21
Melon Seeds,627,30
Melon Seeds,628,15
Melon Seeds,629,29
Melon Seeds,630,14
Melon Seeds,631,21
Melon Seeds,632,20
Melon Seeds,633,25
Melon Seeds,634,23
Melon Seeds,635,19
Melon Seeds,636,48
Melon Seeds,637,22
Melon Seeds,638,17
Melon Seeds,639,29
Melon Seeds,640,21
Melon Seeds,641,25
Melon Seeds,642,16
Melon Seeds,643,20
Melon Seeds,644,16
Melon Seeds,645,23
Melon Seeds,646,24
Melon Seeds,647,16
Melon Seeds,648,19
Melon Seeds,649,19
Melon Seeds,650,12
Melon Seeds,651,18
Melon Seeds,652,25
Melon Seeds,653,14
Melon Seeds,654,22
Melon Seeds,655,27
Melon Seeds,656,24
Melon Seeds,657,26
Melon Seeds,658,19
Melon Seeds,659,21
Melon Seeds,660,13
Melon Seeds,661,25
Melon Seeds,662,13
Melon Seeds,663,17
Melon Seeds,664,14
Melon Seeds,665,26
Melon Seeds,666,16
Melon Seeds,667,23
Melon Seeds,668,25
Melon Seeds,669,17
Melon Seeds,670,17
Melon Seeds,671,18
Melon Seeds,672,21
Melon Seeds,673,12
Melon Seeds,674,19
Melon Seeds,675,16
Melon Seeds,676,26
Melon Seeds,677,25
Melon Seeds,678,14
Melon Seeds,679,46
Melon Seeds,680,17
Melon Seeds,681,29
Melon Seeds,682,17
Melon Seeds,683,17
Melon Seeds,684,31
Melon Seeds,685,21
Melon Seeds,686,17
Melon Seeds,687,12
Melon Seeds,688,24
Melon Seeds,689,32
Melon Seeds,690,25
Melon Seeds,691,14
Melon Seeds,692,17
Melon Seeds,693,18
Melon Seeds,694,16
Melon Seeds,695,11
Melon Seeds,696,20
Melon Seeds,697,28
Melon Seeds,698,23
Melon Seeds,699,25
Melon Seeds,700,15
Melon Seeds,701,24
Melon Seeds,702,14
Melon Seeds,703,22
Melon Seeds,704,16
Melon Seeds,705,25
Melon Seeds,706,24
Melon Seeds,707,19
Melon Seeds,708,25
Melon Seeds,709,28
Melon Seeds,710,23
Melon Seeds,711,17
Melon Seeds,712,8
Melon Seeds,713,30
Melon Seeds,714,39
Melon Seeds,715,25
Melon Seeds,716,21
Melon Seeds,717,27
Melon Seeds,718,32
Melon Seeds,719,47
Melon Seeds,720,19
Melon Seeds,721,22
Melon Seeds,722,22
Melon Seeds,723,13
Melon Seeds,724,25
Melon Seeds,725,16
Melon Seeds,726,15
Melon Seeds,727,19
Melon Seeds,728,19
Melon Seeds,729,18
Melon Seeds,730,20
Melon Seeds,731,11
Melon Seeds,732,22
Melon Seeds,733,28
Melon Seeds,734,22
Melon Seeds,735,38
Melon Seeds,736,25
Melon Seeds,737,19
Melon Seeds,738,34
Melon Seeds,739,25
Melon Seeds,740,15
Melon Seeds,741,14
Melon Seeds,742,37
Melon Seeds,743,29
Melon Seeds,744,44
Melon Seeds,745,20
Melon Seeds,746,31
Melon Seeds,747,11
Melon Seeds,748,27
Melon Seeds,749,29
Melon Seeds,750,19
Melon Seeds,751,29
Melon Seeds,752,12
Melon Seeds,753,24
Melon Seeds,754,11
Melon Seeds,755,11
Melon Seeds,756,17
Melon Seeds,757,20
Melon Seeds,758,15
Melon Seeds,759,17
Melon Seeds,760,22
Melon Seeds,761,23
Melon Seeds,762,14
Melon Seeds,763,24
Melon Seeds,764,17
Melon Seeds,765,23
Melon Seeds,766,15
Melon Seeds,767,19
Melon Seeds,768,20
Melon Seeds,769,26
Melon Seeds,770,25
Melon Seeds,771,20
Melon Seeds,772,17
Melon Seeds,773,19
Melon Seeds,774,15
Melon Seeds,775,20
Melon Seeds,776,23
Melon Seeds,777,22
Melon Seeds,778,13
Melon Seeds,779,25
Melon Seeds,780,32
Melon Seeds,781,27
Melon Seeds,782,22
Melon Seeds,783,19
Melon Seeds,784,17
Melon Seeds,785,20
Melon Seeds,786,19
Melon Seeds,787,20
Melon Seeds,788,23
Melon Seeds,789,35
Melon Seeds,790,19
Melon Seeds,791,26
Melon Seeds,792,31
Melon Seeds,793,34
Melon Seeds,794,14
Melon Seeds,795,13
Melon Seeds,796,17
Melon Seeds,797,19
Melon Seeds,798,14
Melon Seeds,799,20
Melon Seeds,800,11
Melon Seeds,801,22
Melon Seeds,802,12
Melon Seeds,803,22
Melon Seeds,804,26
Melon Seeds,805,28
Melon Seeds,806,17
Melon Seeds,807,12
Melon Seeds,808,15
Melon Seeds,809,22
Melon Seeds,810,16
Melon Seeds,811,22
Melon Seeds,812,33
Melon Seeds,813,14
Melon Seeds,814,22
Melon Seeds,815,22
Melon Seeds,816,16
Melon Seeds,817,20
Melon Seeds,818,22
Melon Seeds,819,22
Melon Seeds,820,18
Melon Seeds,821,20
Melon Seeds,822,14
Melon Seeds,823,22
Melon Seeds,824,13
Melon Seeds,825,17
Melon Seeds,826,22
Melon Seeds,827,22
Melon Seeds,828,13
Melon Seeds,829,18
Melon Seeds,830,16
Melon Seeds,831,16
Melon Seeds,832,28
Melon Seeds,833,24
Melon Seeds,834,16
Melon Seeds,835,19
Melon Seeds,836,23
Melon Seeds,837,14
Melon Seeds,838,15
Melon Seeds,839,17
Melon Seeds,840,14
Melon Seeds,841,19
Melon Seeds,842,13
Melon Seeds,843,23
Melon Seeds,844,31
Melon Seeds,845,30
Melon Seeds,846,8
Melon Seeds,847,15
Melon Seeds,848,22
Melon Seeds,849,19
Melon Seeds,850,14
Melon Seeds,851,16
Melon Seeds,852,12
Melon Seeds,853,22
Melon Seeds,854,26
Melon Seeds,855,21
Melon Seeds,856,27
Melon Seeds,857,18
Melon Seeds,858,18
Melon Seeds,859,19
Melon Seeds,860,22
Melon Seeds,861,17
Melon Seeds,862,12
Melon Seeds,863,14
Melon Seeds,864,18
Melon Seeds,865,26
Melon Seeds,866,20
Melon Seeds,867,26
Melon Seeds,868,20
Melon Seeds,869,14
Melon Seeds,870,32
Melon Seeds,871,20
Melon Seeds,872,10
Melon Seeds,873,18
Melon Seeds,874,26
Melon Seeds,875,16
Melon Seeds,876,18
Melon Seeds,877,19
Melon Seeds,878,14
Melon Seeds,879,36
Melon Seeds,880,10
Melon Seeds,881,14
Melon Seeds,882,24
Melon Seeds,883,31
Melon Seeds,884,26
Melon Seeds,885,33
Melon Seeds,886,30
Melon Seeds,887,18
Melon Seeds,888,23
Melon Seeds,889,16
Melon Seeds,890,15
Melon Seeds,891,24
Melon Seeds,892,20
Melon Seeds,893,24
Melon Seeds,894,22
Melon Seeds,895,28
Melon Seeds,896,31
Melon Seeds,897,22
Melon Seeds,898,23
Melon Seeds,899,15
Melon Seeds,900,14
Melon Seeds,901,12
Melon Seeds,902,15
Melon Seeds,903,12
Melon Seeds,904,27
Melon Seeds,905,13
Melon Seeds,906,29
Melon Seeds,907,19
Melon Seeds,908,31
Melon Seeds,909,15
Melon Seeds,910,31
Melon Seeds,911,39
Melon Seeds,912,21
Melon Seeds,913,18
Melon Seeds,914,26
Melon Seeds,915,15
Melon Seeds,916,28
Melon Seeds,917,27
Melon Seeds,918,17
Melon Seeds,919,9
Melon Seeds,920,18
Melon Seeds,921,19
Melon Seeds,922,13
Melon Seeds,923,27
Melon Seeds,924,21
Melon Seeds,925,13
Melon Seeds,926,13
Melon Seeds,927,26
Melon Seeds,928,16
Melon Seeds,929,22
Melon Seeds,930,22
Melon Seeds,931,15
Melon Seeds,932,29
Melon Seeds,933,33
Melon Seeds,934,11
Melon Seeds,935,17
Melon Seeds,936,32
Melon Seeds,937,16
Melon Seeds,938,17
Melon Seeds,939,14
Melon Seeds,940,19
Melon Seeds,941,21
Melon Seeds,942,15
Melon Seeds,943,25
Melon Seeds,944,26
Melon Seeds,945,20
Melon Seeds,946,16
Melon Seeds,947,22
Melon Seeds,948,23
Melon Seeds,949,18
Melon Seeds,950,19
Melon Seeds,951,26
Melon Seeds,952,17
Melon Seeds,953,21
Melon Seeds,954,22
Melon Seeds,955,30
Melon Seeds,956,31
Melon Seeds,957,15
Melon Seeds,958,25
Melon Seeds,959,21
Melon Seeds,960,47
Melon Seeds,961,23
Melon Seeds,962,24
Melon Seeds,963,17
Melon Seeds,964,24
Melon Seeds,965,25
Melon Seeds,966,21
Melon Seeds,967,39
Melon Seeds,968,25
Melon Seeds,969,31
Melon Seeds,970,11
Melon Seeds,971,21
Melon Seeds,972,18
Melon Seeds,973,27
Melon Seeds,974,27
Melon Seeds,975,22
Melon Seeds,976,24
Melon Seeds,977,34
Melon Seeds,978,16
Melon Seeds,979,11
Melon Seeds,980,18
Melon Seeds,981,22
Melon Seeds,982,20
Melon Seeds,983,25
Melon Seeds,984,15
Melon Seeds,985,16
Melon Seeds,986,19
Melon Seeds,987,18
Melon Seeds,988,12
Melon Seeds,989,25
Melon Seeds,990,15
Melon Seeds,991,14
Melon Seeds,992,19
Melon Seeds,993,27
Melon Seeds,994,23
Melon Seeds,995,25
Melon Seeds,996,23
Melon Seeds,997,23
Melon Seeds,998,25
Melon Seeds,999,27
Melon Seeds,1000,16
Melon Seeds,1001,47
Melon Seeds,1002,30
Melon Seeds,1003,32
Melon Seeds,1004,30
Melon Seeds,1005,16
Melon Seeds,1006,25
Melon Seeds,1007,35
Melon Seeds,1008,29
Melon Seeds,1009,22
Melon Seeds,1010,29
Melon Seeds,1011,27
Melon Seeds,1012,19
Melon Seeds,1013,35
Melon Seeds,1014,16
Melon Seeds,1015,21
Melon Seeds,1016,23
Melon Seeds,1017,31
Melon Seeds,1018,44
Melon Seeds,1019,31
Melon Seeds,1020,17
Melon Seeds,1021,20
Melon Seeds,1022,18
Melon Seeds,1023,37
Melon Seeds,1024,30
Melon Seeds,1025,19
Melon Seeds,1026,12
Melon Seeds,1027,22
Melon Seeds,1028,12
Melon Seeds,1029,20
Melon Seeds,1030,26
Melon Seeds,1031,26
Melon Seeds,1032,12
Melon Seeds,1033,35
Melon Seeds,1034,13
Melon Seeds,1035,31
Melon Seeds,1036,22
Melon Seeds,1037,26
Melon Seeds,1038,9
Melon Seeds,1039,23
Melon Seeds,1040,21
Melon Seeds,1041,19
Melon Seeds,1042,23
Melon Seeds,1043,25
Melon Seeds,1044,19
Melon Seeds,1045,18
Melon Seeds,1046,20
Melon Seeds,1047,18
Melon Seeds,1048,23
Melon Seeds,1049,30
Melon Seeds,1050,24
Melon Seeds,1051,19
Melon Seeds,1052,22
Melon Seeds,1053,18
Melon Seeds,1054,19
Melon Seeds,1055,23
Melon Seeds,1056,9
Melon Seeds,1057,37
Melon Seeds,1058,18
Melon Seeds,1059,23
Melon Seeds,1060,20
Melon Seeds,1061,29
Melon Seeds,1062,32
Melon Seeds,1063,25
Melon Seeds,1064,29
Melon Seeds,1065,32
Melon Seeds,1066,13
Melon Seeds,1067,24
Melon Seeds,1068,25
Melon Seeds,1069,21
Melon Seeds,1070,22
Melon Seeds,1071,26
Melon Seeds,1072,14
Melon Seeds,1073,26
Melon Seeds,1074,22
Melon Seeds,1075,27
Melon Seeds,1076,23
Melon Seeds,1077,28
Melon Seeds,1078,13
Melon Seeds,1079,25
Melon Seeds,1080,26
Melon Seeds,1081,18
Melon Seeds,1082,34
Melon Seeds,1083,16
Melon Seeds,1084,19
Melon Seeds,1085,23
Melon Seeds,1086,18
Melon Seeds,1087,33
Melon Seeds,1088,9
Melon Seeds,1089,18
Melon Seeds,1090,28
Melon Seeds,1091,22
Melon Seeds,1092,21
Melon Seeds,1093,23
Melon Seeds,1094,13
Melon Seeds,1095,18
Melon Seeds,1096,20
Melon Seeds,1097,23
Melon Seeds,1098,18
Melon Seeds,1099,29
Melon Seeds,1100,27
Melon Seeds,1101,27
Melon Seeds,1102,24
Melon Seeds,1103,21
Melon Seeds,1104,31
Melon Seeds,1105,13
Melon Seeds,1106,9
Melon Seeds,1107,11
Melon Seeds,1108,41
Melon Seeds,1109,23
Melon Seeds,1110,11
Melon Seeds,1111,17
Melon Seeds,1112,14
Melon Seeds,1113,16
Melon Seeds,1114,26
Melon Seeds,1115,12
Melon Seeds,1116,24
Melon Seeds,1117,26
Melon Seeds,1118,21
Melon Seeds,1119,20
Melon Seeds,1120,33
Melon Seeds,1121,25
Melon Seeds,1122,27
Melon Seeds,1123,22
Melon Seeds,1124,17
Melon Seeds,1125,20
Melon Seeds,1126,7
Melon Seeds,1127,16
Melon Seeds,1128,25
Melon Seeds,1129,11
Melon Seeds,1130,16
Melon Seeds,1131,23
Melon Seeds,1132,16
Melon Seeds,1133,31
Melon Seeds,1134,29
Melon Seeds,1135,30
Melon Seeds,1136,14
Melon Seeds,1137,7
Melon Seeds,1138,25
Melon Seeds,1139,11
Melon Seeds,1140,16
Melon Seeds,1141,23
Melon Seeds,1142,16
Melon Seeds,1143,31
Melon Seeds,1144,29
Melon Seeds,1145,30
Melon Seeds,1146,14
Melon Seeds,1147,9
Melon Seeds,1148,26
Melon Seeds,1149,14
Melon Seeds,1150,18
Melon Seeds,1151,15
Melon Seeds,1152,20
Melon Seeds,1153,26
Melon Seeds,1154,18
Melon Seeds,1155,33
Melon Seeds,1156,7
Melon Seeds,1157,33
Melon Seeds,1158,27
Melon Seeds,1159,22
Melon Seeds,1160,21
Melon Seeds,1161,14
Melon Seeds,1162,12
Melon Seeds,1163,32
Melon Seeds,1164,13
Melon Seeds,1165,12
Melon Seeds,1166,16
Melon Seeds,1167,18
Melon Seeds,1168,18
Melon Seeds,1169,29
Melon Seeds,1170,12
Melon Seeds,1171,14
Melon Seeds,1172,8
Melon Seeds,1173,23
Melon Seeds,1174,14
Melon Seeds,1175,22
Melon Seeds,1176,24
Melon Seeds,1177,12
Melon Seeds,1178,17
Melon Seeds,1179,15
Melon Seeds,1180,17
Melon Seeds,1181,17
Melon Seeds,1182,18
Melon Seeds,1183,40
Melon Seeds,1184,27
Melon Seeds,1185,22
Melon Seeds,1186,21
Melon Seeds,1187,25
Melon Seeds,1188,18
Melon Seeds,1189,30
Melon Seeds,1190,16
Melon Seeds,1191,13
Melon Seeds,1192,22
Melon Seeds,1193,30
Melon Seeds,1194,34
Melon Seeds,1195,20
Melon Seeds,1196,18
Melon Seeds,1197,21
Melon Seeds,1198,21
Melon Seeds,1199,23
Melon Seeds,1200,25
Melon Seeds,1201,19
Melon Seeds,1202,22
Melon Seeds,1203,23
Melon Seeds,1204,23
Melon Seeds,1205,17
Melon Seeds,1206,20
Melon Seeds,1207,18
Melon Seeds,1208,25
Melon Seeds,1209,14
Melon Seeds,1210,20
Melon Seeds,1211,17
Melon Seeds,1212,26
Melon Seeds,1213,13
Melon Seeds,1214,13
Melon Seeds,1215,10
Melon Seeds,1216,16
Melon Seeds,1217,38
Melon Seeds,1218,16
Melon Seeds,1219,36
Melon Seeds,1220,16
Melon Seeds,1221,24
Melon Seeds,1222,27
Melon Seeds,1223,39
Melon Seeds,1224,14
Melon Seeds,1225,14
Melon Seeds,1226,20
Melon Seeds,1227,22
Melon Seeds,1228,21
Melon Seeds,1229,12
Melon Seeds,1230,16
Melon Seeds,1231,17
Melon Seeds,1232,25
Melon Seeds,1233,20
Melon Seeds,1234,13
Melon Seeds,1235,22
Melon Seeds,1236,27
Melon Seeds,1237,22
Melon Seeds,1238,25
Melon Seeds,1239,19
Melon Seeds,1240,20
Melon Seeds,1241,28
Melon Seeds,1242,18
Melon Seeds,1243,36
Melon Seeds,1244,19
Melon Seeds,1245,20
Melon Seeds,1246,24
Melon Seeds,1247,11
Melon Seeds,1248,17
Melon Seeds,1249,24
Melon Seeds,1250,32
Melon Seeds,1251,11
Melon Seeds,1252,20
Melon Seeds,1253,18
Melon Seeds,1254,21
Melon Seeds,1255,23
Melon Seeds,1256,17
Melon Seeds,1257,22
Melon Seeds,1258,22
Melon Seeds,1259,22
Melon Seeds,1260,26
Melon Seeds,1261,18
Melon Seeds,1262,28
Melon Seeds,1263,17
Melon Seeds,1264,14
Melon Seeds,1265,34
Melon Seeds,1266,36
Melon Seeds,1267,26
Melon Seeds,1268,24
Melon Seeds,1269,28
Melon Seeds,1270,22
Melon Seeds,1271,29
Melon Seeds,1272,17
Melon Seeds,1273,17
Melon Seeds,1274,10
Melon Seeds,1275,18
Melon Seeds,1276,12
Melon Seeds,1277,24
Melon Seeds,1278,18
Melon Seeds,1279,19
Melon Seeds,1280,15
Melon Seeds,1281,13
Melon Seeds,1282,21
Melon Seeds,1283,13
Melon Seeds,1284,15
Melon Seeds,1285,15
Melon Seeds,1286,13
Melon Seeds,1287,23
Melon Seeds,1288,15
Melon Seeds,1289,27
Melon Seeds,1290,19
Melon Seeds,1291,20
Melon Seeds,1292,29
Melon Seeds,1293,18
Melon Seeds,1294,32
Melon Seeds,1295,12
Melon Seeds,1296,18
Melon Seeds,1297,22
Melon Seeds,1298,17
Melon Seeds,1299,28
Melon Seeds,1300,23
Melon Seeds,1301,34
Melon Seeds,1302,25
Melon Seeds,1303,31
Melon Seeds,1304,39
Melon Seeds,1305,26
Melon Seeds,1306,16
Melon Seeds,1307,28
Melon Seeds,1308,18
Melon Seeds,1309,18
Melon Seeds,1310,32
Melon Seeds,1311,13
Melon Seeds,1312,23
Melon Seeds,1313,11
Melon Seeds,1314,21
Melon Seeds,1315,21
Melon Seeds,1316,10
Melon Seeds,1317,27
Melon Seeds,1318,16
Melon Seeds,1319,34
Melon Seeds,1320,15
Melon Seeds,1321,28
Melon Seeds,1322,15
Melon Seeds,1323,24
Melon Seeds,1324,21
Melon Seeds,1325,46
Melon Seeds,1326,23
Melon Seeds,1327,17
Melon Seeds,1328,28
Melon Seeds,1329,26
Melon Seeds,1330,14
Melon Seeds,1331,14
Melon Seeds,1332,33
Melon Seeds,1333,15
Melon Seeds,1334,25
Melon Seeds,1335,14
Melon Seeds,1336,39
Melon Seeds,1337,26
Melon Seeds,1338,30
Melon Seeds,1339,17
Melon Seeds,1340,23
Melon Seeds,1341,14
Melon Seeds,1342,33
Melon Seeds,1343,15
Melon Seeds,1344,12
Melon Seeds,1345,26
Melon Seeds,1346,29
Melon Seeds,1347,25
Melon Seeds,1348,14
Melon Seeds,1349,32
Melon Seeds,1350,19
Melon Seeds,1351,16
Melon Seeds,1352,11
Melon Seeds,1353,16
Melon Seeds,1354,11
Melon Seeds,1355,26
Melon Seeds,1356,27
Melon Seeds,1357,30
Melon Seeds,1358,26
Melon Seeds,1359,30
Melon Seeds,1360,18
Melon Seeds,1361,16
Melon Seeds,1362,26
Melon Seeds,1363,19
Melon Seeds,1364,24
Melon Seeds,1365,28
Melon Seeds,1366,18
Melon Seeds,1367,14
Melon Seeds,1368,13
Melon Seeds,1369,11
Melon Seeds,1370,17
Melon Seeds,1371,20
Melon Seeds,1372,17
Melon Seeds,1373,19
Melon Seeds,1374,21
Melon Seeds,1375,25
Melon Seeds,1376,14
Melon Seeds,1377,23
Melon Seeds,1378,28
Melon Seeds,1379,20
Melon Seeds,1380,18
Melon Seeds,1381,16
Melon Seeds,1382,20
Melon Seeds,1383,15
Melon Seeds,1384,15
Melon Seeds,1385,29
Melon Seeds,1386,20
Melon Seeds,1387,14
Melon Seeds,1388,14
Melon Seeds,1389,16
Melon Seeds,1390,25
Melon Seeds,1391,18
Melon Seeds,1392,24
Melon Seeds,1393,25
Melon Seeds,1394,25
Melon Seeds,1395,23
Melon Seeds,1396,11
Melon Seeds,1397,23
Melon Seeds,1398,11
Melon Seeds,1399,13
Melon Seeds,1400,20
Melon Seeds,1401,17
Melon Seeds,1402,16
Melon Seeds,1403,15
Melon Seeds,1404,29
Melon Seeds,1405,13
Melon Seeds,1406,38
Melon Seeds,1407,14
Melon Seeds,1408,18
Melon Seeds,1409,13
Melon Seeds,1410,21
Melon Seeds,1411,18
Melon Seeds,1412,22
Melon Seeds,1413,19
Melon Seeds,1414,24
Melon Seeds,1415,17
Melon Seeds,1416,22
Melon Seeds,1417,23
Melon Seeds,1418,21
Melon Seeds,1419,40
Melon Seeds,1420,22
Melon Seeds,1421,19
Melon Seeds,1422,26
Melon Seeds,1423,26
Melon Seeds,1424,17
Melon Seeds,1425,44
Melon Seeds,1426,18
Melon Seeds,1427,25
Melon Seeds,1428,21
Melon Seeds,1429,18
Melon Seeds,1430,16
Melon Seeds,1431,37
Melon Seeds,1432,25
Melon Seeds,1433,12
Melon Seeds,1434,14
Melon Seeds,1435,30
Melon Seeds,1436,13
Melon Seeds,1437,33
Melon Seeds,1438,29
Melon Seeds,1439,25
Melon Seeds,1440,18
Melon Seeds,1441,40
Melon Seeds,1442,21
Melon Seeds,1443,20
Melon Seeds,1444,15
Melon Seeds,1445,24
Melon Seeds,1446,28
Melon Seeds,1447,10
Melon Seeds,1448,17
Melon Seeds,1449,11
Melon Seeds,1450,45
Melon Seeds,1451,16
Melon Seeds,1452,16
Melon Seeds,1453,24
Melon Seeds,1454,28
Melon Seeds,1455,17
Melon Seeds,1456,27
Melon Seeds,1457,26
Melon Seeds,1458,17
Melon Seeds,1459,17
Melon Seeds,1460,21
Melon Seeds,1461,42
Melon Seeds,1462,12
Melon Seeds,1463,24
Melon Seeds,1464,28
Melon Seeds,1465,17
Melon Seeds,1466,19
Melon Seeds,1467,20
Melon Seeds,1468,19
Melon Seeds,1469,17
Melon Seeds,1470,19
Melon Seeds,1471,25
Melon Seeds,1472,14
Melon Seeds,1473,19
Melon Seeds,1474,24
Melon Seeds,1475,18
Melon Seeds,1476,23
Melon Seeds,1477,14
Melon Seeds,1478,12
Melon Seeds,1479,19
Melon Seeds,1480,19
Melon Seeds,1481,17
Melon Seeds,1482,17
Melon Seeds,1483,19
Melon Seeds,1484,15
Melon Seeds,1485,13
Melon Seeds,1486,26
Melon Seeds,1487,30
Melon Seeds,1488,28
Melon Seeds,1489,9
Melon Seeds,1490,31
Melon Seeds,1491,14
Melon Seeds,1492,31
Melon Seeds,1493,18
Melon Seeds,1494,25
Melon Seeds,1495,32
Melon Seeds,1496,26
Melon Seeds,1497,24
Melon Seeds,1498,25
Melon Seeds,1499,22
Melon Seeds,1500,16
Melon Seeds,1501,20
Melon Seeds,1502,21
Melon Seeds,1503,13
Melon Seeds,1504,17
Melon Seeds,1505,29
Melon Seeds,1506,24
Melon Seeds,1507,14
Melon Seeds,1508,16
Melon Seeds,1509,25
Melon Seeds,1510,41
Melon Seeds,1511,12
Melon Seeds,1512,23
Melon Seeds,1513,18
Melon Seeds,1514,8
Melon Seeds,1515,19
Melon Seeds,1516,14
Melon Seeds,1517,23
Melon Seeds,1518,9
Melon Seeds,1519,25
Melon Seeds,1520,10
Melon Seeds,1521,16
Melon Seeds,1522,22
Melon Seeds,1523,33
Melon Seeds,1524,13
Melon Seeds,1525,21
Melon Seeds,1526,20
Melon Seeds,1527,22
Melon Seeds,1528,34
Melon Seeds,1529,14
Melon Seeds,1530,15
Melon Seeds,1531,25
Melon Seeds,1532,30
Melon Seeds,1533,15
Melon Seeds,1534,14
Melon Seeds,1535,24
Melon Seeds,1536,39
Melon Seeds,1537,19
Melon Seeds,1538,33
Melon Seeds,1539,25
Melon Seeds,1540,39
Melon Seeds,1541,14
Melon Seeds,1542,20
Melon Seeds,1543,19
Melon Seeds,1544,24
Melon Seeds,1545,17
Melon Seeds,1546,22
Melon Seeds,1547,22
Melon Seeds,1548,22
Melon Seeds,1549,16
Melon Seeds,1550,19
Melon Seeds,1551,15
Melon Seeds,1552,14
Melon Seeds,1553,17
Melon Seeds,1554,19
Melon Seeds,1555,15
Melon Seeds,1556,24
Melon Seeds,1557,19
Melon Seeds,1558,20
Melon Seeds,1559,17
Melon Seeds,1560,27
Melon Seeds,1561,20
Melon Seeds,1562,23
Melon Seeds,1563,25
Melon Seeds,1564,21
Melon Seeds,1565,30
Melon Seeds,1566,20
Melon Seeds,1567,22
Melon Seeds,1568,24
Melon Seeds,1569,33
Melon Seeds,1570,25
Melon Seeds,1571,21
Melon Seeds,1572,24
Melon Seeds,1573,23
Melon Seeds,1574,20
Melon Seeds,1575,31
Melon Seeds,1576,23
Melon Seeds,1577,22
Melon Seeds,1578,19
Melon Seeds,1579,17
Melon Seeds,1580,23
Melon Seeds,1581,28
Melon Seeds,1582,21
Melon Seeds,1583,15
Melon Seeds,1584,27
Melon Seeds,1585,18
Melon Seeds,1586,20
Melon Seeds,1587,21
Melon Seeds,1588,22
Melon Seeds,1589,12
Melon Seeds,1590,26
Melon Seeds,1591,19
Melon Seeds,1592,20
Melon Seeds,1593,15
Melon Seeds,1594,22
Melon Seeds,1595,20
Melon Seeds,1596,12
Melon Seeds,1597,23
Melon Seeds,1598,20
Melon Seeds,1599,35
Melon Seeds,1600,27
Melon Seeds,1601,12
Melon Seeds,1602,23
Melon Seeds,1603,19
Melon Seeds,1604,27
Melon Seeds,1605,23
Melon Seeds,1606,13
Melon Seeds,1607,35
Melon Seeds,1608,20
Melon Seeds,1609,16
Melon Seeds,1610,17
Melon Seeds,1611,21
Melon Seeds,1612,20
Melon Seeds,1613,24
Melon Seeds,1614,18
Melon Seeds,1615,26
Melon Seeds,1616,27
Melon Seeds,1617,13
Melon Seeds,1618,17
Melon Seeds,1619,11
Melon Seeds,1620,19
Melon Seeds,1621,17
Melon Seeds,1622,26
Melon Seeds,1623,21
Melon Seeds,1624,18
Melon Seeds,1625,33
Melon Seeds,1626,14
Melon Seeds,1627,12
Melon Seeds,1628,13
Melon Seeds,1629,20
Melon Seeds,1630,15
Melon Seeds,1631,31
Melon Seeds,1632,12
Melon Seeds,1633,19
Melon Seeds,1634,14
Melon Seeds,1635,15
Melon Seeds,1636,24
Melon Seeds,1637,35
Melon Seeds,1638,17
Melon Seeds,1639,15
Melon Seeds,1640,11
Melon Seeds,1641,19
Melon Seeds,1642,25
Melon Seeds,1643,14
Melon Seeds,1644,15
Melon Seeds,1645,32
Melon Seeds,1646,37
Melon Seeds,1647,24
Melon Seeds,1648,24
Melon Seeds,1649,14
Melon Seeds,1650,24
Melon Seeds,1651,22
Melon Seeds,1652,21
Melon Seeds,1653,22
Melon Seeds,1654,32
Melon Seeds,1655,15
Melon Seeds,1656,10
Melon Seeds,1657,17
Melon Seeds,1658,21
Melon Seeds,1659,17
Melon Seeds,1660,22
Melon Seeds,1661,36
Melon Seeds,1662,24
Melon Seeds,1663,35
Melon Seeds,1664,22
Melon Seeds,1665,21
Melon Seeds,1666,32
Melon Seeds,1667,33
Melon Seeds,1668,18
Melon Seeds,1669,18
Melon Seeds,1670,41
Melon Seeds,1671,19
Melon Seeds,1672,31
Melon Seeds,1673,26
Melon Seeds,1674,17
Melon Seeds,1675,23
Melon Seeds,1676,27
Melon Seeds,1677,22
Melon Seeds,1678,14
Melon Seeds,1679,21
Melon Seeds,1680,23
Melon Seeds,1681,15
Melon Seeds,1682,26
Melon Seeds,1683,25
Melon Seeds,1684,19
Melon Seeds,1685,31
Melon Seeds,1686,22
Melon Seeds,1687,24
Melon Seeds,1688,20
Melon Seeds,1689,30
Melon Seeds,1690,26
Melon Seeds,1691,30
Melon Seeds,1692,27
Melon Seeds,1693,12
Melon Seeds,1694,21
Melon Seeds,1695,15
Melon Seeds,1696,28
Melon Seeds,1697,12
Melon Seeds,1698,22
Melon Seeds,1699,13
Melon Seeds,1700,22
Melon Seeds,1701,18
Melon Seeds,1702,13
Melon Seeds,1703,23
Melon Seeds,1704,22
Melon Seeds,1705,15
Melon Seeds,1706,18
Melon Seeds,1707,20
Melon Seeds,1708,11
Melon Seeds,1709,17
Melon Seeds,1710,12
Melon Seeds,1711,14
Melon Seeds,1712,18
Melon Seeds,1713,13
Melon Seeds,1714,19
Melon Seeds,1715,19
Melon Seeds,1716,38
Melon Seeds,1717,21
Melon Seeds,1718,25
Melon Seeds,1719,22
Melon Seeds,1720,15
Melon Seeds,1721,13
Melon Seeds,1722,26
Melon Seeds,1723,34
Melon Seeds,1724,16
Melon Seeds,1725,18
Melon Seeds,1726,19
Melon Seeds,1727,14
Melon Seeds,1728,28
Melon Seeds,1729,15
Melon Seeds,1730,15
Melon Seeds,1731,21
Melon Seeds,1732,25
Melon Seeds,1733,17
Melon Seeds,1734,14
Melon Seeds,1735,32
Melon Seeds,1736,17
Melon Seeds,1737,21
Melon Seeds,1738,21
Melon Seeds,1739,33
Melon Seeds,1740,23
Melon Seeds,1741,15
Melon Seeds,1742,15
Melon Seeds,1743,20
Melon Seeds,1744,25
Melon Seeds,1745,22
Melon Seeds,1746,18
Melon Seeds,1747,19
Melon Seeds,1748,25
Melon Seeds,1749,24
Melon Seeds,1750,18
Melon Seeds,1751,19
Melon Seeds,1752,33
Melon Seeds,1753,14
Melon Seeds,1754,24
Melon Seeds,1755,33
Melon Seeds,1756,15
Melon Seeds,1757,22
Melon Seeds,1758,22
Melon Seeds,1759,24
Melon Seeds,1760,18
Melon Seeds,1761,30
Melon Seeds,1762,20
Melon Seeds,1763,23
Melon Seeds,1764,24
Melon Seeds,1765,13
Melon Seeds,1766,27
Melon Seeds,1767,27
Melon Seeds,1768,21
Melon Seeds,1769,18
Melon Seeds,1770,26
Melon Seeds,1771,16
Melon Seeds,1772,23
Melon Seeds,1773,19
Melon Seeds,1774,10
Melon Seeds,1775,9
Melon Seeds,1776,19
Melon Seeds,1777,21
Melon Seeds,1778,21
Melon Seeds,1779,17
Melon Seeds,1780,33
Melon Seeds,1781,39
Melon Seeds,1782,21
Melon Seeds,1783,16
Melon Seeds,1784,26
Melon Seeds,1785,16
Melon Seeds,1786,25
Melon Seeds,1787,18
Melon Seeds,1788,20
Melon Seeds,1789,13
Melon Seeds,1790,21
Melon Seeds,1791,12
Melon Seeds,1792,25
Melon Seeds,1793,17
Melon Seeds,1794,12
Melon Seeds,1795,22
Melon Seeds,1796,16
Melon Seeds,1797,12
Melon Seeds,1798,20
Melon Seeds,1799,17
Melon Seeds,1800,15
Melon Seeds,1801,34
Melon Seeds,1802,14
Melon Seeds,1803,14
Melon Seeds,1804,15
Melon Seeds,1805,22
Melon Seeds,1806,21
Melon Seeds,1807,23
Melon Seeds,1808,15
Melon Seeds,1809,14
Melon Seeds,1810,33
Melon Seeds,1811,14
Melon Seeds,1812,25
Melon Seeds,1813,16
Melon Seeds,1814,16
Melon Seeds,1815,23
Melon Seeds,1816,22
Melon Seeds,1817,30
Melon Seeds,1818,12
Melon Seeds,1819,23
Melon Seeds,1820,15
Melon Seeds,1821,24
Melon Seeds,1822,11
Melon Seeds,1823,17
Melon Seeds,1824,22
Melon Seeds,1825,17
Melon Seeds,1826,21
Melon Seeds,1827,26
Melon Seeds,1828,13
Melon Seeds,1829,25
Melon Seeds,1830,16
Melon Seeds,1831,17
Melon Seeds,1832,11
Melon Seeds,1833,17
Melon Seeds,1834,30
Melon Seeds,1835,22
Melon Seeds,1836,18
Melon Seeds,1837,23
Melon Seeds,1838,22
Melon Seeds,1839,17
Melon Seeds,1840,17
Melon Seeds,1841,25
Melon Seeds,1842,16
Melon Seeds,1843,25
Melon Seeds,1844,21
Melon Seeds,1845,19
Melon Seeds,1846,34
Melon Seeds,1847,26
Melon Seeds,1848,24
Melon Seeds,1849,29
Melon Seeds,1850,24
Melon Seeds,1851,16
Melon Seeds,1852,14
Melon Seeds,1853,26
Melon Seeds,1854,37
Melon Seeds,1855,22
Melon Seeds,1856,38
Melon Seeds,1857,30
Melon Seeds,1858,40
Melon Seeds,1859,19
Melon Seeds,1860,18
Melon Seeds,1861,22
Melon Seeds,1862,16
Melon Seeds,1863,13
Melon Seeds,1864,28
Melon Seeds,1865,19
Melon Seeds,1866,14
Melon Seeds,1867,26
Melon Seeds,1868,21
Melon Seeds,1869,17
Melon Seeds,1870,15
Melon Seeds,1871,18
Melon Seeds,1872,23
Melon Seeds,1873,28
Melon Seeds,1874,19
Melon Seeds,1875,14
Melon Seeds,1876,26
Melon Seeds,1877,21
Melon Seeds,1878,17
Melon Seeds,1879,15
Melon Seeds,1880,18
Melon Seeds,1881,23
Melon Seeds,1882,21
Melon Seeds,1883,16
Melon Seeds,1884,18
Melon Seeds,1885,21
Melon Seeds,1886,11
Melon Seeds,1887,20
Melon Seeds,1888,20
Melon Seeds,1889,21
Melon Seeds,1890,35
Melon Seeds,1891,11
Melon Seeds,1892,23
Melon Seeds,1893,19
Melon Seeds,1894,13
Melon Seeds,1895,21
Melon Seeds,1896,16
Melon Seeds,1897,22
Melon Seeds,1898,19
Melon Seeds,1899,25
Melon Seeds,1900,18
Melon Seeds,1901,22
Melon Seeds,1902,19
Melon Seeds,1903,29
Melon Seeds,1904,20
Melon Seeds,1905,20
Melon Seeds,1906,22
Melon Seeds,1907,13
Melon Seeds,1908,14
Melon Seeds,1909,19
Melon Seeds,1910,29
Melon Seeds,1911,17
Melon Seeds,1912,33
Melon Seeds,1913,16
Melon Seeds,1914,18
Melon Seeds,1915,18
Melon Seeds,1916,33
Melon Seeds,1917,22
Melon Seeds,1918,19
Melon Seeds,1919,10
Melon Seeds,1920,24
Melon Seeds,1921,18
Melon Seeds,1922,25
Melon Seeds,1923,41
Melon Seeds,1924,28
Melon Seeds,1925,17
Melon Seeds,1926,25
Melon Seeds,1927,20
Melon Seeds,1928,33
Melon Seeds,1929,33
Melon Seeds,1930,26
Melon Seeds,1931,36
Melon Seeds,1932,33
Melon Seeds,1933,15
Melon Seeds,1934,21
Melon Seeds,1935,21
Melon Seeds,1936,16
Melon Seeds,1937,24
Melon Seeds,1938,15
Melon Seeds,1939,15
Melon Seeds,1940,32
Melon Seeds,1941,20
Melon Seeds,1942,18
Melon Seeds,1943,27
Melon Seeds,1944,25
Melon Seeds,1945,25
Melon Seeds,1946,15
Melon Seeds,1947,18
Melon Seeds,1948,23
Melon Seeds,1949,32
Melon Seeds,1950,30
Melon Seeds,1951,25
Melon Seeds,1952,11
Melon Seeds,1953,37
Melon Seeds,1954,16
Melon Seeds,1955,37
Melon Seeds,1956,30
Melon Seeds,1957,30
Melon Seeds,1958,18
Melon Seeds,1959,30
Melon Seeds,1960,18
Melon Seeds,1961,30
Melon Seeds,1962,16
Melon Seeds,1963,27
Melon Seeds,1964,17
Melon Seeds,1965,23
Melon Seeds,1966,16
Melon Seeds,1967,19
Melon Seeds,1968,21
Melon Seeds,1969,36
Melon Seeds,1970,12
Melon Seeds,1971,28
Melon Seeds,1972,17
Melon Seeds,1973,13
Melon Seeds,1974,20
Melon Seeds,1975,17
Melon Seeds,1976,20
Melon Seeds,1977,14
Melon Seeds,1978,18
Melon Seeds,1979,35
Melon Seeds,1980,18
Melon Seeds,1981,25
Melon Seeds,1982,13
Melon Seeds,1983,25
Melon Seeds,1984,23
Melon Seeds,1985,14
Melon Seeds,1986,18
Melon Seeds,1987,23
Melon Seeds,1988,13
Melon Seeds,1989,15
Melon Seeds,1990,18
Melon Seeds,1991,32
Melon Seeds,1992,17
Melon Seeds,1993,22
Melon Seeds,1994,16
Melon Seeds,1995,13
Melon Seeds,1996,12
Melon Seeds,1997,17
Melon Seeds,1998,29
Melon Seeds,1999,22
Melon Seeds,2000,10
Melon Seeds,2001,15
Melon Seeds,2002,21
Melon Seeds,2003,34
Melon Seeds,2004,31
Melon Seeds,2005,19
Melon Seeds,2006,13
Melon Seeds,2007,26
Melon Seeds,2008,21
Melon Seeds,2009,11
Melon Seeds,2010,18
Melon Seeds,2011,12
Melon Seeds,2012,28
Melon Seeds,2013,20
Melon Seeds,2014,24
Melon Seeds,2015,17
Melon Seeds,2016,19
Melon Seeds,2017,13
Melon Seeds,2018,27
Melon Seeds,2019,15
Melon Seeds,2020,11
Melon Seeds,2021,17
Melon Seeds,2022,17
Melon Seeds,2023,19
Melon Seeds,2024,30
Melon Seeds,2025,21
Melon Seeds,2026,24
Melon Seeds,2027,20
Melon Seeds,2028,12
Melon Seeds,2029,19
Melon Seeds,2030,21
Melon Seeds,2031,29
Melon Seeds,2032,34
Melon Seeds,2033,47
Melon Seeds,2034,19
Melon Seeds,2035,18
Melon Seeds,2036,30
Melon Seeds,2037,18
Melon Seeds,2038,28
Melon Seeds,2039,27
Melon Seeds,2040,10
Melon Seeds,2041,20
Melon Seeds,2042,18
Melon Seeds,2043,22
Melon Seeds,2044,16
Melon Seeds,2045,29
Melon Seeds,2046,17
Melon Seeds,2047,18
Melon Seeds,2048,13
Melon Seeds,2049,27
Melon Seeds,2050,32
Melon Seeds,2051,28
Melon Seeds,2052,29
Melon Seeds,2053,28
Melon Seeds,2054,34
Melon Seeds,2055,25
Melon Seeds,2056,20
Melon Seeds,2057,17
Melon Seeds,2058,17
Melon Seeds,2059,18
Melon Seeds,2060,14
Melon Seeds,2061,16
Melon Seeds,2062,31
Melon Seeds,2063,25
Melon Seeds,2064,18
Melon Seeds,2065,21
Melon Seeds,2066,8
Melon Seeds,2067,13
Melon Seeds,2068,18
Melon Seeds,2069,25
Melon Seeds,2070,12
Melon Seeds,2071,18
Melon Seeds,2072,24
Melon Seeds,2073,10
Melon Seeds,2074,19
Melon Seeds,2075,23
Melon Seeds,2076,23
Melon Seeds,2077,15
Melon Seeds,2078,18
Melon Seeds,2079,15
Melon Seeds,2080,21
Melon Seeds,2081,25
Melon Seeds,2082,23
Melon Seeds,2083,19
Melon Seeds,2084,27
Melon Seeds,2085,16
Melon Seeds,2086,16
Melon Seeds,2087,20
Melon Seeds,2088,23
Melon Seeds,2089,33
Melon Seeds,2090,23
Melon Seeds,2091,21
Melon Seeds,2092,17
Melon Seeds,2093,16
Melon Seeds,2094,22
Melon Seeds,2095,22
Melon Seeds,2096,13
Melon Seeds,2097,18
Melon Seeds,2098,17
Melon Seeds,2099,20
Melon Seeds,2100,27
Melon Seeds,2101,16
Melon Seeds,2102,30
Melon Seeds,2103,17
Melon Seeds,2104,20
Melon Seeds,2105,30
Melon Seeds,2106,29
Melon Seeds,2107,15
Melon Seeds,2108,15
Melon Seeds,2109,25
Melon Seeds,2110,13
Melon Seeds,2111,9
Melon Seeds,2112,18
Melon Seeds,2113,21
Melon Seeds,2114,22
Melon Seeds,2115,16
Melon Seeds,2116,10
Melon Seeds,2117,27
Melon Seeds,2118,18
Melon Seeds,2119,25
Melon Seeds,2120,25
Melon Seeds,2121,20
Melon Seeds,2122,15
Melon Seeds,2123,20
Melon Seeds,2124,24
Melon Seeds,2125,21
Melon Seeds,2126,10
Melon Seeds,2127,24
Melon Seeds,2128,23
Melon Seeds,2129,9
Melon Seeds,2130,10
Melon Seeds,2131,12
Melon Seeds,2132,20
Melon Seeds,2133,15
Melon Seeds,2134,28
Melon Seeds,2135,17
Melon Seeds,2136,18
Melon Seeds,2137,14
Melon Seeds,2138,20
Melon Seeds,2139,8
Melon Seeds,2140,22
Melon Seeds,2141,20
Melon Seeds,2142,17
Melon Seeds,2143,19
Melon Seeds,2144,18
Melon Seeds,2145,20
Melon Seeds,2146,32
Melon Seeds,2147,28
Melon Seeds,2148,29
Melon Seeds,2149,16
Melon Seeds,2150,29
Melon Seeds,2151,21
Melon Seeds,2152,34
Melon Seeds,2153,18
Melon Seeds,2154,11
Melon Seeds,2155,20
Melon Seeds,2156,25
Melon Seeds,2157,28
Melon Seeds,2158,15
Melon Seeds,2159,22
Melon Seeds,2160,23
Melon Seeds,2161,11
Melon Seeds,2162,49
Melon Seeds,2163,9
Melon Seeds,2164,33
Melon Seeds,2165,16
Melon Seeds,2166,25
Melon Seeds,2167,17
Melon Seeds,2168,15
Melon Seeds,2169,21
Melon Seeds,2170,18
Melon Seeds,2171,11
Melon Seeds,2172,13
Melon Seeds,2173,16
Melon Seeds,2174,30
Melon Seeds,2175,35
Melon Seeds,2176,20
Melon Seeds,2177,24
Melon Seeds,2178,23
Melon Seeds,2179,20
Melon Seeds,2180,12
Melon Seeds,2181,22
Melon Seeds,2182,22
Melon Seeds,2183,17
Melon Seeds,2184,14
Melon Seeds,2185,29
Melon Seeds,2186,13
Melon Seeds,2187,29
Melon Seeds,2188,22
Melon Seeds,2189,19
Melon Seeds,2190,26
Melon Seeds,2191,32
Melon Seeds,2192,20
Melon Seeds,2193,22
Melon Seeds,2194,43
Melon Seeds,2195,28
Melon Seeds,2196,25
Melon Seeds,2197,26
Melon Seeds,2198,22
Melon Seeds,2199,42
Melon Seeds,2200,33
Melon Seeds,2201,24
Melon Seeds,2202,36
Melon Seeds,2203,15
Melon Seeds,2204,18
Melon Seeds,2205,14
Melon Seeds,2206,26
Melon Seeds,2207,24
Melon Seeds,2208,16
Melon Seeds,2209,24
Melon Seeds,2210,25
Melon Seeds,2211,9
Melon Seeds,2212,29
Melon Seeds,2213,20
Melon Seeds,2214,17
Melon Seeds,2215,33
Melon Seeds,2216,19
Melon Seeds,2217,26
Melon Seeds,2218,17
Melon Seeds,2219,33
Melon Seeds,2220,18
Melon Seeds,2221,22
Melon Seeds,2222,15
Melon Seeds,2223,14
Melon Seeds,2224,15
Melon Seeds,2225,18
Melon Seeds,2226,19
Melon Seeds,2227,28
Melon Seeds,2228,19
Melon Seeds,2229,12
Melon Seeds,2230,23
Melon Seeds,2231,11
Melon Seeds,2232,27
Melon Seeds,2233,24
Melon Seeds,2234,25
Melon Seeds,2235,20
Melon Seeds,2236,27
Melon Seeds,2237,14
Melon Seeds,2238,19
Melon Seeds,2239,24
Melon Seeds,2240,19
Melon Seeds,2241,30
Melon Seeds,2242,21
Melon Seeds,2243,22
Melon Seeds,2244,31
Melon Seeds,2245,21
Melon Seeds,2246,27
Melon Seeds,2247,11
Melon Seeds,2248,16
Melon Seeds,2249,28
Melon Seeds,2250,29
Melon Seeds,2251,22
Melon Seeds,2252,17
Melon Seeds,2253,12
Melon Seeds,2254,13
Melon Seeds,2255,30
Melon Seeds,2256,14
Melon Seeds,2257,18
Melon Seeds,2258,35
Melon Seeds,2259,16
Melon Seeds,2260,14
Melon Seeds,2261,16
Melon Seeds,2262,55
Melon Seeds,2263,16
Melon Seeds,2264,27
Melon Seeds,2265,10
Melon Seeds,2266,19
Melon Seeds,2267,36
Melon Seeds,2268,20
Melon Seeds,2269,33
Melon Seeds,2270,22
Melon Seeds,2271,15
Melon Seeds,2272,42
Melon Seeds,2273,22
Melon Seeds,2274,14
Melon Seeds,2275,13
Melon Seeds,2276,22
Melon Seeds,2277,27
Melon Seeds,2278,12
Melon Seeds,2279,19
Melon Seeds,2280,26
Melon Seeds,2281,24
Melon Seeds,2282,23
Melon Seeds,2283,23
Melon Seeds,2284,24
Melon Seeds,2285,24
Melon Seeds,2286,18
Melon Seeds,2287,25
Melon Seeds,2288,23
Melon Seeds,2289,19
Melon Seeds,2290,27
Melon Seeds,2291,14
Melon Seeds,2292,32
Melon Seeds,2293,18
Melon Seeds,2294,30
Melon Seeds,2295,14
Melon Seeds,2296,15
Melon Seeds,2297,19
Melon Seeds,2298,17
Melon Seeds,2299,22
Melon Seeds,2300,19
Melon Seeds,2301,35
Melon Seeds,2302,25
Melon Seeds,2303,20
Melon Seeds,2304,20
Melon Seeds,2305,14
Melon Seeds,2306,16
Melon Seeds,2307,16
Melon Seeds,2308,18
Melon Seeds,2309,14
Melon Seeds,2310,25
Melon Seeds,2311,26
Melon Seeds,2312,20
Melon Seeds,2313,32
Melon Seeds,2314,18
Melon Seeds,2315,16
Melon Seeds,2316,35
Melon Seeds,2317,29
Melon Seeds,2318,15
Melon Seeds,2319,23
Melon Seeds,2320,19
Melon Seeds,2321,26
Melon Seeds,2322,15
Melon Seeds,2323,26
Melon Seeds,2324,21
Melon Seeds,2325,13
Melon Seeds,2326,37
Melon Seeds,2327,14
Melon Seeds,2328,26
Melon Seeds,2329,34
Melon Seeds,2330,19
Melon Seeds,2331,20
Melon Seeds,2332,15
Melon Seeds,2333,15
Melon Seeds,2334,17
Melon Seeds,2335,26
Melon Seeds,2336,11
Melon Seeds,2337,21
Melon Seeds,2338,22
Melon Seeds,2339,19
Melon Seeds,2340,14
Melon Seeds,2341,30
Melon Seeds,2342,14
Melon Seeds,2343,32
Melon Seeds,2344,31
Melon Seeds,2345,20
Melon Seeds,2346,36
Melon Seeds,2347,12
Melon Seeds,2348,19
Melon Seeds,2349,33
Melon Seeds,2350,12
Melon Seeds,2351,24
Melon Seeds,2352,11
Melon Seeds,2353,29
Melon Seeds,2354,24
Melon Seeds,2355,20
Melon Seeds,2356,20
Melon Seeds,2357,14
Melon Seeds,2358,12
Melon Seeds,2359,21
Melon Seeds,2360,14
Melon Seeds,2361,17
Melon Seeds,2362,24
Melon Seeds,2363,12
Melon Seeds,2364,35
Melon Seeds,2365,19
Melon Seeds,2366,20
Melon Seeds,2367,22
Melon Seeds,2368,13
Melon Seeds,2369,16
Melon Seeds,2370,22
Melon Seeds,2371,20
Melon Seeds,2372,15
Melon Seeds,2373,14
Melon Seeds,2374,20
Melon Seeds,2375,22
Melon Seeds,2376,18
Melon Seeds,2377,30
Melon Seeds,2378,12
Melon Seeds,2379,33
Melon Seeds,2380,24
Melon Seeds,2381,23
Melon Seeds,2382,37
Melon Seeds,2383,17
Melon Seeds,2384,10
Melon Seeds,2385,18
Melon Seeds,2386,17
Melon Seeds,2387,20
Melon Seeds,2388,9
Melon Seeds,2389,26
Melon Seeds,2390,23
Melon Seeds,2391,17
Melon Seeds,2392,12
Melon Seeds,2393,17
Melon Seeds,2394,19
Melon Seeds,2395,24
Melon Seeds,2396,38
Melon Seeds,2397,22
Melon Seeds,2398,15
Melon Seeds,2399,23
Melon Seeds,2400,17
Melon Seeds,2401,22
Melon Seeds,2402,22
Melon Seeds,2403,19
Melon Seeds,2404,19
Melon Seeds,2405,11
Melon Seeds,2406,24
Melon Seeds,2407,17
Melon Seeds,2408,29
Melon Seeds,2409,16
Melon Seeds,2410,16
Melon Seeds,2411,23
Melon Seeds,2412,16
Melon Seeds,2413,13
Melon Seeds,2414,14
Melon Seeds,2415,15
Melon Seeds,2416,15
Melon Seeds,2417,23
Melon Seeds,2418,20
Melon Seeds,2419,40
Melon Seeds,2420,26
Melon Seeds,2421,18
Melon Seeds,2422,20
Melon Seeds,2423,35
Melon Seeds,2424,26
Melon Seeds,2425,31
Melon Seeds,2426,28
Melon Seeds,2427,29
Melon Seeds,2428,29
Melon Seeds,2429,31
Melon Seeds,2430,27
Melon Seeds,2431,21
Melon Seeds,2432,15
Melon Seeds,2433,12
Melon Seeds,2434,38
Melon Seeds,2435,15
Melon Seeds,2436,17
Melon Seeds,2437,16
Melon Seeds,2438,19
Melon Seeds,2439,21
Melon Seeds,2440,16
Melon Seeds,2441,17
Melon Seeds,2442,12
Melon Seeds,2443,29
Melon Seeds,2444,18
Melon Seeds,2445,21
Melon Seeds,2446,14
Melon Seeds,2447,26
Melon Seeds,2448,19
Melon Seeds,2449,21
Melon Seeds,2450,16
Melon Seeds,2451,20
Melon Seeds,2452,23
Melon Seeds,2453,16
Melon Seeds,2454,22
Melon Seeds,2455,21
Melon Seeds,2456,34
Melon Seeds,2457,19
Melon Seeds,2458,10
Melon Seeds,2459,46
Melon Seeds,2460,25
Melon Seeds,2461,18
Melon Seeds,2462,13
Melon Seeds,2463,21
Melon Seeds,2464,13
Melon Seeds,2465,29
Melon Seeds,2466,25
Melon Seeds,2467,26
Melon Seeds,2468,10
Melon Seeds,2469,25
Melon Seeds,2470,17
Melon Seeds,2471,13
Melon Seeds,2472,24
Melon Seeds,2473,22
Melon Seeds,2474,24
Melon Seeds,2475,35
Melon Seeds,2476,21
Melon Seeds,2477,20
Melon Seeds,2478,14
Melon Seeds,2479,25
Melon Seeds,2480,17
Melon Seeds,2481,20
Melon Seeds,2482,22
Melon Seeds,2483,20
Melon Seeds,2484,16
Melon Seeds,2485,25
Melon Seeds,2486,25
Melon Seeds,2487,19
Melon Seeds,2488,19
Melon Seeds,2489,31
Melon Seeds,2490,23
Melon Seeds,2491,16
Melon Seeds,2492,18
Melon Seeds,2493,17
Melon Seeds,2494,14
Melon Seeds,2495,27
Melon Seeds,2496,29
Melon Seeds,2497,19
Melon Seeds,2498,18
Melon Seeds,2499,23
Melon Seeds,2500,22
Melon Seeds,2501,25
Melon Seeds,2502,45
Melon Seeds,2503,12
Melon Seeds,2504,20
Melon Seeds,2505,26
Melon Seeds,2506,17
Melon Seeds,2507,26
Melon Seeds,2508,23
Melon Seeds,2509,20
Melon Seeds,2510,16
Melon Seeds,2511,12
Melon Seeds,2512,19
Melon Seeds,2513,15
Melon Seeds,2514,32
Melon Seeds,2515,41
Melon Seeds,2516,18
Melon Seeds,2517,18
Melon Seeds,2518,21
Melon Seeds,2519,13
Melon Seeds,2520,29
Melon Seeds,2521,18
Melon Seeds,2522,17
Melon Seeds,2523,17
Melon Seeds,2524,13
Melon Seeds,2525,21
Melon Seeds,2526,21
Melon Seeds,2527,12
Melon Seeds,2528,14
Melon Seeds,2529,25
Melon Seeds,2530,20
Melon Seeds,2531,20
Melon Seeds,2532,11
Melon Seeds,2533,16
Melon Seeds,2534,17
Melon Seeds,2535,38
Melon Seeds,2536,21
Melon Seeds,2537,12
Melon Seeds,2538,21
Melon Seeds,2539,24
Melon Seeds,2540,17
Melon Seeds,2541,17
Melon Seeds,2542,31
Melon Seeds,2543,17
Melon Seeds,2544,18
Melon Seeds,2545,16
Melon Seeds,2546,28
Melon Seeds,2547,25
Melon Seeds,2548,19
Melon Seeds,2549,17
Melon Seeds,2550,19
Melon Seeds,2551,29
Melon Seeds,2552,22
Melon Seeds,2553,22
Melon Seeds,2554,18
Melon Seeds,2555,9
Melon Seeds,2556,29
Melon Seeds,2557,18
Melon Seeds,2558,15
Melon Seeds,2559,12
Melon Seeds,2560,16
Melon Seeds,2561,16
Melon Seeds,2562,31
Melon Seeds,2563,22
Melon Seeds,2564,16
Melon Seeds,2565,27
Melon Seeds,2566,21
Melon Seeds,2567,29
Melon Seeds,2568,9
Melon Seeds,2569,20
Melon Seeds,2570,19
Melon Seeds,2571,19
Melon Seeds,2572,13
Melon Seeds,2573,27
Melon Seeds,2574,14
Melon Seeds,2575,19
Melon Seeds,2576,16
Melon Seeds,2577,15
Melon Seeds,2578,10
Melon Seeds,2579,30
Melon Seeds,2580,15
Melon Seeds,2581,19
Melon Seeds,2582,10
Melon Seeds,2583,18
Melon Seeds,2584,20
Melon Seeds,2585,23
Melon Seeds,2586,31
Melon Seeds,2587,14
Melon Seeds,2588,14
Melon Seeds,2589,16
Melon Seeds,2590,17
Melon Seeds,2591,27
Melon Seeds,2592,17
Melon Seeds,2593,11
Melon Seeds,2594,21
Melon Seeds,2595,18
Melon Seeds,2596,26
Melon Seeds,2597,22
Melon Seeds,2598,10
Melon Seeds,2599,21
Melon Seeds,2600,23
Melon Seeds,2601,17
Melon Seeds,2602,24
Melon Seeds,2603,14
Melon Seeds,2604,14
Melon Seeds,2605,28
Melon Seeds,2606,13
Melon Seeds,2607,32
Melon Seeds,2608,30
Melon Seeds,2609,13
Melon Seeds,2610,16
Melon Seeds,2611,30
Melon Seeds,2612,21
Melon Seeds,2613,9
Melon Seeds,2614,14
Melon Seeds,2615,25
Melon Seeds,2616,17
Melon Seeds,2617,22
Melon Seeds,2618,22
Melon Seeds,2619,21
Melon Seeds,2620,18
Melon Seeds,2621,35
Melon Seeds,2622,15
Melon Seeds,2623,24
Melon Seeds,2624,22
Melon Seeds,2625,23
Melon Seeds,2626,15
Melon Seeds,2627,27
Melon Seeds,2628,11
Melon Seeds,2629,24
Melon Seeds,2630,15
Melon Seeds,2631,22
Melon Seeds,2632,21
Melon Seeds,2633,17
Melon Seeds,2634,13
Melon Seeds,2635,22
Melon Seeds,2636,24
Melon Seeds,2637,20
Melon Seeds,2638,24
Melon Seeds,2639,25
Melon Seeds,2640,27
Melon Seeds,2641,19
Melon Seeds,2642,20
Melon Seeds,2643,23
Melon Seeds,2644,28
Melon Seeds,2645,22
Melon Seeds,2646,17
Melon Seeds,2647,14
Melon Seeds,2648,24
Melon Seeds,2649,23
Melon Seeds,2650,19
Melon Seeds,2651,16
Melon Seeds,2652,26
Melon Seeds,2653,26
Melon Seeds,2654,31
Melon Seeds,2655,25
Melon Seeds,2656,18
Melon Seeds,2657,12
Melon Seeds,2658,43
Melon Seeds,2659,26
Melon Seeds,2660,24
Melon Seeds,2661,14
Melon Seeds,2662,22
Melon Seeds,2663,13
Melon Seeds,2664,21
Melon Seeds,2665,22
Melon Seeds,2666,19
Melon Seeds,2667,17
Melon Seeds,2668,17
Melon Seeds,2669,33
Melon Seeds,2670,20
Melon Seeds,2671,20
Melon Seeds,2672,19
Melon Seeds,2673,21
Melon Seeds,2674,15
Melon Seeds,2675,13
Melon Seeds,2676,22
Melon Seeds,2677,14
Melon Seeds,2678,18
Melon Seeds,2679,14
Melon Seeds,2680,11
Melon Seeds,2681,26
Melon Seeds,2682,26
Melon Seeds,2683,18
Melon Seeds,2684,11
Melon Seeds,2685,14
Melon Seeds,2686,24
Melon Seeds,2687,30
Melon Seeds,2688,22
Melon Seeds,2689,26
Melon Seeds,2690,19
Melon Seeds,2691,20
Melon Seeds,2692,14
Melon Seeds,2693,34
Melon Seeds,2694,15
Melon Seeds,2695,21
Melon Seeds,2696,26
Melon Seeds,2697,17
Melon Seeds,2698,17
Melon Seeds,2699,18
Melon Seeds,2700,15
Melon Seeds,2701,15
Melon Seeds,2702,22
Melon Seeds,2703,17
Melon Seeds,2704,18
Melon Seeds,2705,23
Melon Seeds,2706,24
Melon Seeds,2707,25
Melon Seeds,2708,27
Melon Seeds,2709,11
Melon Seeds,2710,23
Melon Seeds,2711,10
Melon Seeds,2712,12
Melon Seeds,2713,20
Melon Seeds,2714,31
Melon Seeds,2715,21
Melon Seeds,2716,14
Melon Seeds,2717,13
Melon Seeds,2718,11
Melon Seeds,2719,18
Melon Seeds,2720,23
Melon Seeds,2721,23
Melon Seeds,2722,14
Melon Seeds,2723,21
Melon Seeds,2724,24
Melon Seeds,2725,29
Melon Seeds,2726,34
Melon Seeds,2727,28
Melon Seeds,2728,29
Melon Seeds,2729,12
Melon Seeds,2730,21
Melon Seeds,2731,17
Melon Seeds,2732,8
Melon Seeds,2733,20
Melon Seeds,2734,19
Melon Seeds,2735,20
Melon Seeds,2736,13
Melon Seeds,2737,37
Melon Seeds,2738,16
Melon Seeds,2739,13
Melon Seeds,2740,22
Melon Seeds,2741,18
Melon Seeds,2742,28
Melon Seeds,2743,16
Melon Seeds,2744,20
Melon Seeds,2745,29
Melon Seeds,2746,22
Melon Seeds,2747,27
Melon Seeds,2748,27
Melon Seeds,2749,21
Melon Seeds,2750,11
Melon Seeds,2751,26
Melon Seeds,2752,15
Melon Seeds,2753,29
Melon Seeds,2754,26
Melon Seeds,2755,32
Melon Seeds,2756,19
Melon Seeds,2757,20
Melon Seeds,2758,28
Melon Seeds,2759,24
Melon Seeds,2760,18
Melon Seeds,2761,33
Melon Seeds,2762,25
Melon Seeds,2763,27
Melon Seeds,2764,18
Melon Seeds,2765,15
Melon Seeds,2766,16
Melon Seeds,2767,17
Melon Seeds,2768,19
Melon Seeds,2769,15
Melon Seeds,2770,19
Melon Seeds,2771,23
Melon Seeds,2772,29
Melon Seeds,2773,22
Melon Seeds,2774,12
Melon Seeds,2775,25
Melon Seeds,2776,17
Melon Seeds,2777,24
Melon Seeds,2778,15
Melon Seeds,2779,24
Melon Seeds,2780,16
Melon Seeds,2781,19
Melon Seeds,2782,20
Melon Seeds,2783,27
Melon Seeds,2784,20
Melon Seeds,2785,33
Melon Seeds,2786,12
Melon Seeds,2787,15
Melon Seeds,2788,29
Melon Seeds,2789,10
Melon Seeds,2790,17
Melon Seeds,2791,25
Melon Seeds,2792,10
Melon Seeds,2793,21
Melon Seeds,2794,17
Melon Seeds,2795,16
Melon Seeds,2796,16
Melon Seeds,2797,20
Melon Seeds,2798,23
Melon Seeds,2799,17
Melon Seeds,2800,15
Melon Seeds,2801,24
Melon Seeds,2802,27
Melon Seeds,2803,31
Melon Seeds,2804,36
Melon Seeds,2805,33
Melon Seeds,2806,21
Melon Seeds,2807,35
Melon Seeds,2808,23
Melon Seeds,2809,19
Melon Seeds,2810,13
Melon Seeds,2811,17
Melon Seeds,2812,31
Melon Seeds,2813,34
Melon Seeds,2814,31
Melon Seeds,2815,17
Melon Seeds,2816,24
Melon Seeds,2817,15
Melon Seeds,2818,17
Melon Seeds,2819,14
Melon Seeds,2820,8
Melon Seeds,2821,12
Melon Seeds,2822,22
Melon Seeds,2823,16
Melon Seeds,2824,25
Melon Seeds,2825,18
Melon Seeds,2826,16
Melon Seeds,2827,25
Melon Seeds,2828,22
Melon Seeds,2829,27
Melon Seeds,2830,17
Melon Seeds,2831,14
Melon Seeds,2832,25
Melon Seeds,2833,30
Melon Seeds,2834,9
Melon Seeds,2835,39
Melon Seeds,2836,30
Melon Seeds,2837,17
Melon Seeds,2838,14
Melon Seeds,2839,17
Melon Seeds,2840,34
Melon Seeds,2841,19
Melon Seeds,2842,32
Melon Seeds,2843,22
Melon Seeds,2844,24
Melon Seeds,2845,19
Melon Seeds,2846,22
Melon Seeds,2847,25
Melon Seeds,2848,16
Melon Seeds,2849,20
Melon Seeds,2850,16
Melon Seeds,2851,35
Melon Seeds,2852,16
Melon Seeds,2853,19
Melon Seeds,2854,16
Melon Seeds,2855,19
Melon Seeds,2856,24
Melon Seeds,2857,37
Melon Seeds,2858,17
Melon Seeds,2859,9
Melon Seeds,2860,21
Melon Seeds,2861,9
Melon Seeds,2862,20
Melon Seeds,2863,18
Melon Seeds,2864,22
Melon Seeds,2865,15
Melon Seeds,2866,12
Melon Seeds,2867,21
Melon Seeds,2868,20
Melon Seeds,2869,15
Melon Seeds,2870,19
Melon Seeds,2871,26
Melon Seeds,2872,17
Melon Seeds,2873,15
Melon Seeds,2874,16
Melon Seeds,2875,20
Melon Seeds,2876,17
Melon Seeds,2877,17
Melon Seeds,2878,29
Melon Seeds,2879,17
Melon Seeds,2880,37
Melon Seeds,2881,18
Melon Seeds,2882,38
Melon Seeds,2883,18
Melon Seeds,2884,18
Melon Seeds,2885,33
Melon Seeds,2886,23
Melon Seeds,2887,21
Melon Seeds,2888,34
Melon Seeds,2889,13
Melon Seeds,2890,18
Melon Seeds,2891,16
Melon Seeds,2892,16
Melon Seeds,2893,33
Melon Seeds,2894,17
Melon Seeds,2895,21
Melon Seeds,2896,14
Melon Seeds,2897,24
Melon Seeds,2898,23
Melon Seeds,2899,15
Melon Seeds,2900,14
Melon Seeds,2901,26
Melon Seeds,2902,34
Melon Seeds,2903,28
Melon Seeds,2904,28
Melon Seeds,2905,25
Melon Seeds,2906,22
Melon Seeds,2907,20
Melon Seeds,2908,18
Melon Seeds,2909,13
Melon Seeds,2910,24
Melon Seeds,2911,10
Melon Seeds,2912,24
Melon Seeds,2913,28
Melon Seeds,2914,15
Melon Seeds,2915,27
Melon Seeds,2916,21
Melon Seeds,2917,18
Melon Seeds,2918,23
Melon Seeds,2919,14
Melon Seeds,2920,15
Melon Seeds,2921,16
Melon Seeds,2922,31
Melon Seeds,2923,22
Melon Seeds,2924,17
Melon Seeds,2925,17
Melon Seeds,2926,24
Melon Seeds,2927,21
Melon Seeds,2928,18
Melon Seeds,2929,17
Melon Seeds,2930,19
Melon Seeds,2931,22
Melon Seeds,2932,14
Melon Seeds,2933,20
Melon Seeds,2934,17
Melon Seeds,2935,24
Melon Seeds,2936,24
Melon Seeds,2937,17
Melon Seeds,2938,29
Melon Seeds,2939,21
Melon Seeds,2940,24
Melon Seeds,2941,20
Melon Seeds,2942,35
Melon Seeds,2943,17
Melon Seeds,2944,9
Melon Seeds,2945,16
Melon Seeds,2946,33
Melon Seeds,2947,19
Melon Seeds,2948,24
Melon Seeds,2949,29
Melon Seeds,2950,13
Melon Seeds,2951,24
Melon Seeds,2952,21
Melon Seeds,2953,30
Melon Seeds,2954,24
Melon Seeds,2955,27
Melon Seeds,2956,27
Melon Seeds,2957,27
Melon Seeds,2958,19
Melon Seeds,2959,19
Melon Seeds,2960,34
Melon Seeds,2961,9
Melon Seeds,2962,15
Melon Seeds,2963,27
Melon Seeds,2964,21
Melon Seeds,2965,18
Melon Seeds,2966,19
Melon Seeds,2967,20
Melon Seeds,2968,25
Melon Seeds,2969,20
Melon Seeds,2970,21
Melon Seeds,2971,10
Melon Seeds,2972,26
Melon Seeds,2973,24
Melon Seeds,2974,23
Melon Seeds,2975,20
Melon Seeds,2976,25
Melon Seeds,2977,15
Melon Seeds,2978,25
Melon Seeds,2979,16
Melon Seeds,2980,18
Melon Seeds,2981,27
Melon Seeds,2982,26
Melon Seeds,2983,22
Melon Seeds,2984,16
Melon Seeds,2985,34
Melon Seeds,2986,14
Melon Seeds,2987,19
Melon Seeds,2988,20
Melon Seeds,2989,16
Melon Seeds,2990,10
Melon Seeds,2991,18
Melon Seeds,2992,15
Melon Seeds,2993,15
Melon Seeds,2994,24
Melon Seeds,2995,29
Melon Seeds,2996,30
Melon Seeds,2997,14
Melon Seeds,2998,14
Melon Seeds,2999,12
Oak Leaves,0,19
Oak Leaves,1,25
Oak Leaves,2,19
Oak Leaves,3,24
Oak Leaves,4,14
Oak Leaves,5,12
Oak Leaves,6,24
Oak Leaves,7,36
Oak Leaves,8,20
Oak Leaves,9,25
Oak Leaves,10,16
Oak Leaves,11,16
Oak Leaves,12,18
Oak Leaves,13,18
Oak Leaves,14,18
Oak Leaves,15,22
Oak Leaves,16,32
Oak Leaves,17,14
Oak Leaves,18,18
Oak Leaves,19,22
Oak Leaves,20,13
Oak Leaves,21,16
Oak Leaves,22,35
Oak Leaves,23,23
Oak Leaves,24,30
Oak Leaves,25,22
Oak Leaves,26,26
Oak Leaves,27,21
Oak Leaves,28,44
Oak Leaves,29,15
Oak Leaves,30,15
Oak Leaves,31,13
Oak Leaves,32,22
Oak Leaves,33,17
Oak Leaves,34,20
Oak Leaves,35,15
Oak Leaves,36,12
Oak Leaves,37,16
Oak Leaves,38,22
Oak Leaves,39,20
Oak Leaves,40,19
Oak Leaves,41,23
Oak Leaves,42,34
Oak Leaves,43,12
Oak Leaves,44,19
Oak Leaves,45,14
Oak Leaves,46,24
Oak Leaves,47,22
Oak Leaves,48,15
Oak Leaves,49,16
Oak Leaves,50,33
Oak Leaves,51,27
Oak Leaves,52,34
Oak Leaves,53,16
Oak Leaves,54,9
Oak Leaves,55,21
Oak Leaves,56,17
Oak Leaves,57,19
Oak Leaves,58,15
Oak Leaves,59,26
Oak Leaves,60,17
Oak Leaves,61,8
Oak Leaves,62,24
Oak Leaves,63,33
Oak Leaves,64,28
Oak Leaves,65,33
Oak Leaves,66,38
Oak Leaves,67,32
Oak Leaves,68,20
Oak Leaves,69,18
Oak Leaves,70,23
Oak Leaves,71,18
Oak Leaves,72,19
Oak Leaves,73,25
Oak Leaves,74,21
Oak Leaves,75,19
Oak Leaves,76,25
Oak Leaves,77,21
Oak Leaves,78,15
Oak Leaves,79,22
Oak Leaves,80,27
Oak Leaves,81,21
Oak Leaves,82,28
Oak Leaves,83,15
Oak Leaves,84,21
Oak Leaves,85,18
Oak Leaves,86,21
Oak Leaves,87,16
Oak Leaves,88,14
Oak Leaves,89,29
Oak Leaves,90,17
Oak Leaves,91,18
Oak Leaves,92,15
Oak Leaves,93,27
Oak Leaves,94,33
Oak Leaves,95,12
Oak Leaves,96,18
Oak Leaves,97,15
Oak Leaves,98,21
Oak Leaves,99,13
Oak Leaves,100,25
Oak Leaves,101,21
Oak Leaves,102,24
Oak Leaves,103,19
Oak Leaves,104,18
Oak Leaves,105,18
Oak Leaves,106,26
Oak Leaves,107,10
Oak Leaves,108,13
Oak Leaves,109,15
Oak Leaves,110,32
Oak Leaves,111,18
Oak Leaves,112,17
Oak Leaves,113,10
Oak Leaves,114,19
Oak Leaves,115,22
Oak Leaves,116,23
Oak Leaves,117,21
Oak Leaves,118,15
Oak Leaves,119,21
Oak Leaves,120,33
Oak Leaves,121,27
Oak Leaves,122,24
Oak Leaves,123,28
Oak Leaves,124,19
Oak Leaves,125,23
Oak Leaves,126,15
Oak Leaves,127,22
Oak Leaves,128,28
Oak Leaves,129,18
Oak Leaves,130,13
Oak Leaves,131,35
Oak Leaves,132,22
Oak Leaves,133,13
Oak Leaves,134,29
Oak Leaves,135,10
Oak Leaves,136,20
Oak Leaves,137,18
Oak Leaves,138,16
Oak Leaves,139,29
Oak Leaves,140,17
Oak Leaves,141,33
Oak Leaves,142,11
Oak Leaves,143,17
Oak Leaves,144,19
Oak Leaves,145,18
Oak Leaves,146,11
Oak Leaves,147,13
Oak Leaves,148,20
Oak Leaves,149,22
Oak Leaves,150,26
Oak Leaves,151,25
Oak Leaves,152,17
Oak Leaves,153,21
Oak Leaves,154,22
Oak Leaves,155,25
Oak Leaves,156,28
Oak Leaves,157,28
Oak Leaves,158,22
Oak Leaves,159,13
Oak Leaves,160,25
Oak Leaves,161,23
Oak Leaves,162,12
Oak Leaves,163,16
Oak Leaves,164,28
Oak Leaves,165,28
Oak Leaves,166,28
Oak Leaves,167,29
Oak Leaves,168,14
Oak Leaves,169,17
Oak Leaves,170,20
Oak Leaves,171,20
Oak Leaves,172,23
Oak Leaves,173,12
Oak Leaves,174,24
Oak Leaves,175,17
Oak Leaves,176,23
Oak Leaves,177,20
Oak Leaves,178,22
Oak Leaves,179,16
Oak Leaves,180,38
Oak Leaves,181,12
Oak Leaves,182,9
Oak Leaves,183,15
Oak Leaves,184,18
Oak Leaves,185,19
Oak Leaves,186,13
Oak Leaves,187,17
Oak Leaves,188,27
Oak Leaves,189,22
Oak Leaves,190,19
Oak Leaves,191,13
Oak Leaves,192,26
Oak Leaves,193,20
Oak Leaves,194,7
Oak Leaves,195,22
Oak Leaves,196,19
Oak Leaves,197,17
Oak Leaves,198,32
Oak Leaves,199,30
Oak Leaves,200,21
Oak Leaves,201,19
Oak Leaves,202,21
Oak Leaves,203,38
Oak Leaves,204,23
Oak Leaves,205,25
Oak Leaves,206,23
Oak Leaves,207,20
Oak Leaves,208,22
Oak Leaves,209,18
Oak Leaves,210,16
Oak Leaves,211,25
Oak Leaves,212,22
Oak Leaves,213,19
Oak Leaves,214,13
Oak Leaves,215,38
Oak Leaves,216,23
Oak Leaves,217,22
Oak Leaves,218,11
Oak Leaves,219,30
Oak Leaves,220,32
Oak Leaves,221,29
Oak Leaves,222,25
Oak Leaves,223,31
Oak Leaves,224,14
Oak Leaves,225,25
Oak Leaves,226,15
Oak Leaves,227,18
Oak Leaves,228,21
Oak Leaves,229,32
Oak Leaves,230,33
Oak Leaves,231,14
Oak Leaves,232,16
Oak Leaves,233,14
Oak Leaves,234,12
Oak Leaves,235,21
Oak Leaves,236,12
Oak Leaves,237,23
Oak Leaves,238,21
Oak Leaves,239,12
Oak Leaves,240,14
Oak Leaves,241,50
Oak Leaves,242,23
Oak Leaves,243,20
Oak Leaves,244,31
Oak Leaves,245,36
Oak Leaves,246,13
Oak Leaves,247,29
Oak Leaves,248,8
Oak Leaves,249,18
Oak Leaves,250,34
Oak Leaves,251,20
Oak Leaves,252,15
Oak Leaves,253,19
Oak Leaves,254,14
Oak Leaves,255,20
Oak Leaves,256,13
Oak Leaves,257,42
Oak Leaves,258,20
Oak Leaves,259,32
Oak Leaves,260,23
Oak Leaves,261,28
Oak Leaves,262,13
Oak Leaves,263,27
Oak Leaves,264,27
Oak Leaves,265,18
Oak Leaves,266,29
Oak Leaves,267,26
Oak Leaves,268,17
Oak Leaves,269,25
Oak Leaves,270,30
Oak Leaves,271,19
Oak Leaves,272,17
Oak Leaves,273,33
Oak Leaves,274,22
Oak Leaves,275,21
Oak Leaves,276,17
Oak Leaves,277,18
Oak Leaves,278,11
Oak Leaves,279,22
Oak Leaves,280,14
Oak Leaves,281,11
Oak Leaves,282,34
Oak Leaves,283,23
Oak Leaves,284,24
Oak Leaves,285,13
Oak Leaves,286,16
Oak Leaves,287,22
Oak Leaves,288,14
Oak Leaves,289,22
Oak Leaves,290,25
Oak Leaves,291,17
Oak Leaves,292,20
Oak Leaves,293,26
Oak Leaves,294,27
Oak Leaves,295,17
Oak Leaves,296,24
Oak Leaves,297,19
Oak Leaves,298,29
Oak Leaves,299,28
Oak Leaves,300,21
Oak Leaves,301,18
Oak Leaves,302,24
Oak Leaves,303,19
Oak Leaves,304,20
Oak Leaves,305,21
Oak Leaves,306,28
Oak Leaves,307,18
Oak Leaves,308,16
Oak Leaves,309,19
Oak Leaves,310,23
Oak Leaves,311,18
Oak Leaves,312,41
Oak Leaves,313,22
Oak Leaves,314,43
Oak Leaves,315,18
Oak Leaves,316,15
Oak Leaves,317,34
Oak Leaves,318,21
Oak Leaves,319,20
Oak Leaves,320,15
Oak Leaves,321,21
Oak Leaves,322,25
Oak Leaves,323,18
Oak Leaves,324,32
Oak Leaves,325,25
Oak Leaves,326,20
Oak Leaves,327,25
Oak Leaves,328,28
Oak Leaves,329,21
Oak Leaves,330,16
Oak Leaves,331,26
Oak Leaves,332,22
Oak Leaves,333,10
Oak Leaves,334,20
Oak Leaves,335,25
Oak Leaves,336,14
Oak Leaves,337,14
Oak Leaves,338,30
Oak Leaves,339,18
Oak Leaves,340,21
Oak Leaves,341,11
Oak Leaves,342,16
Oak Leaves,343,28
Oak Leaves,344,20
Oak Leaves,345,24
Oak Leaves,346,35
Oak Leaves,347,24
Oak Leaves,348,24
Oak Leaves,349,35
Oak Leaves,350,20
Oak Leaves,351,29
Oak Leaves,352,20
Oak Leaves,353,23
Oak Leaves,354,20
Oak Leaves,355,29
Oak Leaves,356,19
Oak Leaves,357,23
Oak Leaves,358,36
Oak Leaves,359,20
Oak Leaves,360,29
Oak Leaves,361,15
Oak Leaves,362,11
Oak Leaves,363,21
Oak Leaves,364,31
Oak Leaves,365,26
Oak Leaves,366,25
Oak Leaves,367,15
Oak Leaves,368,23
Oak Leaves,369,22
Oak Leaves,370,15
Oak Leaves,371,12
Oak Leaves,372,11
Oak Leaves,373,21
Oak Leaves,374,24
Oak Leaves,375,22
Oak Leaves,376,31
Oak Leaves,377,18
Oak Leaves,378,21
Oak Leaves,379,14
Oak Leaves,380,12
Oak Leaves,381,19
Oak Leaves,382,17
Oak Leaves,383,26
Oak Leaves,384,24
Oak Leaves,385,22
Oak Leaves,386,18
Oak Leaves,387,21
Oak Leaves,388,10
Oak Leaves,389,25
Oak Leaves,390,27
Oak Leaves,391,14
Oak Leaves,392,13
Oak Leaves,393,16
Oak Leaves,394,23
Oak Leaves,395,11
Oak Leaves,396,20
Oak Leaves,397,18
Oak Leaves,398,36
Oak Leaves,399,25
Oak Leaves,400,19
Oak Leaves,401,14
Oak Leaves,402,18
Oak Leaves,403,24
Oak Leaves,404,21
Oak Leaves,405,20
Oak Leaves,406,14
Oak Leaves,407,18
Oak Leaves,408,17
Oak Leaves,409,17
Oak Leaves,410,17
Oak Leaves,411,16
Oak Leaves,412,16
Oak Leaves,413,16
Oak Leaves,414,15
Oak Leaves,415,28
Oak Leaves,416,34
Oak Leaves,417,24
Oak Leaves,418,30
Oak Leaves,419,28
Oak Leaves,420,20
Oak Leaves,421,22
Oak Leaves,422,22
Oak Leaves,423,28
Oak Leaves,424,21
Oak Leaves,425,14
Oak Leaves,426,18
Oak Leaves,427,25
Oak Leaves,428,25
Oak Leaves,429,18
Oak Leaves,430,12
Oak Leaves,431,35
Oak Leaves,432,26
Oak Leaves,433,20
Oak Leaves,434,16
Oak Leaves,435,23
Oak Leaves,436,25
Oak Leaves,437,18
Oak Leaves,438,30
Oak Leaves,439,19
Oak Leaves,440,23
Oak Leaves,441,20
Oak Leaves,442,25
Oak Leaves,443,15
Oak Leaves,444,24
Oak Leaves,445,15
Oak Leaves,446,30
Oak Leaves,447,31
Oak Leaves,448,18
Oak Leaves,449,23
Oak Leaves,450,29
Oak Leaves,451,16
Oak Leaves,452,13
Oak Leaves,453,12
Oak Leaves,454,17
Oak Leaves,455,17
Oak Leaves,456,17
Oak Leaves,457,25
Oak Leaves,458,16
Oak Leaves,459,30
Oak Leaves,460,13
Oak Leaves,461,40
Oak Leaves,462,21
Oak Leaves,463,15
Oak Leaves,464,14
Oak Leaves,465,12
Oak Leaves,466,15
Oak Leaves,467,19
Oak Leaves,468,12
Oak Leaves,469,28
Oak Leaves,470,24
Oak Leaves,471,18
Oak Leaves,472,19
Oak Leaves,473,22
Oak Leaves,474,24
Oak Leaves,475,18
Oak Leaves,476,18
Oak Leaves,477,19
Oak Leaves,478,38
Oak Leaves,479,26
Oak Leaves,480,28
Oak Leaves,481,24
Oak Leaves,482,13
Oak Leaves,483,21
Oak Leaves,484,36
Oak Leaves,485,16
Oak Leaves,486,20
Oak Leaves,487,23
Oak Leaves,488,22
Oak Leaves,489,27
Oak Leaves,490,13
Oak Leaves,491,32
Oak Leaves,492,21
Oak Leaves,493,15
Oak Leaves,494,18
Oak Leaves,495,22
Oak Leaves,496,19
Oak Leaves,497,22
Oak Leaves,498,24
Oak Leaves,499,13
Oak Leaves,500,11
Oak Leaves,501,14
Oak Leaves,502,13
Oak Leaves,503,16
Oak Leaves,504,19
Oak Leaves,505,16
Oak Leaves,506,28
Oak Leaves,507,21
Oak Leaves,508,14
Oak Leaves,509,20
Oak Leaves,510,24
Oak Leaves,511,28
Oak Leaves,512,15
Oak Leaves,513,19
Oak Leaves,514,19
Oak Leaves,515,21
Oak Leaves,516,18
Oak Leaves,517,18
Oak Leaves,518,28
Oak Leaves,519,12
Oak Leaves,520,17
Oak Leaves,521,14
Oak Leaves,522,33
Oak Leaves,523,33
Oak Leaves,524,20
Oak Leaves,525,13
Oak Leaves,526,16
Oak Leaves,527,21
Oak Leaves,528,9
Oak Leaves,529,26
Oak Leaves,530,14
Oak Leaves,531,15
Oak Leaves,532,18
Oak Leaves,533,18
Oak Leaves,534,22
Oak Leaves,535,19
Oak Leaves,536,19
Oak Leaves,537,14
Oak Leaves,538,22
Oak Leaves,539,22
Oak Leaves,540,10
Oak Leaves,541,20
Oak Leaves,542,14
Oak Leaves,543,10
Oak Leaves,544,25
Oak Leaves,545,21
Oak Leaves,546,31
Oak Leaves,547,34
Oak Leaves,548,22
Oak Leaves,549,25
Oak Leaves,550,24
Oak Leaves,551,17
Oak Leaves,552,26
Oak Leaves,553,18
Oak Leaves,554,48
Oak Leaves,555,27
Oak Leaves,556,21
Oak Leaves,557,22
Oak Leaves,558,37
Oak Leaves,559,24
Oak Leaves,560,17
Oak Leaves,561,14
Oak Leaves,562,12
Oak Leaves,563,16
Oak Leaves,564,14
Oak Leaves,565,18
Oak Leaves,566,21
Oak Leaves,567,17
Oak Leaves,568,26
Oak Leaves,569,18
Oak Leaves,570,12
Oak Leaves,571,22
Oak Leaves,572,28
Oak Leaves,573,21
Oak Leaves,574,26
Oak Leaves,575,20
Oak Leaves,576,22
Oak Leaves,577,18
Oak Leaves,578,28
Oak Leaves,579,20
Oak Leaves,580,23
Oak Leaves,581,9
Oak Leaves,582,21
Oak Leaves,583,16
Oak Leaves,584,14
Oak Leaves,585,22
Oak Leaves,586,20
Oak Leaves,587,16
Oak Leaves,588,11
Oak Leaves,589,19
Oak Leaves,590,12
Oak Leaves,591,26
Oak Leaves,592,17
Oak Leaves,593,16
Oak Leaves,594,22
Oak Leaves,595,28
Oak Leaves,596,28
Oak Leaves,597,24
Oak Leaves,598,25
Oak Leaves,599,26
Oak Leaves,600,12
Oak Leaves,601,10
Oak Leaves,602,27
Oak Leaves,603,9
Oak Leaves,604,17
Oak Leaves,605,24
Oak Leaves,606,14
Oak Leaves,607,22
Oak Leaves,608,15
Oak Leaves,609,12
Oak Leaves,610,13
Oak Leaves,611,16
Oak Leaves,612,22
Oak Leaves,613,30
Oak Leaves,614,26
Oak Leaves,615,18
Oak Leaves,616,18
Oak Leaves,617,17
Oak Leaves,618,34
Oak Leaves,619,13
Oak Leaves,620,20
Oak Leaves,621,18
Oak Leaves,622,27
Oak Leaves,623,15
Oak Leaves,624,27
Oak Leaves,625,29
Oak Leaves,626,30
Oak Leaves,627,20
Oak Leaves,628,14
Oak Leaves,629,20
Oak Leaves,630,20
Oak Leaves,631,18
Oak Leaves,632,16
Oak Leaves,633,21
Oak Leaves,634,24
Oak Leaves,635,17
Oak Leaves,636,27
Oak Leaves,637,18
Oak Leaves,638,20
Oak Leaves,639,25
Oak Leaves,640,15
Oak Leaves,641,22
Oak Leaves,642,18
Oak Leaves,643,23
Oak Leaves,644,13
Oak Leaves,645,20
Oak Leaves,646,21
Oak Leaves,647,16
Oak Leaves,648,17
Oak Leaves,649,20
Oak Leaves,650,38
Oak Leaves,651,16
Oak Leaves,652,22
Oak Leaves,653,24
Oak Leaves,654,23
Oak Leaves,655,10
Oak Leaves,656,30
Oak Leaves,657,13
Oak Leaves,658,26
Oak Leaves,659,24
Oak Leaves,660,11
Oak Leaves,661,20
Oak Leaves,662,16
Oak Leaves,663,20
Oak Leaves,664,36
Oak Leaves,665,22
Oak Leaves,666,13
Oak Leaves,667,21
Oak Leaves,668,15
Oak Leaves,669,15
Oak Leaves,670,24
Oak Leaves,671,12
Oak Leaves,672,17
Oak Leaves,673,18
Oak Leaves,674,34
Oak Leaves,675,12
Oak Leaves,676,17
Oak Leaves,677,19
Oak Leaves,678,13
Oak Leaves,679,16
Oak Leaves,680,15
Oak Leaves,681,15
Oak Leaves,682,14
Oak Leaves,683,22
Oak Leaves,684,19
Oak Leaves,685,17
Oak Leaves,686,19
Oak Leaves,687,23
Oak Leaves,688,20
Oak Leaves,689,24
Oak Leaves,690,19
Oak Leaves,691,15
Oak Leaves,692,18
Oak Leaves,693,21
Oak Leaves,694,42
Oak Leaves,695,18
Oak Leaves,696,29
Oak Leaves,697,36
Oak Leaves,698,22
Oak Leaves,699,32
Oak Leaves,700,9
Oak Leaves,701,30
Oak Leaves,702,22
Oak Leaves,703,16
Oak Leaves,704,22
Oak Leaves,705,15
Oak Leaves,706,25
Oak Leaves,707,17
Oak Leaves,708,20
Oak Leaves,709,44
Oak Leaves,710,11
Oak Leaves,711,19
Oak Leaves,712,15
Oak Leaves,713,19
Oak Leaves,714,21
Oak Leaves,715,31
Oak Leaves,716,18
Oak Leaves,717,23
Oak Leaves,718,18
Oak Leaves,719,21
Oak Leaves,720,19
Oak Leaves,721,26
Oak Leaves,722,18
Oak Leaves,723,25
Oak Leaves,724,14
Oak Leaves,725,12
Oak Leaves,726,22
Oak Leaves,727,24
Oak Leaves,728,20
Oak Leaves,729,20
Oak Leaves,730,25
Oak Leaves,731,18
Oak Leaves,732,15
Oak Leaves,733,12
Oak Leaves,734,18
Oak Leaves,735,16
Oak Leaves,736,16
Oak Leaves,737,9
Oak Leaves,738,11
Oak Leaves,739,27
Oak Leaves,740,17
Oak Leaves,741,16
Oak Leaves,742,16
Oak Leaves,743,18
Oak Leaves,744,19
Oak Leaves,745,13
Oak Leaves,746,20
Oak Leaves,747,19
Oak Leaves,748,27
Oak Leaves,749,33
Oak Leaves,750,14
Oak Leaves,751,22
Oak Leaves,752,19
Oak Leaves,753,24
Oak Leaves,754,13
Oak Leaves,755,25
Oak Leaves,756,19
Oak Leaves,757,20
Oak Leaves,758,22
Oak Leaves,759,19
Oak Leaves,760,23
Oak Leaves,761,25
Oak Leaves,762,30
Oak Leaves,763,18
Oak Leaves,764,33
Oak Leaves,765,24
Oak Leaves,766,11
Oak Leaves,767,20
Oak Leaves,768,24
Oak Leaves,769,25
Oak Leaves,770,9
Oak Leaves,771,12
Oak Leaves,772,28
Oak Leaves,773,21
Oak Leaves,774,22
Oak Leaves,775,18
Oak Leaves,776,19
Oak Leaves,777,23
Oak Leaves,778,20
Oak Leaves,779,20
Oak Leaves,780,13
Oak Leaves,781,33
Oak Leaves,782,16
Oak Leaves,783,35
Oak Leaves,784,24
Oak Leaves,785,34
Oak Leaves,786,21
Oak Leaves,787,22
Oak Leaves,788,14
Oak Leaves,789,21
Oak Leaves,790,24
Oak Leaves,791,16
Oak Leaves,792,13
Oak Leaves,793,31
Oak Leaves,794,20
Oak Leaves,795,31
Oak Leaves,796,27
Oak Leaves,797,11
Oak Leaves,798,20
Oak Leaves,799,15
Oak Leaves,800,16
Oak Leaves,801,24
Oak Leaves,802,18
Oak Leaves,803,21
Oak Leaves,804,18
Oak Leaves,805,20
Oak Leaves,806,13
Oak Leaves,807,19
Oak Leaves,808,19
Oak Leaves,809,20
Oak Leaves,810,15
Oak Leaves,811,28
Oak Leaves,812,34
Oak Leaves,813,19
Oak Leaves,814,24
Oak Leaves,815,14
Oak Leaves,816,9
Oak Leaves,817,18
Oak Leaves,818,11
Oak Leaves,819,17
Oak Leaves,820,16
Oak Leaves,821,30
Oak Leaves,822,28
Oak Leaves,823,15
Oak Leaves,824,23
Oak Leaves,825,14
Oak Leaves,826,31
Oak Leaves,827,14
Oak Leaves,828,23
Oak Leaves,829,28
Oak Leaves,830,23
Oak Leaves,831,22
Oak Leaves,832,24
Oak Leaves,833,15
Oak Leaves,834,13
Oak Leaves,835,15
Oak Leaves,836,21
Oak Leaves,837,19
Oak Leaves,838,22
Oak Leaves,839,23
Oak Leaves,840,20
Oak Leaves,841,28
Oak Leaves,842,22
Oak Leaves,843,14
Oak Leaves,844,18
Oak Leaves,845,17
Oak Leaves,846,24
Oak Leaves,847,28
Oak Leaves,848,21
Oak Leaves,849,20
Oak Leaves,850,21
Oak Leaves,851,19
Oak Leaves,852,38
Oak Leaves,853,27
Oak Leaves,854,14
Oak Leaves,855,19
Oak Leaves,856,26
Oak Leaves,857,24
Oak Leaves,858,33
Oak Leaves,859,33
Oak Leaves,860,9
Oak Leaves,861,21
Oak Leaves,862,19
Oak Leaves,863,29
Oak Leaves,864,22
Oak Leaves,865,18
Oak Leaves,866,30
Oak Leaves,867,24
Oak Leaves,868,17
Oak Leaves,869,12
Oak Leaves,870,18
Oak Leaves,871,15
Oak Leaves,872,19
Oak Leaves,873,21
Oak Leaves,874,17
Oak Leaves,875,17
Oak Leaves,876,12
Oak Leaves,877,19
Oak Leaves,878,26
Oak Leaves,879,27
Oak Leaves,880,18
Oak Leaves,881,15
Oak Leaves,882,27
Oak Leaves,883,42
Oak Leaves,884,23
Oak Leaves,885,27
Oak Leaves,886,33
Oak Leaves,887,28
Oak Leaves,888,16
Oak Leaves,889,18
Oak Leaves,890,21
Oak Leaves,891,18
Oak Leaves,892,35
Oak Leaves,893,23
Oak Leaves,894,24
Oak Leaves,895,25
Oak Leaves,896,24
Oak Leaves,897,13
Oak Leaves,898,14
Oak Leaves,899,21
Oak Leaves,900,21
Oak Leaves,901,18
Oak Leaves,902,16
Oak Leaves,903,18
Oak Leaves,904,17
Oak Leaves,905,19
Oak Leaves,906,18
Oak Leaves,907,17
Oak Leaves,908,23
Oak Leaves,909,26
Oak Leaves,910,10
Oak Leaves,911,16
Oak Leaves,912,17
Oak Leaves,913,32
Oak Leaves,914,21
Oak Leaves,915,23
Oak Leaves,916,16
Oak Leaves,917,15
Oak Leaves,918,23
Oak Leaves,919,19
Oak Leaves,920,24
Oak Leaves,921,28
Oak Leaves,922,24
Oak Leaves,923,15
Oak Leaves,924,25
Oak Leaves,925,20
Oak Leaves,926,29
Oak Leaves,927,22
Oak Leaves,928,18
Oak Leaves,929,31
Oak Leaves,930,14
Oak Leaves,931,18
Oak Leaves,932,9
Oak Leaves,933,26
Oak Leaves,934,25
Oak Leaves,935,25
Oak Leaves,936,29
Oak Leaves,937,30
Oak Leaves,938,25
Oak Leaves,939,20
Oak Leaves,940,13
Oak Leaves,941,14
Oak Leaves,942,15
Oak Leaves,943,16
Oak Leaves,944,26
Oak Leaves,945,16
Oak Leaves,946,17
Oak Leaves,947,28
Oak Leaves,948,25
Oak Leaves,949,23
Oak Leaves,950,14
Oak Leaves,951,10
Oak Leaves,952,22
Oak Leaves,953,21
Oak Leaves,954,27
Oak Leaves,955,13
Oak Leaves,956,25
Oak Leaves,957,16
Oak Leaves,958,20
Oak Leaves,959,25
Oak Leaves,960,20
Oak Leaves,961,18
Oak Leaves,962,14
Oak Leaves,963,31
Oak Leaves,964,21
Oak Leaves,965,33
Oak Leaves,966,17
Oak Leaves,967,31
Oak Leaves,968,25
Oak Leaves,969,18
Oak Leaves,970,17
Oak Leaves,971,24
Oak Leaves,972,15
Oak Leaves,973,43
Oak Leaves,974,18
Oak Leaves,975,19
Oak Leaves,976,36
Oak Leaves,977,20
Oak Leaves,978,22
Oak Leaves,979,26
Oak Leaves,980,21
Oak Leaves,981,21
Oak Leaves,982,29
Oak Leaves,983,36
Oak Leaves,984,31
Oak Leaves,985,20
Oak Leaves,986,21
Oak Leaves,987,25
Oak Leaves,988,34
Oak Leaves,989,21
Oak Leaves,990,16
Oak Leaves,991,31
Oak Leaves,992,25
Oak Leaves,993,23
Oak Leaves,994,19
Oak Leaves,995,13
Oak Leaves,996,17
Oak Leaves,997,8
Oak Leaves,998,22
Oak Leaves,999,24
Oak Leaves,1000,14
Oak Leaves,1001,25
Oak Leaves,1002,28
Oak Leaves,1003,26
Oak Leaves,1004,14
Oak Leaves,1005,20
Oak Leaves,1006,16
Oak Leaves,1007,28
Oak Leaves,1008,21
Oak Leaves,1009,17
Oak Leaves,1010,18
Oak Leaves,1011,11
Oak Leaves,1012,23
Oak Leaves,1013,11
Oak Leaves,1014,22
Oak Leaves,1015,30
Oak Leaves,1016,19
Oak Leaves,1017,29
Oak Leaves,1018,18
Oak Leaves,1019,28
Oak Leaves,1020,11
Oak Leaves,1021,24
Oak Leaves,1022,21
Oak Leaves,1023,17
Oak Leaves,1024,19
Oak Leaves,1025,12
Oak Leaves,1026,12
Oak Leaves,1027,13
Oak Leaves,1028,31
Oak Leaves,1029,14
Oak Leaves,1030,45
Oak Leaves,1031,10
Oak Leaves,1032,15
Oak Leaves,1033,10
Oak Leaves,1034,16
Oak Leaves,1035,19
Oak Leaves,1036,18
Oak Leaves,1037,15
Oak Leaves,1038,32
Oak Leaves,1039,30
Oak Leaves,1040,24
Oak Leaves,1041,19
Oak Leaves,1042,11
Oak Leaves,1043,15
Oak Leaves,1044,11
Oak Leaves,1045,16
Oak Leaves,1046,24
Oak Leaves,1047,22
Oak Leaves,1048,26
Oak Leaves,1049,21
Oak Leaves,1050,14
Oak Leaves,1051,16
Oak Leaves,1052,19
Oak Leaves,1053,21
Oak Leaves,1054,25
Oak Leaves,1055,29
Oak Leaves,1056,18
Oak Leaves,1057,19
Oak Leaves,1058,29
Oak Leaves,1059,20
Oak Leaves,1060,22
Oak Leaves,1061,14
Oak Leaves,1062,11
Oak Leaves,1063,9
Oak Leaves,1064,21
Oak Leaves,1065,22
Oak Leaves,1066,15
Oak Leaves,1067,17
Oak Leaves,1068,18
Oak Leaves,1069,22
Oak Leaves,1070,8
Oak Leaves,1071,14
Oak Leaves,1072,17
Oak Leaves,1073,14
Oak Leaves,1074,22
Oak Leaves,1075,26
Oak Leaves,1076,12
Oak Leaves,1077,37
Oak Leaves,1078,25
Oak Leaves,1079,23
Oak Leaves,1080,14
Oak Leaves,1081,34
Oak Leaves,1082,18
Oak Leaves,1083,14
Oak Leaves,1084,18
Oak Leaves,1085,37
Oak Leaves,1086,14
Oak Leaves,1087,22
Oak Leaves,1088,29
Oak Leaves,1089,27
Oak Leaves,1090,25
Oak Leaves,1091,18
Oak Leaves,1092,23
Oak Leaves,1093,19
Oak Leaves,1094,19
Oak Leaves,1095,15
Oak Leaves,1096,13
Oak Leaves,1097,34
Oak Leaves,1098,10
Oak Leaves,1099,14
Oak Leaves,1100,21
Oak Leaves,1101,10
Oak Leaves,1102,12
Oak Leaves,1103,20
Oak Leaves,1104,12
Oak Leaves,1105,10
Oak Leaves,1106,34
Oak Leaves,1107,11
Oak Leaves,1108,17
Oak Leaves,1109,19
Oak Leaves,1110,22
Oak Leaves,1111,16
Oak Leaves,1112,26
Oak Leaves,1113,18
Oak Leaves,1114,10
Oak Leaves,1115,21
Oak Leaves,1116,7
Oak Leaves,1117,19
Oak Leaves,1118,19
Oak Leaves,1119,14
Oak Leaves,1120,22
Oak Leaves,1121,16
Oak Leaves,1122,17
Oak Leaves,1123,15
Oak Leaves,1124,31
Oak Leaves,1125,31
Oak Leaves,1126,20
Oak Leaves,1127,19
Oak Leaves,1128,17
Oak Leaves,1129,17
Oak Leaves,1130,23
Oak Leaves,1131,18
Oak Leaves,1132,39
Oak Leaves,1133,31
Oak Leaves,1134,25
Oak Leaves,1135,11
Oak Leaves,1136,32
Oak Leaves,1137,22
Oak Leaves,1138,18
Oak Leaves,1139,21
Oak Leaves,1140,20
Oak Leaves,1141,17
Oak Leaves,1142,29
Oak Leaves,1143,14
Oak Leaves,1144,23
Oak Leaves,1145,21
Oak Leaves,1146,14
Oak Leaves,1147,20
Oak Leaves,1148,17
Oak Leaves,1149,22
Oak Leaves,1150,21
Oak Leaves,1151,19
Oak Leaves,1152,15
Oak Leaves,1153,15
Oak Leaves,1154,24
Oak Leaves,1155,22
Oak Leaves,1156,21
Oak Leaves,1157,29
Oak Leaves,1158,17
Oak Leaves,1159,35
Oak Leaves,1160,24
Oak Leaves,1161,13
Oak Leaves,1162,13
Oak Leaves,1163,11
Oak Leaves,1164,32
Oak Leaves,1165,12
Oak Leaves,1166,22
Oak Leaves,1167,23
Oak Leaves,1168,8
Oak Leaves,1169,23
Oak Leaves,1170,20
Oak Leaves,1171,21
Oak Leaves,1172,10
Oak Leaves,1173,16
Oak Leaves,1174,24
Oak Leaves,1175,38
Oak Leaves,1176,26
Oak Leaves,1177,14
Oak Leaves,1178,25
Oak Leaves,1179,16
Oak Leaves,1180,11
Oak Leaves,1181,24
Oak Leaves,1182,23
Oak Leaves,1183,11
Oak Leaves,1184,26
Oak Leaves,1185,13
Oak Leaves,1186,30
Oak Leaves,1187,30
Oak Leaves,1188,13
Oak Leaves,1189,23
Oak Leaves,1190,19
Oak Leaves,1191,17
Oak Leaves,1192,12
Oak Leaves,1193,27
Oak Leaves,1194,20
Oak Leaves,1195,18
Oak Leaves,1196,33
Oak Leaves,1197,11
Oak Leaves,1198,11
Oak Leaves,1199,29
Oak Leaves,1200,12
Oak Leaves,1201,21
Oak Leaves,1202,30
Oak Leaves,1203,24
Oak Leaves,1204,23
Oak Leaves,1205,18
Oak Leaves,1206,35
Oak Leaves,1207,15
Oak Leaves,1208,34
Oak Leaves,1209,18
Oak Leaves,1210,24
Oak Leaves,1211,25
Oak Leaves,1212,28
Oak Leaves,1213,18
Oak Leaves,1214,29
Oak Leaves,1215,19
Oak Leaves,1216,23
Oak Leaves,1217,19
Oak Leaves,1218,18
Oak Leaves,1219,23
Oak Leaves,1220,40
Oak Leaves,1221,20
Oak Leaves,1222,25
Oak Leaves,1223,24
Oak Leaves,1224,17
Oak Leaves,1225,25
Oak Leaves,1226,50
Oak Leaves,1227,16
Oak Leaves,1228,9
Oak Leaves,1229,25
Oak Leaves,1230,12
Oak Leaves,1231,28
Oak Leaves,1232,26
Oak Leaves,1233,17
Oak Leaves,1234,16
Oak Leaves,1235,19
Oak Leaves,1236,25
Oak Leaves,1237,11
Oak Leaves,1238,22
Oak Leaves,1239,32
Oak Leaves,1240,22
Oak Leaves,1241,16
Oak Leaves,1242,15
Oak Leaves,1243,22
Oak Leaves,1244,20
Oak Leaves,1245,9
Oak Leaves,1246,19
Oak Leaves,1247,21
Oak Leaves,1248,19
Oak Leaves,1249,19
Oak Leaves,1250,18
Oak Leaves,1251,21
Oak Leaves,1252,26
Oak Leaves,1253,31
Oak Leaves,1254,22
Oak Leaves,1255,27
Oak Leaves,1256,17
Oak Leaves,1257,11
Oak Leaves,1258,23
Oak Leaves,1259,12
Oak Leaves,1260,23
Oak Leaves,1261,17
Oak Leaves,1262,17
Oak Leaves,1263,20
Oak Leaves,1264,17
Oak Leaves,1265,17
Oak Leaves,1266,15
Oak Leaves,1267,29
Oak Leaves,1268,28
Oak Leaves,1269,38
Oak Leaves,1270,25
Oak Leaves,1271,28
Oak Leaves,1272,25
Oak Leaves,1273,18
Oak Leaves,1274,17
Oak Leaves,1275,12
Oak Leaves,1276,15
Oak Leaves,1277,14
Oak Leaves,1278,14
Oak Leaves,1279,30
Oak Leaves,1280,15
Oak Leaves,1281,16
Oak Leaves,1282,11
Oak Leaves,1283,22
Oak Leaves,1284,26
Oak Leaves,1285,18
Oak Leaves,1286,19
Oak Leaves,1287,16
Oak Leaves,1288,19
Oak Leaves,1289,24
Oak Leaves,1290,25
Oak Leaves,1291,32
Oak Leaves,1292,18
Oak Leaves,1293,30
Oak Leaves,1294,16
Oak Leaves,1295,22
Oak Leaves,1296,12
Oak Leaves,1297,24
Oak Leaves,1298,33
Oak Leaves,1299,40
Oak Leaves,1300,16
Oak Leaves,1301,35
Oak Leaves,1302,16
Oak Leaves,1303,15
Oak Leaves,1304,24
Oak Leaves,1305,25
Oak Leaves,1306,25
Oak Leaves,1307,27
Oak Leaves,1308,18
Oak Leaves,1309,20
Oak Leaves,1310,19
Oak Leaves,1311,20
Oak Leaves,1312,13
Oak Leaves,1313,31
Oak Leaves,1314,18
Oak Leaves,1315,21
Oak Leaves,1316,25
Oak Leaves,1317,13
Oak Leaves,1318,22
Oak Leaves,1319,18
Oak Leaves,1320,23
Oak Leaves,1321,30
Oak Leaves,1322,25
Oak Leaves,1323,28
Oak Leaves,1324,17
Oak Leaves,1325,20
Oak Leaves,1326,20
Oak Leaves,1327,31
Oak Leaves,1328,15
Oak Leaves,1329,32
Oak Leaves,1330,26
Oak Leaves,1331,17
Oak Leaves,1332,22
Oak Leaves,1333,19
Oak Leaves,1334,16
Oak Leaves,1335,14
Oak Leaves,1336,29
Oak Leaves,1337,11
Oak Leaves,1338,16
Oak Leaves,1339,17
Oak Leaves,1340,31
Oak Leaves,1341,20
Oak Leaves,1342,27
Oak Leaves,1343,26
Oak Leaves,1344,15
Oak Leaves,1345,19
Oak Leaves,1346,14
Oak Leaves,1347,19
Oak Leaves,1348,11
Oak Leaves,1349,23
Oak Leaves,1350,18
Oak Leaves,1351,23
Oak Leaves,1352,18
Oak Leaves,1353,19
Oak Leaves,1354,26
Oak Leaves,1355,17
Oak Leaves,1356,32
Oak Leaves,1357,12
Oak Leaves,1358,31
Oak Leaves,1359,17
Oak Leaves,1360,22
Oak Leaves,1361,18
Oak Leaves,1362,22
Oak Leaves,1363,19
Oak Leaves,1364,20
Oak Leaves,1365,22
Oak Leaves,1366,20
Oak Leaves,1367,19
Oak Leaves,1368,15
Oak Leaves,1369,29
Oak Leaves,1370,29
Oak Leaves,1371,33
Oak Leaves,1372,22
Oak Leaves,1373,38
Oak Leaves,1374,15
Oak Leaves,1375,25
Oak Leaves,1376,37
Oak Leaves,1377,33
Oak Leaves,1378,19
Oak Leaves,1379,20
Oak Leaves,1380,26
Oak Leaves,1381,24
Oak Leaves,1382,23
Oak Leaves,1383,20
Oak Leaves,1384,29
Oak Leaves,1385,30
Oak Leaves,1386,14
Oak Leaves,1387,26
Oak Leaves,1388,9
Oak Leaves,1389,25
Oak Leaves,1390,15
Oak Leaves,1391,25
Oak Leaves,1392,18
Oak Leaves,1393,23
Oak Leaves,1394,15
Oak Leaves,1395,26
Oak Leaves,1396,26
Oak Leaves,1397,17
Oak Leaves,1398,10
Oak Leaves,1399,26
Oak Leaves,1400,11
Oak Leaves,1401,19
Oak Leaves,1402,19
Oak Leaves,1403,34
Oak Leaves,1404,18
Oak Leaves,1405,22
Oak Leaves,1406,19
Oak Leaves,1407,19
Oak Leaves,1408,38
Oak Leaves,1409,20
Oak Leaves,1410,25
Oak Leaves,1411,25
Oak Leaves,1412,13
Oak Leaves,1413,35
Oak Leaves,1414,14
Oak Leaves,1415,20
Oak Leaves,1416,18
Oak Leaves,1417,30
Oak Leaves,1418,20
Oak Leaves,1419,14
Oak Leaves,1420,24
Oak Leaves,1421,21
Oak Leaves,1422,14
Oak Leaves,1423,19
Oak Leaves,1424,12
Oak Leaves,1425,19
Oak Leaves,1426,21
Oak Leaves,1427,16
Oak Leaves,1428,22
Oak Leaves,1429,16
Oak Leaves,1430,17
Oak Leaves,1431,23
Oak Leaves,1432,23
Oak Leaves,1433,20
Oak Leaves,1434,20
Oak Leaves,1435,15
Oak Leaves,1436,19
Oak Leaves,1437,30
Oak Leaves,1438,35
Oak Leaves,1439,31
Oak Leaves,1440,24
Oak Leaves,1441,29
Oak Leaves,1442,23
Oak Leaves,1443,21
Oak Leaves,1444,21
Oak Leaves,1445,21
Oak Leaves,1446,25
Oak Leaves,1447,16
Oak Leaves,1448,23
Oak Leaves,1449,14
Oak Leaves,1450,13
Oak Leaves,1451,12
Oak Leaves,1452,18
Oak Leaves,1453,19
Oak Leaves,1454,34
Oak Leaves,1455,38
Oak Leaves,1456,16
Oak Leaves,1457,21
Oak Leaves,1458,30
Oak Leaves,1459,18
Oak Leaves,1460,19
Oak Leaves,1461,13
Oak Leaves,1462,32
Oak Leaves,1463,17
Oak Leaves,1464,24
Oak Leaves,1465,20
Oak Leaves,1466,23
Oak Leaves,1467,34
Oak Leaves,1468,19
Oak Leaves,1469,18
Oak Leaves,1470,14
Oak Leaves,1471,21
Oak Leaves,1472,21
Oak Leaves,1473,18
Oak Leaves,1474,30
Oak Leaves,1475,14
Oak Leaves,1476,12
Oak Leaves,1477,16
Oak Leaves,1478,18
Oak Leaves,1479,26
Oak Leaves,1480,21
Oak Leaves,1481,27
Oak Leaves,1482,26
Oak Leaves,1483,27
Oak Leaves,1484,12
Oak Leaves,1485,15
Oak Leaves,1486,25
Oak Leaves,1487,17
Oak Leaves,1488,13
Oak Leaves,1489,19
Oak Leaves,1490,19
Oak Leaves,1491,19
Oak Leaves,1492,26
Oak Leaves,1493,20
Oak Leaves,1494,24
Oak Leaves,1495,13
Oak Leaves,1496,24
Oak Leaves,1497,20
Oak Leaves,1498,22
Oak Leaves,1499,17
Oak Leaves,1500,23
Oak Leaves,1501,33
Oak Leaves,1502,27
Oak Leaves,1503,25
Oak Leaves,1504,24
Oak Leaves,1505,17
Oak Leaves,1506,12
Oak Leaves,1507,19
Oak Leaves,1508,16
Oak Leaves,1509,19
Oak Leaves,1510,13
Oak Leaves,1511,19
Oak Leaves,1512,35
Oak Leaves,1513,46
Oak Leaves,1514,24
Oak Leaves,1515,32
Oak Leaves,1516,39
Oak Leaves,1517,14
Oak Leaves,1518,17
Oak Leaves,1519,19
Oak Leaves,1520,15
Oak Leaves,1521,11
Oak Leaves,1522,15
Oak Leaves,1523,13
Oak Leaves,1524,25
Oak Leaves,1525,20
Oak Leaves,1526,43
Oak Leaves,1527,22
Oak Leaves,1528,11
Oak Leaves,1529,26
Oak Leaves,1530,23
Oak Leaves,1531,28
Oak Leaves,1532,23
Oak Leaves,1533,18
Oak Leaves,1534,19
Oak Leaves,1535,30
Oak Leaves,1536,22
Oak Leaves,1537,24
Oak Leaves,1538,24
Oak Leaves,1539,31
Oak Leaves,1540,11
Oak Leaves,1541,30
Oak Leaves,1542,25
Oak Leaves,1543,31
Oak Leaves,1544,23
Oak Leaves,1545,13
Oak Leaves,1546,20
Oak Leaves,1547,32
Oak Leaves,1548,22
Oak Leaves,1549,18
Oak Leaves,1550,18
Oak Leaves,1551,17
Oak Leaves,1552,28
Oak Leaves,1553,26
Oak Leaves,1554,18
Oak Leaves,1555,14
Oak Leaves,1556,17
Oak Leaves,1557,11
Oak Leaves,1558,47
Oak Leaves,1559,34
Oak Leaves,1560,35
Oak Leaves,1561,26
Oak Leaves,1562,17
Oak Leaves,1563,15
Oak Leaves,1564,24
Oak Leaves,1565,12
Oak Leaves,1566,57
Oak Leaves,1567,21
Oak Leaves,1568,11
Oak Leaves,1569,10
Oak Leaves,1570,32
Oak Leaves,1571,22
Oak Leaves,1572,20
Oak Leaves,1573,16
Oak Leaves,1574,20
Oak Leaves,1575,30
Oak Leaves,1576,8
Oak Leaves,1577,15
Oak Leaves,1578,28
Oak Leaves,1579,15
Oak Leaves,1580,27
Oak Leaves,1581,38
Oak Leaves,1582,20
Oak Leaves,1583,14
Oak Leaves,1584,12
Oak Leaves,1585,25
Oak Leaves,1586,22
Oak Leaves,1587,24
Oak Leaves,1588,21
Oak Leaves,1589,20
Oak Leaves,1590,36
Oak Leaves,1591,28
Oak Leaves,1592,18
Oak Leaves,1593,35
Oak Leaves,1594,18
Oak Leaves,1595,17
Oak Leaves,1596,24
Oak Leaves,1597,19
Oak Leaves,1598,26
Oak Leaves,1599,26
Oak Leaves,1600,17
Oak Leaves,1601,26
Oak Leaves,1602,25
Oak Leaves,1603,27
Oak Leaves,1604,20
Oak Leaves,1605,36
Oak Leaves,1606,17
Oak Leaves,1607,37
Oak Leaves,1608,22
Oak Leaves,1609,19
Oak Leaves,1610,21
Oak Leaves,1611,13
Oak Leaves,1612,24
Oak Leaves,1613,22
Oak Leaves,1614,12
Oak Leaves,1615,18
Oak Leaves,1616,18
Oak Leaves,1617,23
Oak Leaves,1618,31
Oak Leaves,1619,26
Oak Leaves,1620,12
Oak Leaves,1621,16
Oak Leaves,1622,29
Oak Leaves,1623,17
Oak Leaves,1624,22
Oak Leaves,1625,17
Oak Leaves,1626,13
Oak Leaves,1627,23
Oak Leaves,1628,20
Oak Leaves,1629,28
Oak Leaves,1630,30
Oak Leaves,1631,18
Oak Leaves,1632,19
Oak Leaves,1633,19
Oak Leaves,1634,26
Oak Leaves,1635,21
Oak Leaves,1636,14
Oak Leaves,1637,17
Oak Leaves,1638,20
Oak Leaves,1639,20
Oak Leaves,1640,21
Oak Leaves,1641,23
Oak Leaves,1642,11
Oak Leaves,1643,18
Oak Leaves,1644,29
Oak Leaves,1645,21
Oak Leaves,1646,13
Oak Leaves,1647,24
Oak Leaves,1648,12
Oak Leaves,1649,20
Oak Leaves,1650,28
Oak Leaves,1651,23
Oak Leaves,1652,22
Oak Leaves,1653,31
Oak Leaves,1654,18
Oak Leaves,1655,23
Oak Leaves,1656,12
Oak Leaves,1657,12
Oak Leaves,1658,30
Oak Leaves,1659,19
Oak Leaves,1660,24
Oak Leaves,1661,18
Oak Leaves,1662,15
Oak Leaves,1663,20
Oak Leaves,1664,20
Oak Leaves,1665,11
Oak Leaves,1666,19
Oak Leaves,1667,17
Oak Leaves,1668,11
Oak Leaves,1669,14
Oak Leaves,1670,15
Oak Leaves,1671,24
Oak Leaves,1672,20
Oak Leaves,1673,18
Oak Leaves,1674,13
Oak Leaves,1675,32
Oak Leaves,1676,10
Oak Leaves,1677,21
Oak Leaves,1678,10
Oak Leaves,1679,16
Oak Leaves,1680,15
Oak Leaves,1681,23
Oak Leaves,1682,24
Oak Leaves,1683,19
Oak Leaves,1684,21
Oak Leaves,1685,27
Oak Leaves,1686,24
Oak Leaves,1687,17
Oak Leaves,1688,16
Oak Leaves,1689,24
Oak Leaves,1690,28
Oak Leaves,1691,22
Oak Leaves,1692,38
Oak Leaves,1693,18
Oak Leaves,1694,21
Oak Leaves,1695,25
Oak Leaves,1696,29
Oak Leaves,1697,21
Oak Leaves,1698,25
Oak Leaves,1699,30
Oak Leaves,1700,22
Oak Leaves,1701,17
Oak Leaves,1702,16
Oak Leaves,1703,16
Oak Leaves,1704,13
Oak Leaves,1705,8
Oak Leaves,1706,23
Oak Leaves,1707,11
Oak Leaves,1708,23
Oak Leaves,1709,16
Oak Leaves,1710,31
Oak Leaves,1711,28
Oak Leaves,1712,17
Oak Leaves,1713,15
Oak Leaves,1714,42
Oak Leaves,1715,20
Oak Leaves,1716,46
Oak Leaves,1717,24
Oak Leaves,1718,19
Oak Leaves,1719,20
Oak Leaves,1720,12
Oak Leaves,1721,17
Oak Leaves,1722,18
Oak Leaves,1723,25
Oak Leaves,1724,25
Oak Leaves,1725,13
Oak Leaves,1726,13
Oak Leaves,1727,28
Oak Leaves,1728,25
Oak Leaves,1729,21
Oak Leaves,1730,18
Oak Leaves,1731,21
Oak Leaves,1732,10
Oak Leaves,1733,22
Oak Leaves,1734,18
Oak Leaves,1735,23
Oak Leaves,1736,21
Oak Leaves,1737,34
Oak Leaves,1738,27
Oak Leaves,1739,18
Oak Leaves,1740,17
Oak Leaves,1741,10
Oak Leaves,1742,27
Oak Leaves,1743,24
Oak Leaves,1744,20
Oak Leaves,1745,31
Oak Leaves,1746,19
Oak Leaves,1747,17
Oak Leaves,1748,15
Oak Leaves,1749,12
Oak Leaves,1750,12
Oak Leaves,1751,11
Oak Leaves,1752,18
Oak Leaves,1753,24
Oak Leaves,1754,16
Oak Leaves,1755,15
Oak Leaves,1756,22
Oak Leaves,1757,11
Oak Leaves,1758,35
Oak Leaves,1759,22
Oak Leaves,1760,25
Oak Leaves,1761,27
Oak Leaves,1762,9
Oak Leaves,1763,20
Oak Leaves,1764,14
Oak Leaves,1765,12
Oak Leaves,1766,21
Oak Leaves,1767,18
Oak Leaves,1768,23
Oak Leaves,1769,24
Oak Leaves,1770,10
Oak Leaves,1771,39
Oak Leaves,1772,17
Oak Leaves,1773,21
Oak Leaves,1774,17
Oak Leaves,1775,25
Oak Leaves,1776,20
Oak Leaves,1777,22
Oak Leaves,1778,28
Oak Leaves,1779,20
Oak Leaves,1780,15
Oak Leaves,1781,41
Oak Leaves,1782,18
Oak Leaves,1783,18
Oak Leaves,1784,20
Oak Leaves,1785,28
Oak Leaves,1786,20
Oak Leaves,1787,16
Oak Leaves,1788,18
Oak Leaves,1789,18
Oak Leaves,1790,16
Oak Leaves,1791,14
Oak Leaves,1792,20
Oak Leaves,1793,23
Oak Leaves,1794,16
Oak Leaves,1795,18
Oak Leaves,1796,14
Oak Leaves,1797,15
Oak Leaves,1798,39
Oak Leaves,1799,23
Oak Leaves,1800,23
Oak Leaves,1801,19
Oak Leaves,1802,14
Oak Leaves,1803,20
Oak Leaves,1804,19
Oak Leaves,1805,21
Oak Leaves,1806,23
Oak Leaves,1807,15
Oak Leaves,1808,12
Oak Leaves,1809,21
Oak Leaves,1810,18
Oak Leaves,1811,24
Oak Leaves,1812,15
Oak Leaves,1813,20
Oak Leaves,1814,14
Oak Leaves,1815,8
Oak Leaves,1816,17
Oak Leaves,1817,37
Oak Leaves,1818,21
Oak Leaves,1819,16
Oak Leaves,1820,14
Oak Leaves,1821,14
Oak Leaves,1822,25
Oak Leaves,1823,27
Oak Leaves,1824,12
Oak Leaves,1825,24
Oak Leaves,1826,21
Oak Leaves,1827,14
Oak Leaves,1828,16
Oak Leaves,1829,14
Oak Leaves,1830,26
Oak Leaves,1831,15
Oak Leaves,1832,18
Oak Leaves,1833,31
Oak Leaves,1834,22
Oak Leaves,1835,21
Oak Leaves,1836,21
Oak Leaves,1837,27
Oak Leaves,1838,20
Oak Leaves,1839,41
Oak Leaves,1840,35
Oak Leaves,1841,27
Oak Leaves,1842,11
Oak Leaves,1843,23
Oak Leaves,1844,18
Oak Leaves,1845,23
Oak Leaves,1846,15
Oak Leaves,1847,24
Oak Leaves,1848,12
Oak Leaves,1849,16
Oak Leaves,1850,16
Oak Leaves,1851,25
Oak Leaves,1852,20
Oak Leaves,1853,22
Oak Leaves,1854,17
Oak Leaves,1855,16
Oak Leaves,1856,17
Oak Leaves,1857,31
Oak Leaves,1858,34
Oak Leaves,1859,25
Oak Leaves,1860,38
Oak Leaves,1861,19
Oak Leaves,1862,16
Oak Leaves,1863,16
Oak Leaves,1864,30
Oak Leaves,1865,25
Oak Leaves,1866,11
Oak Leaves,1867,18
Oak Leaves,1868,31
Oak Leaves,1869,21
Oak Leaves,1870,18
Oak Leaves,1871,18
Oak Leaves,1872,15
Oak Leaves,1873,16
Oak Leaves,1874,26
Oak Leaves,1875,37
Oak Leaves,1876,15
Oak Leaves,1877,15
Oak Leaves,1878,21
Oak Leaves,1879,21
Oak Leaves,1880,24
Oak Leaves,1881,13
Oak Leaves,1882,28
Oak Leaves,1883,23
Oak Leaves,1884,19
Oak Leaves,1885,10
Oak Leaves,1886,25
Oak Leaves,1887,12
Oak Leaves,1888,27
Oak Leaves,1889,16
Oak Leaves,1890,11
Oak Leaves,1891,27
Oak Leaves,1892,14
Oak Leaves,1893,11
Oak Leaves,1894,23
Oak Leaves,1895,12
Oak Leaves,1896,18
Oak Leaves,1897,15
Oak Leaves,1898,15
Oak Leaves,1899,10
Oak Leaves,1900,27
Oak Leaves,1901,28
Oak Leaves,1902,15
Oak Leaves,1903,12
Oak Leaves,1904,35
Oak Leaves,1905,24
Oak Leaves,1906,22
Oak Leaves,1907,39
Oak Leaves,1908,23
Oak Leaves,1909,17
Oak Leaves,1910,12
Oak Leaves,1911,24
Oak Leaves,1912,16
Oak Leaves,1913,24
Oak Leaves,1914,16
Oak Leaves,1915,21
Oak Leaves,1916,16
Oak Leaves,1917,11
Oak Leaves,1918,19
Oak Leaves,1919,18
Oak Leaves,1920,12
Oak Leaves,1921,23
Oak Leaves,1922,24
Oak Leaves,1923,23
Oak Leaves,1924,19
Oak Leaves,1925,24
Oak Leaves,1926,23
Oak Leaves,1927,15
Oak Leaves,1928,16
Oak Leaves,1929,17
Oak Leaves,1930,19
Oak Leaves,1931,17
Oak Leaves,1932,16
Oak Leaves,1933,11
Oak Leaves,1934,15
Oak Leaves,1935,31
Oak Leaves,1936,20
Oak Leaves,1937,23
Oak Leaves,1938,24
Oak Leaves,1939,23
Oak Leaves,1940,25
Oak Leaves,1941,23
Oak Leaves,1942,17
Oak Leaves,1943,33
Oak Leaves,1944,26
Oak Leaves,1945,20
Oak Leaves,1946,11
Oak Leaves,1947,16
Oak Leaves,1948,27
Oak Leaves,1949,16
Oak Leaves,1950,16
Oak Leaves,1951,9
Oak Leaves,1952,15
Oak Leaves,1953,27
Oak Leaves,1954,14
Oak Leaves,1955,31
Oak Leaves,1956,26
Oak Leaves,1957,25
Oak Leaves,1958,26
Oak Leaves,1959,27
Oak Leaves,1960,24
Oak Leaves,1961,19
Oak Leaves,1962,21
Oak Leaves,1963,26
Oak Leaves,1964,26
Oak Leaves,1965,26
Oak Leaves,1966,29
Oak Leaves,1967,33
Oak Leaves,1968,29
Oak Leaves,1969,17
Oak Leaves,1970,30
Oak Leaves,1971,20
Oak Leaves,1972,15
Oak Leaves,1973,20
Oak Leaves,1974,17
Oak Leaves,1975,20
Oak Leaves,1976,11
Oak Leaves,1977,30
Oak Leaves,1978,25
Oak Leaves,1979,24
Oak Leaves,1980,30
Oak Leaves,1981,20
Oak Leaves,1982,17
Oak Leaves,1983,18
Oak Leaves,1984,23
Oak Leaves,1985,18
Oak Leaves,1986,14
Oak Leaves,1987,20
Oak Leaves,1988,15
Oak Leaves,1989,17
Oak Leaves,1990,26
Oak Leaves,1991,17
Oak Leaves,1992,20
Oak Leaves,1993,9
Oak Leaves,1994,22
Oak Leaves,1995,11
Oak Leaves,1996,16
Oak Leaves,1997,13
Oak Leaves,1998,22
Oak Leaves,1999,16
Oak Leaves,2000,18
Oak Leaves,2001,27
Oak Leaves,2002,12
Oak Leaves,2003,22
Oak Leaves,2004,38
Oak Leaves,2005,28
Oak Leaves,2006,14
Oak Leaves,2007,12
Oak Leaves,2008,18
Oak Leaves,2009,13
Oak Leaves,2010,17
Oak Leaves,2011,22
Oak Leaves,2012,12
Oak Leaves,2013,22
Oak Leaves,2014,25
Oak Leaves,2015,14
Oak Leaves,2016,13
Oak Leaves,2017,17
Oak Leaves,2018,13
Oak Leaves,2019,19
Oak Leaves,2020,15
Oak Leaves,2021,23
Oak Leaves,2022,30
Oak Leaves,2023,10
Oak Leaves,2024,21
Oak Leaves,2025,14
Oak Leaves,2026,17
Oak Leaves,2027,27
Oak Leaves,2028,12
Oak Leaves,2029,13
Oak Leaves,2030,13
Oak Leaves,2031,18
Oak Leaves,2032,51
Oak Leaves,2033,28
Oak Leaves,2034,22
Oak Leaves,2035,32
Oak Leaves,2036,31
Oak Leaves,2037,21
Oak Leaves,2038,31
Oak Leaves,2039,11
Oak Leaves,2040,15
Oak Leaves,2041,19
Oak Leaves,2042,12
Oak Leaves,2043,22
Oak Leaves,2044,18
Oak Leaves,2045,16
Oak Leaves,2046,22
Oak Leaves,2047,26
Oak Leaves,2048,28
Oak Leaves,2049,18
Oak Leaves,2050,26
Oak Leaves,2051,30
Oak Leaves,2052,23
Oak Leaves,2053,14
Oak Leaves,2054,25
Oak Leaves,2055,14
Oak Leaves,2056,17
Oak Leaves,2057,21
Oak Leaves,2058,26
Oak Leaves,2059,21
Oak Leaves,2060,15
Oak Leaves,2061,24
Oak Leaves,2062,19
Oak Leaves,2063,14
Oak Leaves,2064,29
Oak Leaves,2065,17
Oak Leaves,2066,11
Oak Leaves,2067,24
Oak Leaves,2068,22
Oak Leaves,2069,24
Oak Leaves,2070,23
Oak Leaves,2071,25
Oak Leaves,2072,30
Oak Leaves,2073,19
Oak Leaves,2074,21
Oak Leaves,2075,29
Oak Leaves,2076,24
Oak Leaves,2077,18
Oak Leaves,2078,12
Oak Leaves,2079,25
Oak Leaves,2080,12
Oak Leaves,2081,15
Oak Leaves,2082,27
Oak Leaves,2083,28
Oak Leaves,2084,27
Oak Leaves,2085,9
Oak Leaves,2086,12
Oak Leaves,2087,17
Oak Leaves,2088,42
Oak Leaves,2089,16
Oak Leaves,2090,25
Oak Leaves,2091,9
Oak Leaves,2092,20
Oak Leaves,2093,21
Oak Leaves,2094,33
Oak Leaves,2095,16
Oak Leaves,2096,15
Oak Leaves,2097,15
Oak Leaves,2098,16
Oak Leaves,2099,16
Oak Leaves,2100,26
Oak Leaves,2101,10
Oak Leaves,2102,20
Oak Leaves,2103,30
Oak Leaves,2104,28
Oak Leaves,2105,13
Oak Leaves,2106,24
Oak Leaves,2107,23
Oak Leaves,2108,17
Oak Leaves,2109,12
Oak Leaves,2110,13
Oak Leaves,2111,12
Oak Leaves,2112,13
Oak Leaves,2113,16
Oak Leaves,2114,26
Oak Leaves,2115,28
Oak Leaves,2116,17
Oak Leaves,2117,14
Oak Leaves,2118,25
Oak Leaves,2119,14
Oak Leaves,2120,37
Oak Leaves,2121,14
Oak Leaves,2122,8
Oak Leaves,2123,17
Oak Leaves,2124,26
Oak Leaves,2125,33
Oak Leaves,2126,25
Oak Leaves,2127,18
Oak Leaves,2128,15
Oak Leaves,2129,15
Oak Leaves,2130,15
Oak Leaves,2131,24
Oak Leaves,2132,26
Oak Leaves,2133,32
Oak Leaves,2134,19
Oak Leaves,2135,15
Oak Leaves,2136,30
Oak Leaves,2137,19
Oak Leaves,2138,23
Oak Leaves,2139,15
Oak Leaves,2140,13
Oak Leaves,2141,15
Oak Leaves,2142,19
Oak Leaves,2143,15
Oak Leaves,2144,20
Oak Leaves,2145,11
Oak Leaves,2146,16
Oak Leaves,2147,30
Oak Leaves,2148,13
Oak Leaves,2149,31
Oak Leaves,2150,33
Oak Leaves,2151,21
Oak Leaves,2152,12
Oak Leaves,2153,21
Oak Leaves,2154,15
Oak Leaves,2155,23
Oak Leaves,2156,18
Oak Leaves,2157,26
Oak Leaves,2158,13
Oak Leaves,2159,27
Oak Leaves,2160,38
Oak Leaves,2161,19
Oak Leaves,2162,19
Oak Leaves,2163,35
Oak Leaves,2164,13
Oak Leaves,2165,23
Oak Leaves,2166,34
Oak Leaves,2167,32
Oak Leaves,2168,26
Oak Leaves,2169,18
Oak Leaves,2170,22
Oak Leaves,2171,35
Oak Leaves,2172,12
Oak Leaves,2173,22
Oak Leaves,2174,17
Oak Leaves,2175,24
Oak Leaves,2176,25
Oak Leaves,2177,17
Oak Leaves,2178,17
Oak Leaves,2179,27
Oak Leaves,2180,18
Oak Leaves,2181,21
Oak Leaves,2182,12
Oak Leaves,2183,43
Oak Leaves,2184,21
Oak Leaves,2185,20
Oak Leaves,2186,13
Oak Leaves,2187,27
Oak Leaves,2188,30
Oak Leaves,2189,11
Oak Leaves,2190,22
Oak Leaves,2191,19
Oak Leaves,2192,22
Oak Leaves,2193,24
Oak Leaves,2194,37
Oak Leaves,2195,21
Oak Leaves,2196,17
Oak Leaves,2197,24
Oak Leaves,2198,9
Oak Leaves,2199,24
Oak Leaves,2200,25
Oak Leaves,2201,37
Oak Leaves,2202,12
Oak Leaves,2203,25
Oak Leaves,2204,34
Oak Leaves,2205,17
Oak Leaves,2206,13
Oak Leaves,2207,27
Oak Leaves,2208,31
Oak Leaves,2209,23
Oak Leaves,2210,26
Oak Leaves,2211,19
Oak Leaves,2212,16
Oak Leaves,2213,22
Oak Leaves,2214,19
Oak Leaves,2215,15
Oak Leaves,2216,24
Oak Leaves,2217,35
Oak Leaves,2218,19
Oak Leaves,2219,24
Oak Leaves,2220,25
Oak Leaves,2221,13
Oak Leaves,2222,18
Oak Leaves,2223,19
Oak Leaves,2224,16
Oak Leaves,2225,21
Oak Leaves,2226,24
Oak Leaves,2227,12
Oak Leaves,2228,19
Oak Leaves,2229,19
Oak Leaves,2230,31
Oak Leaves,2231,24
Oak Leaves,2232,27
Oak Leaves,2233,16
Oak Leaves,2234,36
Oak Leaves,2235,23
Oak Leaves,2236,21
Oak Leaves,2237,20
Oak Leaves,2238,34
Oak Leaves,2239,26
Oak Leaves,2240,9
Oak Leaves,2241,25
Oak Leaves,2242,30
Oak Leaves,2243,22
Oak Leaves,2244,21
Oak Leaves,2245,22
Oak Leaves,2246,43
Oak Leaves,2247,27
Oak Leaves,2248,30
Oak Leaves,2249,18
Oak Leaves,2250,25
Oak Leaves,2251,26
Oak Leaves,2252,15
Oak Leaves,2253,11
Oak Leaves,2254,19
Oak Leaves,2255,28
Oak Leaves,2256,13
Oak Leaves,2257,20
Oak Leaves,2258,23
Oak Leaves,2259,29
Oak Leaves,2260,15
Oak Leaves,2261,15
Oak Leaves,2262,14
Oak Leaves,2263,18
Oak Leaves,2264,13
Oak Leaves,2265,27
Oak Leaves,2266,19
Oak Leaves,2267,20
Oak Leaves,2268,23
Oak Leaves,2269,29
Oak Leaves,2270,25
Oak Leaves,2271,21
Oak Leaves,2272,22
Oak Leaves,2273,21
Oak Leaves,2274,16
Oak Leaves,2275,20
Oak Leaves,2276,13
Oak Leaves,2277,20
Oak Leaves,2278,23
Oak Leaves,2279,28
Oak Leaves,2280,22
Oak Leaves,2281,20
Oak Leaves,2282,18
Oak Leaves,2283,22
Oak Leaves,2284,20
Oak Leaves,2285,28
Oak Leaves,2286,21
Oak Leaves,2287,19
Oak Leaves,2288,26
Oak Leaves,2289,15
Oak Leaves,2290,25
Oak Leaves,2291,15
Oak Leaves,2292,29
Oak Leaves,2293,21
Oak Leaves,2294,16
Oak Leaves,2295,20
Oak Leaves,2296,39
Oak Leaves,2297,13
Oak Leaves,2298,34
Oak Leaves,2299,18
Oak Leaves,2300,25
Oak Leaves,2301,20
Oak Leaves,2302,21
Oak Leaves,2303,12
Oak Leaves,2304,9
Oak Leaves,2305,16
Oak Leaves,2306,19
Oak Leaves,2307,32
Oak Leaves,2308,29
Oak Leaves,2309,15
Oak Leaves,2310,23
Oak Leaves,2311,27
Oak Leaves,2312,15
Oak Leaves,2313,26
Oak Leaves,2314,13
Oak Leaves,2315,20
Oak Leaves,2316,21
Oak Leaves,2317,15
Oak Leaves,2318,16
Oak Leaves,2319,19
Oak Leaves,2320,14
Oak Leaves,2321,12
Oak Leaves,2322,25
Oak Leaves,2323,14
Oak Leaves,2324,23
Oak Leaves,2325,18
Oak Leaves,2326,19
Oak Leaves,2327,22
Oak Leaves,2328,28
Oak Leaves,2329,18
Oak Leaves,2330,26
Oak Leaves,2331,21
Oak Leaves,2332,15
Oak Leaves,2333,24
Oak Leaves,2334,16
Oak Leaves,2335,22
Oak Leaves,2336,27
Oak Leaves,2337,20
Oak Leaves,2338,23
Oak Leaves,2339,17
Oak Leaves,2340,17
Oak Leaves,2341,20
Oak Leaves,2342,18
Oak Leaves,2343,24
Oak Leaves,2344,23
Oak Leaves,2345,18
Oak Leaves,2346,15
Oak Leaves,2347,14
Oak Leaves,2348,25
Oak Leaves,2349,13
Oak Leaves,2350,13
Oak Leaves,2351,20
Oak Leaves,2352,13
Oak Leaves,2353,18
Oak Leaves,2354,14
Oak Leaves,2355,28
Oak Leaves,2356,23
Oak Leaves,2357,17
Oak Leaves,2358,21
Oak Leaves,2359,32
Oak Leaves,2360,19
Oak Leaves,2361,16
Oak Leaves,2362,33
Oak Leaves,2363,26
Oak Leaves,2364,24
Oak Leaves,2365,10
Oak Leaves,2366,22
Oak Leaves,2367,36
Oak Leaves,2368,23
Oak Leaves,2369,17
Oak Leaves,2370,13
Oak Leaves,2371,14
Oak Leaves,2372,31
Oak Leaves,2373,19
Oak Leaves,2374,35
Oak Leaves,2375,19
Oak Leaves,2376,22
Oak Leaves,2377,19
Oak Leaves,2378,9
Oak Leaves,2379,14
Oak Leaves,2380,20
Oak Leaves,2381,33
Oak Leaves,2382,50
Oak Leaves,2383,19
Oak Leaves,2384,14
Oak Leaves,2385,38
Oak Leaves,2386,24
Oak Leaves,2387,20
Oak Leaves,2388,22
Oak Leaves,2389,32
Oak Leaves,2390,30
Oak Leaves,2391,21
Oak Leaves,2392,21
Oak Leaves,2393,14
Oak Leaves,2394,23
Oak Leaves,2395,18
Oak Leaves,2396,17
Oak Leaves,2397,26
Oak Leaves,2398,20
Oak Leaves,2399,29
Oak Leaves,2400,31
Oak Leaves,2401,23
Oak Leaves,2402,20
Oak Leaves,2403,14
Oak Leaves,2404,19
Oak Leaves,2405,13
Oak Leaves,2406,12
Oak Leaves,2407,24
Oak Leaves,2408,15
Oak Leaves,2409,16
Oak Leaves,2410,35
Oak Leaves,2411,20
Oak Leaves,2412,26
Oak Leaves,2413,24
Oak Leaves,2414,28
Oak Leaves,2415,21
Oak Leaves,2416,15
Oak Leaves,2417,25
Oak Leaves,2418,18
Oak Leaves,2419,18
Oak Leaves,2420,22
Oak Leaves,2421,16
Oak Leaves,2422,15
Oak Leaves,2423,29
Oak Leaves,2424,12
Oak Leaves,2425,15
Oak Leaves,2426,17
Oak Leaves,2427,33
Oak Leaves,2428,15
Oak Leaves,2429,24
Oak Leaves,2430,13
Oak Leaves,2431,18
Oak Leaves,2432,23
Oak Leaves,2433,31
Oak Leaves,2434,18
Oak Leaves,2435,16
Oak Leaves,2436,13
Oak Leaves,2437,32
Oak Leaves,2438,17
Oak Leaves,2439,21
Oak Leaves,2440,25
Oak Leaves,2441,18
Oak Leaves,2442,31
Oak Leaves,2443,30
Oak Leaves,2444,14
Oak Leaves,2445,11
Oak Leaves,2446,27
Oak Leaves,2447,25
Oak Leaves,2448,15
Oak Leaves,2449,28
Oak Leaves,2450,17
Oak Leaves,2451,29
Oak Leaves,2452,22
Oak Leaves,2453,24
Oak Leaves,2454,21
Oak Leaves,2455,24
Oak Leaves,2456,27
Oak Leaves,2457,34
Oak Leaves,2458,15
Oak Leaves,2459,19
Oak Leaves,2460,17
Oak Leaves,2461,23
Oak Leaves,2462,28
Oak Leaves,2463,25
Oak Leaves,2464,13
Oak Leaves,2465,23
Oak Leaves,2466,16
Oak Leaves,2467,23
Oak Leaves,2468,12
Oak Leaves,2469,21
Oak Leaves,2470,21
Oak Leaves,2471,22
Oak Leaves,2472,27
Oak Leaves,2473,31
Oak Leaves,2474,22
Oak Leaves,2475,35
Oak Leaves,2476,18
Oak Leaves,2477,13
Oak Leaves,2478,30
Oak Leaves,2479,25
Oak Leaves,2480,28
Oak Leaves,2481,18
Oak Leaves,2482,17
Oak Leaves,2483,25
Oak Leaves,2484,32
Oak Leaves,2485,24
Oak Leaves,2486,20
Oak Leaves,2487,18
Oak Leaves,2488,11
Oak Leaves,2489,14
Oak Leaves,2490,31
Oak Leaves,2491,16
Oak Leaves,2492,19
Oak Leaves,2493,11
Oak Leaves,2494,18
Oak Leaves,2495,23
Oak Leaves,2496,28
Oak Leaves,2497,25
Oak Leaves,2498,20
Oak Leaves,2499,13
Oak Leaves,2500,23
Oak Leaves,2501,14
Oak Leaves,2502,20
Oak Leaves,2503,17
Oak Leaves,2504,18
Oak Leaves,2505,16
Oak Leaves,2506,20
Oak Leaves,2507,14
Oak Leaves,2508,13
Oak Leaves,2509,39
Oak Leaves,2510,18
Oak Leaves,2511,23
Oak Leaves,2512,22
Oak Leaves,2513,21
Oak Leaves,2514,21
Oak Leaves,2515,28
Oak Leaves,2516,12
Oak Leaves,2517,15
Oak Leaves,2518,22
Oak Leaves,2519,21
Oak Leaves,2520,13
Oak Leaves,2521,20
Oak Leaves,2522,22
Oak Leaves,2523,8
Oak Leaves,2524,24
Oak Leaves,2525,16
Oak Leaves,2526,26
Oak Leaves,2527,30
Oak Leaves,2528,13
Oak Leaves,2529,10
Oak Leaves,2530,17
Oak Leaves,2531,12
Oak Leaves,2532,24
Oak Leaves,2533,26
Oak Leaves,2534,22
Oak Leaves,2535,29
Oak Leaves,2536,19
Oak Leaves,2537,22
Oak Leaves,2538,23
Oak Leaves,2539,19
Oak Leaves,2540,27
Oak Leaves,2541,17
Oak Leaves,2542,17
Oak Leaves,2543,12
Oak Leaves,2544,15
Oak Leaves,2545,29
Oak Leaves,2546,21
Oak Leaves,2547,15
Oak Leaves,2548,37
Oak Leaves,2549,25
Oak Leaves,2550,22
Oak Leaves,2551,9
Oak Leaves,2552,15
Oak Leaves,2553,32
Oak Leaves,2554,21
Oak Leaves,2555,18
Oak Leaves,2556,10
Oak Leaves,2557,23
Oak Leaves,2558,29
Oak Leaves,2559,23
Oak Leaves,2560,13
Oak Leaves,2561,21
Oak Leaves,2562,17
Oak Leaves,2563,21
Oak Leaves,2564,23
Oak Leaves,2565,9
Oak Leaves,2566,21
Oak Leaves,2567,17
Oak Leaves,2568,27
Oak Leaves,2569,39
Oak Leaves,2570,11
Oak Leaves,2571,21
Oak Leaves,2572,44
Oak Leaves,2573,15
Oak Leaves,2574,27
Oak Leaves,2575,17
Oak Leaves,2576,19
Oak Leaves,2577,12
Oak Leaves,2578,29
Oak Leaves,2579,16
Oak Leaves,2580,17
Oak Leaves,2581,22
Oak Leaves,2582,27
Oak Leaves,2583,27
Oak Leaves,2584,32
Oak Leaves,2585,26
Oak Leaves,2586,20
Oak Leaves,2587,12
Oak Leaves,2588,17
Oak Leaves,2589,20
Oak Leaves,2590,18
Oak Leaves,2591,16
Oak Leaves,2592,28
Oak Leaves,2593,15
Oak Leaves,2594,29
Oak Leaves,2595,22
Oak Leaves,2596,16
Oak Leaves,2597,17
Oak Leaves,2598,15
Oak Leaves,2599,29
Oak Leaves,2600,17
Oak Leaves,2601,12
Oak Leaves,2602,17
Oak Leaves,2603,23
Oak Leaves,2604,20
Oak Leaves,2605,14
Oak Leaves,2606,28
Oak Leaves,2607,27
Oak Leaves,2608,9
Oak Leaves,2609,24
Oak Leaves,2610,15
Oak Leaves,2611,18
Oak Leaves,2612,24
Oak Leaves,2613,22
Oak Leaves,2614,23
Oak Leaves,2615,25
Oak Leaves,2616,20
Oak Leaves,2617,21
Oak Leaves,2618,17
Oak Leaves,2619,10
Oak Leaves,2620,37
Oak Leaves,2621,23
Oak Leaves,2622,19
Oak Leaves,2623,20
Oak Leaves,2624,23
Oak Leaves,2625,20
Oak Leaves,2626,22
Oak Leaves,2627,21
Oak Leaves,2628,32
Oak Leaves,2629,28
Oak Leaves,2630,25
Oak Leaves,2631,26
Oak Leaves,2632,20
Oak Leaves,2633,11
Oak Leaves,2634,20
Oak Leaves,2635,31
Oak Leaves,2636,29
Oak Leaves,2637,17
Oak Leaves,2638,31
Oak Leaves,2639,12
Oak Leaves,2640,22
Oak Leaves,2641,16
Oak Leaves,2642,17
Oak Leaves,2643,14
Oak Leaves,2644,20
Oak Leaves,2645,19
Oak Leaves,2646,33
Oak Leaves,2647,37
Oak Leaves,2648,22
Oak Leaves,2649,18
Oak Leaves,2650,35
Oak Leaves,2651,17
Oak Leaves,2652,12
Oak Leaves,2653,16
Oak Leaves,2654,20
Oak Leaves,2655,14
Oak Leaves,2656,18
Oak Leaves,2657,25
Oak Leaves,2658,16
Oak Leaves,2659,13
Oak Leaves,2660,13
Oak Leaves,2661,23
Oak Leaves,2662,23
Oak Leaves,2663,21
Oak Leaves,2664,13
Oak Leaves,2665,27
Oak Leaves,2666,29
Oak Leaves,2667,9
Oak Leaves,2668,17
Oak Leaves,2669,27
Oak Leaves,2670,20
Oak Leaves,2671,22
Oak Leaves,2672,21
Oak Leaves,2673,12
Oak Leaves,2674,18
Oak Leaves,2675,33
Oak Leaves,2676,17
Oak Leaves,2677,15
Oak Leaves,2678,18
Oak Leaves,2679,18
Oak Leaves,2680,19
Oak Leaves,2681,16
Oak Leaves,2682,29
Oak Leaves,2683,29
Oak Leaves,2684,32
Oak Leaves,2685,19
Oak Leaves,2686,10
Oak Leaves,2687,28
Oak Leaves,2688,26
Oak Leaves,2689,26
Oak Leaves,2690,15
Oak Leaves,2691,18
Oak Leaves,2692,26
Oak Leaves,2693,21
Oak Leaves,2694,18
Oak Leaves,2695,28
Oak Leaves,2696,29
Oak Leaves,2697,21
Oak Leaves,2698,31
Oak Leaves,2699,33
Oak Leaves,2700,21
Oak Leaves,2701,29
Oak Leaves,2702,22
Oak Leaves,2703,9
Oak Leaves,2704,15
Oak Leaves,2705,37
Oak Leaves,2706,24
Oak Leaves,2707,19
Oak Leaves,2708,22
Oak Leaves,2709,19
Oak Leaves,2710,16
Oak Leaves,2711,15
Oak Leaves,2712,17
Oak Leaves,2713,14
Oak Leaves,2714,22
Oak Leaves,2715,14
Oak Leaves,2716,16
Oak Leaves,2717,24
Oak Leaves,2718,32
Oak Leaves,2719,34
Oak Leaves,2720,11
Oak Leaves,2721,18
Oak Leaves,2722,24
Oak Leaves,2723,14
Oak Leaves,2724,26
Oak Leaves,2725,14
Oak Leaves,2726,12
Oak Leaves,2727,18
Oak Leaves,2728,36
Oak Leaves,2729,18
Oak Leaves,2730,16
Oak Leaves,2731,34
Oak Leaves,2732,31
Oak Leaves,2733,11
Oak Leaves,2734,14
Oak Leaves,2735,16
Oak Leaves,2736,34
Oak Leaves,2737,12
Oak Leaves,2738,28
Oak Leaves,2739,17
Oak Leaves,2740,28
Oak Leaves,2741,15
Oak Leaves,2742,16
Oak Leaves,2743,18
Oak Leaves,2744,18
Oak Leaves,2745,27
Oak Leaves,2746,33
Oak Leaves,2747,12
Oak Leaves,2748,26
Oak Leaves,2749,24
Oak Leaves,2750,11
Oak Leaves,2751,20
Oak Leaves,2752,10
Oak Leaves,2753,16
Oak Leaves,2754,13
Oak Leaves,2755,19
Oak Leaves,2756,11
Oak Leaves,2757,19
Oak Leaves,2758,17
Oak Leaves,2759,22
Oak Leaves,2760,29
Oak Leaves,2761,16
Oak Leaves,2762,19
Oak Leaves,2763,14
Oak Leaves,2764,20
Oak Leaves,2765,15
Oak Leaves,2766,18
Oak Leaves,2767,20
Oak Leaves,2768,13
Oak Leaves,2769,12
Oak Leaves,2770,25
Oak Leaves,2771,13
Oak Leaves,2772,25
Oak Leaves,2773,20
Oak Leaves,2774,28
Oak Leaves,2775,14
Oak Leaves,2776,17
Oak Leaves,2777,21
Oak Leaves,2778,18
Oak Leaves,2779,37
Oak Leaves,2780,32
Oak Leaves,2781,29
Oak Leaves,2782,19
Oak Leaves,2783,21
Oak Leaves,2784,15
Oak Leaves,2785,22
Oak Leaves,2786,16
Oak Leaves,2787,22
Oak Leaves,2788,29
Oak Leaves,2789,16
Oak Leaves,2790,18
Oak Leaves,2791,18
Oak Leaves,2792,21
Oak Leaves,2793,16
Oak Leaves,2794,21
Oak Leaves,2795,25
Oak Leaves,2796,32
Oak Leaves,2797,21
Oak Leaves,2798,19
Oak Leaves,2799,25
Oak Leaves,2800,10
Oak Leaves,2801,12
Oak Leaves,2802,25
Oak Leaves,2803,21
Oak Leaves,2804,30
Oak Leaves,2805,18
Oak Leaves,2806,37
Oak Leaves,2807,11
Oak Leaves,2808,14
Oak Leaves,2809,26
Oak Leaves,2810,13
Oak Leaves,2811,13
Oak Leaves,2812,27
Oak Leaves,2813,12
Oak Leaves,2814,28
Oak Leaves,2815,18
Oak Leaves,2816,21
Oak Leaves,2817,26
Oak Leaves,2818,25
Oak Leaves,2819,26
Oak Leaves,2820,16
Oak Leaves,2821,12
Oak Leaves,2822,27
Oak Leaves,2823,8
Oak Leaves,2824,20
Oak Leaves,2825,13
Oak Leaves,2826,23
Oak Leaves,2827,8
Oak Leaves,2828,17
Oak Leaves,2829,26
Oak Leaves,2830,20
Oak Leaves,2831,20
Oak Leaves,2832,29
Oak Leaves,2833,15
Oak Leaves,2834,18
Oak Leaves,2835,30
Oak Leaves,2836,15
Oak Leaves,2837,13
Oak Leaves,2838,30
Oak Leaves,2839,18
Oak Leaves,2840,14
Oak Leaves,2841,15
Oak Leaves,2842,38
Oak Leaves,2843,19
Oak Leaves,2844,19
Oak Leaves,2845,19
Oak Leaves,2846,24
Oak Leaves,2847,31
Oak Leaves,2848,16
Oak Leaves,2849,31
Oak Leaves,2850,18
Oak Leaves,2851,22
Oak Leaves,2852,33
Oak Leaves,2853,24
Oak Leaves,2854,21
Oak Leaves,2855,19
Oak Leaves,2856,19
Oak Leaves,2857,17
Oak Leaves,2858,13
Oak Leaves,2859,26
Oak Leaves,2860,17
Oak Leaves,2861,31
Oak Leaves,2862,13
Oak Leaves,2863,18
Oak Leaves,2864,20
Oak Leaves,2865,16
Oak Leaves,2866,19
Oak Leaves,2867,20
Oak Leaves,2868,33
Oak Leaves,2869,36
Oak Leaves,2870,13
Oak Leaves,2871,21
Oak Leaves,2872,17
Oak Leaves,2873,19
Oak Leaves,2874,9
Oak Leaves,2875,23
Oak Leaves,2876,13
Oak Leaves,2877,17
Oak Leaves,2878,19
Oak Leaves,2879,23
Oak Leaves,2880,15
Oak Leaves,2881,20
Oak Leaves,2882,14
Oak Leaves,2883,24
Oak Leaves,2884,23
Oak Leaves,2885,16
Oak Leaves,2886,24
Oak Leaves,2887,25
Oak Leaves,2888,25
Oak Leaves,2889,16
Oak Leaves,2890,9
Oak Leaves,2891,20
Oak Leaves,2892,16
Oak Leaves,2893,20
Oak Leaves,2894,23
Oak Leaves,2895,28
Oak Leaves,2896,32
Oak Leaves,2897,21
Oak Leaves,2898,23
Oak Leaves,2899,26
Oak Leaves,2900,15
Oak Leaves,2901,20
Oak Leaves,2902,28
Oak Leaves,2903,29
Oak Leaves,2904,26
Oak Leaves,2905,22
Oak Leaves,2906,22
Oak Leaves,2907,33
Oak Leaves,2908,28
Oak Leaves,2909,16
Oak Leaves,2910,22
Oak Leaves,2911,21
Oak Leaves,2912,10
Oak Leaves,2913,18
Oak Leaves,2914,16
Oak Leaves,2915,20
Oak Leaves,2916,11
Oak Leaves,2917,22
Oak Leaves,2918,21
Oak Leaves,2919,22
Oak Leaves,2920,16
Oak Leaves,2921,18
Oak Leaves,2922,32
Oak Leaves,2923,22
Oak Leaves,2924,10
Oak Leaves,2925,15
Oak Leaves,2926,39
Oak Leaves,2927,22
Oak Leaves,2928,21
Oak Leaves,2929,37
Oak Leaves,2930,20
Oak Leaves,2931,19
Oak Leaves,2932,13
Oak Leaves,2933,26
Oak Leaves,2934,31
Oak Leaves,2935,20
Oak Leaves,2936,16
Oak Leaves,2937,13
Oak Leaves,2938,25
Oak Leaves,2939,17
Oak Leaves,2940,21
Oak Leaves,2941,26
Oak Leaves,2942,35
Oak Leaves,2943,23
Oak Leaves,2944,12
Oak Leaves,2945,10
Oak Leaves,2946,27
Oak Leaves,2947,17
Oak Leaves,2948,13
Oak Leaves,2949,10
Oak Leaves,2950,11
Oak Leaves,2951,16
Oak Leaves,2952,31
Oak Leaves,2953,23
Oak Leaves,2954,21
Oak Leaves,2955,14
Oak Leaves,2956,16
Oak Leaves,2957,28
Oak Leaves,2958,16
Oak Leaves,2959,30
Oak Leaves,2960,27
Oak Leaves,2961,15
Oak Leaves,2962,27
Oak Leaves,2963,18
Oak Leaves,2964,11
Oak Leaves,2965,25
Oak Leaves,2966,18
Oak Leaves,2967,16
Oak Leaves,2968,25
Oak Leaves,2969,27
Oak Leaves,2970,18
Oak Leaves,2971,21
Oak Leaves,2972,32
Oak Leaves,2973,21
Oak Leaves,2974,32
Oak Leaves,2975,11
Oak Leaves,2976,18
Oak Leaves,2977,21
Oak Leaves,2978,23
Oak Leaves,2979,10
Oak Leaves,2980,27
Oak Leaves,2981,14
Oak Leaves,2982,16
Oak Leaves,2983,22
Oak Leaves,2984,19
Oak Leaves,2985,21
Oak Leaves,2986,35
Oak Leaves,2987,21
Oak Leaves,2988,18
Oak Leaves,2989,20
Oak Leaves,2990,23
Oak Leaves,2991,22
Oak Leaves,2992,14
Oak Leaves,2993,18
Oak Leaves,2994,23
Oak Leaves,2995,22
Oak Leaves,2996,12
Oak Leaves,2997,17
Oak Leaves,2998,36
Oak Leaves,2999,46
Oak Sapling,0,13
Oak Sapling,1,14
Oak Sapling,2,24
Oak Sapling,3,29
Oak Sapling,4,23
Oak Sapling,5,15
Oak Sapling,6,16
Oak Sapling,7,30
Oak Sapling,8,15
Oak Sapling,9,22
Oak Sapling,10,12
Oak Sapling,11,32
Oak Sapling,12,9
Oak Sapling,13,30
Oak Sapling,14,14
Oak Sapling,15,27
Oak Sapling,16,23
Oak Sapling,17,14
Oak Sapling,18,18
Oak Sapling,19,19
Oak Sapling,20,17
Oak Sapling,21,16
Oak Sapling,22,26
Oak Sapling,23,10
Oak Sapling,24,20
Oak Sapling,25,11
Oak Sapling,26,26
Oak Sapling,27,42
Oak Sapling,28,25
Oak Sapling,29,19
Oak Sapling,30,20
Oak Sapling,31,13
Oak Sapling,32,20
Oak Sapling,33,21
Oak Sapling,34,28
Oak Sapling,35,18
Oak Sapling,36,14
Oak Sapling,37,22
Oak Sapling,38,16
Oak Sapling,39,24
Oak Sapling,40,29
Oak Sapling,41,23
Oak Sapling,42,26
Oak Sapling,43,27
Oak Sapling,44,12
Oak Sapling,45,20
Oak Sapling,46,36
Oak Sapling,47,16
Oak Sapling,48,17
Oak Sapling,49,25
Oak Sapling,50,49
Oak Sapling,51,14
Oak Sapling,52,30
Oak Sapling,53,14
Oak Sapling,54,22
Oak Sapling,55,16
Oak Sapling,56,17
Oak Sapling,57,23
Oak Sapling,58,30
Oak Sapling,59,38
Oak Sapling,60,22
Oak Sapling,61,12
Oak Sapling,62,17
Oak Sapling,63,29
Oak Sapling,64,27
Oak Sapling,65,43
Oak Sapling,66,19
Oak Sapling,67,23
Oak Sapling,68,24
Oak Sapling,69,8
Oak Sapling,70,10
Oak Sapling,71,15
Oak Sapling,72,21
Oak Sapling,73,18
Oak Sapling,74,20
Oak Sapling,75,41
Oak Sapling,76,16
Oak Sapling,77,20
Oak Sapling,78,26
Oak Sapling,79,24
Oak Sapling,80,28
Oak Sapling,81,34
Oak Sapling,82,10
Oak Sapling,83,17
Oak Sapling,84,21
Oak Sapling,85,20
Oak Sapling,86,20
Oak Sapling,87,13
Oak Sapling,88,19
Oak Sapling,89,17
Oak Sapling,90,26
Oak Sapling,91,31
Oak Sapling,92,15
Oak Sapling,93,26
Oak Sapling,94,23
Oak Sapling,95,33
Oak Sapling,96,29
Oak Sapling,97,21
Oak Sapling,98,9
Oak Sapling,99,13
Oak Sapling,100,16
Oak Sapling,101,12
Oak Sapling,102,50
Oak Sapling,103,19
Oak Sapling,104,16
Oak Sapling,105,12
Oak Sapling,106,18
Oak Sapling,107,19
Oak Sapling,108,19
Oak Sapling,109,22
Oak Sapling,110,28
Oak Sapling,111,24
Oak Sapling,112,17
Oak Sapling,113,14
Oak Sapling,114,27
Oak Sapling,115,27
Oak Sapling,116,28
Oak Sapling,117,19
Oak Sapling,118,19
Oak Sapling,119,20
Oak Sapling,120,16
Oak Sapling,121,23
Oak Sapling,122,17
Oak Sapling,123,29
Oak Sapling,124,30
Oak Sapling,125,19
Oak Sapling,126,20
Oak Sapling,127,14
Oak Sapling,128,28
Oak Sapling,129,31
Oak Sapling,130,30
Oak Sapling,131,14
Oak Sapling,132,35
Oak Sapling,133,19
Oak Sapling,134,21
Oak Sapling,135,20
Oak Sapling,136,16
Oak Sapling,137,12
Oak Sapling,138,13
Oak Sapling,139,19
Oak Sapling,140,28
Oak Sapling,141,13
Oak Sapling,142,22
Oak Sapling,143,32
Oak Sapling,144,14
Oak Sapling,145,18
Oak Sapling,146,14
Oak Sapling,147,18
Oak Sapling,148,21
Oak Sapling,149,20
Oak Sapling,150,14
Oak Sapling,151,26
Oak Sapling,152,17
Oak Sapling,153,15
Oak Sapling,154,31
Oak Sapling,155,21
Oak Sapling,156,16
Oak Sapling,157,15
Oak Sapling,158,14
Oak Sapling,159,16
Oak Sapling,160,15
Oak Sapling,161,34
Oak Sapling,162,12
Oak Sapling,163,26
Oak Sapling,164,18
Oak Sapling,165,24
Oak Sapling,166,19
Oak Sapling,167,19
Oak Sapling,168,13
Oak Sapling,169,14
Oak Sapling,170,13
Oak Sapling,171,21
Oak Sapling,172,30
Oak Sapling,173,23
Oak Sapling,174,14
Oak Sapling,175,18
Oak Sapling,176,28
Oak Sapling,177,26
Oak Sapling,178,25
Oak Sapling,179,30
Oak Sapling,180,28
Oak Sapling,181,18
Oak Sapling,182,29
Oak Sapling,183,20
Oak Sapling,184,29
Oak Sapling,185,24
Oak Sapling,186,29
Oak Sapling,187,15
Oak Sapling,188,16
Oak Sapling,189,17
Oak Sapling,190,32
Oak Sapling,191,29
Oak Sapling,192,14
Oak Sapling,193,19
Oak Sapling,194,15
Oak Sapling,195,19
Oak Sapling,196,16
Oak Sapling,197,29
Oak Sapling,198,31
Oak Sapling,199,19
Oak Sapling,200,31
Oak Sapling,201,32
Oak Sapling,202,14
Oak Sapling,203,24
Oak Sapling,204,15
Oak Sapling,205,11
Oak Sapling,206,23
Oak Sapling,207,14
Oak Sapling,208,11
Oak Sapling,209,28
Oak Sapling,210,17
Oak Sapling,211,19
Oak Sapling,212,13
Oak Sapling,213,26
Oak Sapling,214,17
Oak Sapling,215,19
Oak Sapling,216,24
Oak Sapling,217,22
Oak Sapling,218,22
Oak Sapling,219,17
Oak Sapling,220,27
Oak Sapling,221,25
Oak Sapling,222,19
Oak Sapling,223,11
Oak Sapling,224,26
Oak Sapling,225,14
Oak Sapling,226,22
Oak Sapling,227,29
Oak Sapling,228,13
Oak Sapling,229,27
Oak Sapling,230,16
Oak Sapling,231,15
Oak Sapling,232,20
Oak Sapling,233,15
Oak Sapling,234,18
Oak Sapling,235,28
Oak Sapling,236,20
Oak Sapling,237,27
Oak Sapling,238,11
Oak Sapling,239,27
Oak Sapling,240,26
Oak Sapling,241,14
Oak Sapling,242,13
Oak Sapling,243,23
Oak Sapling,244,18
Oak Sapling,245,28
Oak Sapling,246,16
Oak Sapling,247,29
Oak Sapling,248,25
Oak Sapling,249,30
Oak Sapling,250,14
Oak Sapling,251,26
Oak Sapling,252,23
Oak Sapling,253,27
Oak Sapling,254,26
Oak Sapling,255,22
Oak Sapling,256,19
Oak Sapling,257,12
Oak Sapling,258,19
Oak Sapling,259,17
Oak Sapling,260,18
Oak Sapling,261,21
Oak Sapling,262,13
Oak Sapling,263,18
Oak Sapling,264,20
Oak Sapling,265,16
Oak Sapling,266,16
Oak Sapling,267,34
Oak Sapling,268,37
Oak Sapling,269,13
Oak Sapling,270,17
Oak Sapling,271,31
Oak Sapling,272,20
Oak Sapling,273,12
Oak Sapling,274,19
Oak Sapling,275,22
Oak Sapling,276,15
Oak Sapling,277,16
Oak Sapling,278,17
Oak Sapling,279,23
Oak Sapling,280,14
Oak Sapling,281,24
Oak Sapling,282,31
Oak Sapling,283,25
Oak Sapling,284,22
Oak Sapling,285,35
Oak Sapling,286,41
Oak Sapling,287,16
Oak Sapling,288,13
Oak Sapling,289,21
Oak Sapling,290,19
Oak Sapling,291,20
Oak Sapling,292,32
Oak Sapling,293,29
Oak Sapling,294,32
Oak Sapling,295,29
Oak Sapling,296,18
Oak Sapling,297,17
Oak Sapling,298,17
Oak Sapling,299,18
Oak Sapling,300,13
Oak Sapling,301,18
Oak Sapling,302,18
Oak Sapling,303,27
Oak Sapling,304,21
Oak Sapling,305,31
Oak Sapling,306,12
Oak Sapling,307,19
Oak Sapling,308,26
Oak Sapling,309,25
Oak Sapling,310,26
Oak Sapling,311,27
Oak Sapling,312,10
Oak Sapling,313,12
Oak Sapling,314,46
Oak Sapling,315,19
Oak Sapling,316,23
Oak Sapling,317,22
Oak Sapling,318,26
Oak Sapling,319,17
Oak Sapling,320,13
Oak Sapling,321,12
Oak Sapling,322,10
Oak Sapling,323,23
Oak Sapling,324,23
Oak Sapling,325,26
Oak Sapling,326,21
Oak Sapling,327,24
Oak Sapling,328,32
Oak Sapling,329,17
Oak Sapling,330,35
Oak Sapling,331,22
Oak Sapling,332,15
Oak Sapling,333,13
Oak Sapling,334,22
Oak Sapling,335,17
Oak Sapling,336,19
Oak Sapling,337,20
Oak Sapling,338,21
Oak Sapling,339,19
Oak Sapling,340,20
Oak Sapling,341,23
Oak Sapling,342,13
Oak Sapling,343,11
Oak Sapling,344,28
Oak Sapling,345,26
Oak Sapling,346,22
Oak Sapling,347,19
Oak Sapling,348,18
Oak Sapling,349,29
Oak Sapling,350,24
Oak Sapling,351,23
Oak Sapling,352,22
Oak Sapling,353,27
Oak Sapling,354,17
Oak Sapling,355,20
Oak Sapling,356,34
Oak Sapling,357,20
Oak Sapling,358,20
Oak Sapling,359,23
Oak Sapling,360,20
Oak Sapling,361,23
Oak Sapling,362,20
Oak Sapling,363,21
Oak Sapling,364,42
Oak Sapling,365,22
Oak Sapling,366,17
Oak Sapling,367,19
Oak Sapling,368,20
Oak Sapling,369,21
Oak Sapling,370,28
Oak Sapling,371,13
Oak Sapling,372,15
Oak Sapling,373,15
Oak Sapling,374,20
Oak Sapling,375,10
Oak Sapling,376,23
Oak Sapling,377,16
Oak Sapling,378,16
Oak Sapling,379,32
Oak Sapling,380,33
Oak Sapling,381,16
Oak Sapling,382,19
Oak Sapling,383,17
Oak Sapling,384,13
Oak Sapling,385,29
Oak Sapling,386,20
Oak Sapling,387,16
Oak Sapling,388,21
Oak Sapling,389,14
Oak Sapling,390,15
Oak Sapling,391,19
Oak Sapling,392,23
Oak Sapling,393,19
Oak Sapling,394,12
Oak Sapling,395,22
Oak Sapling,396,18
Oak Sapling,397,9
Oak Sapling,398,11
Oak Sapling,399,17
Oak Sapling,400,28
Oak Sapling,401,28
Oak Sapling,402,23
Oak Sapling,403,20
Oak Sapling,404,30
Oak Sapling,405,14
Oak Sapling,406,17
Oak Sapling,407,23
Oak Sapling,408,17
Oak Sapling,409,14
Oak Sapling,410,16
Oak Sapling,411,20
Oak Sapling,412,24
Oak Sapling,413,23
Oak Sapling,414,29
Oak Sapling,415,8
Oak Sapling,416,25
Oak Sapling,417,14
Oak Sapling,418,20
Oak Sapling,419,28
Oak Sapling,420,23
Oak Sapling,421,22
Oak Sapling,422,22
Oak Sapling,423,13
Oak Sapling,424,16
Oak Sapling,425,11
Oak Sapling,426,15
Oak Sapling,427,18
Oak Sapling,428,11
Oak Sapling,429,24
Oak Sapling,430,15
Oak Sapling,431,36
Oak Sapling,432,21
Oak Sapling,433,15
Oak Sapling,434,26
Oak Sapling,435,25
Oak Sapling,436,19
Oak Sapling,437,16
Oak Sapling,438,16
Oak Sapling,439,37
Oak Sapling,440,14
Oak Sapling,441,11
Oak Sapling,442,21
Oak Sapling,443,34
Oak Sapling,444,14
Oak Sapling,445,12
Oak Sapling,446,29
Oak Sapling,447,27
Oak Sapling,448,13
Oak Sapling,449,15
Oak Sapling,450,26
Oak Sapling,451,38
Oak Sapling,452,23
Oak Sapling,453,44
Oak Sapling,454,21
Oak Sapling,455,17
Oak Sapling,456,14
Oak Sapling,457,23
Oak Sapling,458,15
Oak Sapling,459,31
Oak Sapling,460,10
Oak Sapling,461,19
Oak Sapling,462,28
Oak Sapling,463,16
Oak Sapling,464,20
Oak Sapling,465,17
Oak Sapling,466,26
Oak Sapling,467,50
Oak Sapling,468,11
Oak Sapling,469,28
Oak Sapling,470,10
Oak Sapling,471,19
Oak Sapling,472,12
Oak Sapling,473,24
Oak Sapling,474,28
Oak Sapling,475,24
Oak Sapling,476,17
Oak Sapling,477,16
Oak Sapling,478,19
Oak Sapling,479,13
Oak Sapling,480,12
Oak Sapling,481,15
Oak Sapling,482,16
Oak Sapling,483,30
Oak Sapling,484,30
Oak Sapling,485,30
Oak Sapling,486,19
Oak Sapling,487,20
Oak Sapling,488,30
Oak Sapling,489,21
Oak Sapling,490,16
Oak Sapling,491,15
Oak Sapling,492,12
Oak Sapling,493,16
Oak Sapling,494,30
Oak Sapling,495,16
Oak Sapling,496,18
Oak Sapling,497,24
Oak Sapling,498,28
Oak Sapling,499,25
Oak Sapling,500,24
Oak Sapling,501,18
Oak Sapling,502,40
Oak Sapling,503,19
Oak Sapling,504,34
Oak Sapling,505,24
Oak Sapling,506,27
Oak Sapling,507,21
Oak Sapling,508,25
Oak Sapling,509,14
Oak Sapling,510,17
Oak Sapling,511,20
Oak Sapling,512,8
Oak Sapling,513,18
Oak Sapling,514,13
Oak Sapling,515,20
Oak Sapling,516,12
Oak Sapling,517,30
Oak Sapling,518,21
Oak Sapling,519,17
Oak Sapling,520,19
Oak Sapling,521,14
Oak Sapling,522,19
Oak Sapling,523,38
Oak Sapling,524,12
Oak Sapling,525,11
Oak Sapling,526,29
Oak Sapling,527,29
Oak Sapling,528,29
Oak Sapling,529,33
Oak Sapling,530,11
Oak Sapling,531,27
Oak Sapling,532,12
Oak Sapling,533,21
Oak Sapling,534,10
Oak Sapling,535,12
Oak Sapling,536,22
Oak Sapling,537,17
Oak Sapling,538,20
Oak Sapling,539,16
Oak Sapling,540,19
Oak Sapling,541,16
Oak Sapling,542,14
Oak Sapling,543,14
Oak Sapling,544,20
Oak Sapling,545,17
Oak Sapling,546,33
Oak Sapling,547,29
Oak Sapling,548,12
Oak Sapling,549,33
Oak Sapling,550,27
Oak Sapling,551,23
Oak Sapling,552,22
Oak Sapling,553,11
Oak Sapling,554,18
Oak Sapling,555,17
Oak Sapling,556,16
Oak Sapling,557,25
Oak Sapling,558,10
Oak Sapling,559,25
Oak Sapling,560,23
Oak Sapling,561,36
Oak Sapling,562,17
Oak Sapling,563,14
Oak Sapling,564,18
Oak Sapling,565,16
Oak Sapling,566,20
Oak Sapling,567,26
Oak Sapling,568,16
Oak Sapling,569,16
Oak Sapling,570,25
Oak Sapling,571,18
Oak Sapling,572,16
Oak Sapling,573,29
Oak Sapling,574,20
Oak Sapling,575,32
Oak Sapling,576,13
Oak Sapling,577,24
Oak Sapling,578,22
Oak Sapling,579,14
Oak Sapling,580,13
Oak Sapling,581,13
Oak Sapling,582,30
Oak Sapling,583,32
Oak Sapling,584,15
Oak Sapling,585,10
Oak Sapling,586,31
Oak Sapling,587,16
Oak Sapling,588,16
Oak Sapling,589,19
Oak Sapling,590,53
Oak Sapling,591,16
Oak Sapling,592,30
Oak Sapling,593,23
Oak Sapling,594,21
Oak Sapling,595,23
Oak Sapling,596,28
Oak Sapling,597,32
Oak Sapling,598,11
Oak Sapling,599,22
Oak Sapling,600,21
Oak Sapling,601,18
Oak Sapling,602,16
Oak Sapling,603,26
Oak Sapling,604,18
Oak Sapling,605,23
Oak Sapling,606,19
Oak Sapling,607,17
Oak Sapling,608,19
Oak Sapling,609,23
Oak Sapling,610,21
Oak Sapling,611,18
Oak Sapling,612,20
Oak Sapling,613,15
Oak Sapling,614,23
Oak Sapling,615,25
Oak Sapling,616,18
Oak Sapling,617,32
Oak Sapling,618,14
Oak Sapling,619,18
Oak Sapling,620,30
Oak Sapling,621,17
Oak Sapling,622,23
Oak Sapling,623,16
Oak Sapling,624,16
Oak Sapling,625,16
Oak Sapling,626,29
Oak Sapling,627,19
Oak Sapling,628,30
Oak Sapling,629,32
Oak Sapling,630,23
Oak Sapling,631,47
Oak Sapling,632,23
Oak Sapling,633,16
Oak Sapling,634,18
Oak Sapling,635,18
Oak Sapling,636,14
Oak Sapling,637,31
Oak Sapling,638,34
Oak Sapling,639,29
Oak Sapling,640,7
Oak Sapling,641,15
Oak Sapling,642,8
Oak Sapling,643,26
Oak Sapling,644,28
Oak Sapling,645,34
Oak Sapling,646,16
Oak Sapling,647,26
Oak Sapling,648,12
Oak Sapling,649,22
Oak Sapling,650,13
Oak Sapling,651,19
Oak Sapling,652,24
Oak Sapling,653,18
Oak Sapling,654,29
Oak Sapling,655,21
Oak Sapling,656,16
Oak Sapling,657,19
Oak Sapling,658,26
Oak Sapling,659,17
Oak Sapling,660,22
Oak Sapling,661,25
Oak Sapling,662,21
Oak Sapling,663,21
Oak Sapling,664,17
Oak Sapling,665,21
Oak Sapling,666,23
Oak Sapling,667,18
Oak Sapling,668,14
Oak Sapling,669,22
Oak Sapling,670,15
Oak Sapling,671,12
Oak Sapling,672,29
Oak Sapling,673,16
Oak Sapling,674,42
Oak Sapling,675,17
Oak Sapling,676,26
Oak Sapling,677,19
Oak Sapling,678,16
Oak Sapling,679,16
Oak Sapling,680,10
Oak Sapling,681,13
Oak Sapling,682,21
Oak Sapling,683,20
Oak Sapling,684,16
Oak Sapling,685,17
Oak Sapling,686,18
Oak Sapling,687,21
Oak Sapling,688,16
Oak Sapling,689,37
Oak Sapling,690,40
Oak Sapling,691,17
Oak Sapling,692,11
Oak Sapling,693,30
Oak Sapling,694,31
Oak Sapling,695,16
Oak Sapling,696,16
Oak Sapling,697,22
Oak Sapling,698,12
Oak Sapling,699,12
Oak Sapling,700,25
Oak Sapling,701,15
Oak Sapling,702,19
Oak Sapling,703,17
Oak Sapling,704,36
Oak Sapling,705,16
Oak Sapling,706,20
Oak Sapling,707,13
Oak Sapling,708,17
Oak Sapling,709,31
Oak Sapling,710,21
Oak Sapling,711,29
Oak Sapling,712,21
Oak Sapling,713,31
Oak Sapling,714,23
Oak Sapling,715,20
Oak Sapling,716,16
Oak Sapling,717,15
Oak Sapling,718,26
Oak Sapling,719,23
Oak Sapling,720,18
Oak Sapling,721,18
Oak Sapling,722,15
Oak Sapling,723,21
Oak Sapling,724,35
Oak Sapling,725,16
Oak Sapling,726,18
Oak Sapling,727,26
Oak Sapling,728,17
Oak Sapling,729,23
Oak Sapling,730,33
Oak Sapling,731,30
Oak Sapling,732,19
Oak Sapling,733,21
Oak Sapling,734,28
Oak Sapling,735,32
Oak Sapling,736,33
Oak Sapling,737,20
Oak Sapling,738,11
Oak Sapling,739,17
Oak Sapling,740,14
Oak Sapling,741,17
Oak Sapling,742,14
Oak Sapling,743,26
Oak Sapling,744,13
Oak Sapling,745,27
Oak Sapling,746,27
Oak Sapling,747,21
Oak Sapling,748,35
Oak Sapling,749,10
Oak Sapling,750,12
Oak Sapling,751,18
Oak Sapling,752,12
Oak Sapling,753,19
Oak Sapling,754,20
Oak Sapling,755,19
Oak Sapling,756,26
Oak Sapling,757,19
Oak Sapling,758,23
Oak Sapling,759,24
Oak Sapling,760,21
Oak Sapling,761,16
Oak Sapling,762,14
Oak Sapling,763,23
Oak Sapling,764,10
Oak Sapling,765,10
Oak Sapling,766,16
Oak Sapling,767,18
Oak Sapling,768,14
Oak Sapling,769,25
Oak Sapling,770,13
Oak Sapling,771,20
Oak Sapling,772,27
Oak Sapling,773,24
Oak Sapling,774,19
Oak Sapling,775,16
Oak Sapling,776,37
Oak Sapling,777,28
Oak Sapling,778,15
Oak Sapling,779,32
Oak Sapling,780,14
Oak Sapling,781,19
Oak Sapling,782,12
Oak Sapling,783,22
Oak Sapling,784,18
Oak Sapling,785,29
Oak Sapling,786,12
Oak Sapling,787,22
Oak Sapling,788,27
Oak Sapling,789,25
Oak Sapling,790,34
Oak Sapling,791,19
Oak Sapling,792,21
Oak Sapling,793,18
Oak Sapling,794,23
Oak Sapling,795,11
Oak Sapling,796,16
Oak Sapling,797,19
Oak Sapling,798,10
Oak Sapling,799,21
Oak Sapling,800,14
Oak Sapling,801,22
Oak Sapling,802,15
Oak Sapling,803,14
Oak Sapling,804,15
Oak Sapling,805,20
Oak Sapling,806,33
Oak Sapling,807,22
Oak Sapling,808,35
Oak Sapling,809,22
Oak Sapling,810,38
Oak Sapling,811,9
Oak Sapling,812,21
Oak Sapling,813,13
Oak Sapling,814,17
Oak Sapling,815,18
Oak Sapling,816,20
Oak Sapling,817,21
Oak Sapling,818,19
Oak Sapling,819,30
Oak Sapling,820,17
Oak Sapling,821,21
Oak Sapling,822,20
Oak Sapling,823,22
Oak Sapling,824,13
Oak Sapling,825,15
Oak Sapling,826,16
Oak Sapling,827,28
Oak Sapling,828,22
Oak Sapling,829,12
Oak Sapling,830,23
Oak Sapling,831,25
Oak Sapling,832,23
Oak Sapling,833,23
Oak Sapling,834,22
Oak Sapling,835,9
Oak Sapling,836,16
Oak Sapling,837,20
Oak Sapling,838,28
Oak Sapling,839,17
Oak Sapling,840,15
Oak Sapling,841,31
Oak Sapling,842,16
Oak Sapling,843,29
Oak Sapling,844,17
Oak Sapling,845,31
Oak Sapling,846,19
Oak Sapling,847,29
Oak Sapling,848,38
Oak Sapling,849,21
Oak Sapling,850,29
Oak Sapling,851,25
Oak Sapling,852,12
Oak Sapling,853,25
Oak Sapling,854,11
Oak Sapling,855,29
Oak Sapling,856,25
Oak Sapling,857,13
Oak Sapling,858,22
Oak Sapling,859,14
Oak Sapling,860,29
Oak Sapling,861,26
Oak Sapling,862,22
Oak Sapling,863,24
Oak Sapling,864,26
Oak Sapling,865,17
Oak Sapling,866,22
Oak Sapling,867,11
Oak Sapling,868,23
Oak Sapling,869,20
Oak Sapling,870,17
Oak Sapling,871,14
Oak Sapling,872,17
Oak Sapling,873,18
Oak Sapling,874,17
Oak Sapling,875,13
Oak Sapling,876,23
Oak Sapling,877,20
Oak Sapling,878,23
Oak Sapling,879,18
Oak Sapling,880,24
Oak Sapling,881,12
Oak Sapling,882,19
Oak Sapling,883,25
Oak Sapling,884,19
Oak Sapling,885,56
Oak Sapling,886,26
Oak Sapling,887,13
Oak Sapling,888,26
Oak Sapling,889,23
Oak Sapling,890,24
Oak Sapling,891,21
Oak Sapling,892,41
Oak Sapling,893,9
Oak Sapling,894,14
Oak Sapling,895,19
Oak Sapling,896,35
Oak Sapling,897,25
Oak Sapling,898,18
Oak Sapling,899,19
Oak Sapling,900,30
Oak Sapling,901,27
Oak Sapling,902,31
Oak Sapling,903,24
Oak Sapling,904,20
Oak Sapling,905,26
Oak Sapling,906,27
Oak Sapling,907,21
Oak Sapling,908,28
Oak Sapling,909,30
Oak Sapling,910,17
Oak Sapling,911,12
Oak Sapling,912,14
Oak Sapling,913,25
Oak Sapling,914,19
Oak Sapling,915,15
Oak Sapling,916,13
Oak Sapling,917,19
Oak Sapling,918,32
Oak Sapling,919,18
Oak Sapling,920,21
Oak Sapling,921,13
Oak Sapling,922,9
Oak Sapling,923,29
Oak Sapling,924,21
Oak Sapling,925,19
Oak Sapling,926,28
Oak Sapling,927,14
Oak Sapling,928,25
Oak Sapling,929,22
Oak Sapling,930,25
Oak Sapling,931,36
Oak Sapling,932,24
Oak Sapling,933,26
Oak Sapling,934,17
Oak Sapling,935,17
Oak Sapling,936,18
Oak Sapling,937,21
Oak Sapling,938,16
Oak Sapling,939,24
Oak Sapling,940,18
Oak Sapling,941,15
Oak Sapling,942,19
Oak Sapling,943,24
Oak Sapling,944,14
Oak Sapling,945,17
Oak Sapling,946,18
Oak Sapling,947,26
Oak Sapling,948,11
Oak Sapling,949,44
Oak Sapling,950,17
Oak Sapling,951,12
Oak Sapling,952,24
Oak Sapling,953,16
Oak Sapling,954,36
Oak Sapling,955,16
Oak Sapling,956,13
Oak Sapling,957,22
Oak Sapling,958,33
Oak Sapling,959,25
Oak Sapling,960,26
Oak Sapling,961,17
Oak Sapling,962,17
Oak Sapling,963,27
Oak Sapling,964,26
Oak Sapling,965,20
Oak Sapling,966,14
Oak Sapling,967,25
Oak Sapling,968,27
Oak Sapling,969,19
Oak Sapling,970,40
Oak Sapling,971,23
Oak Sapling,972,17
Oak Sapling,973,16
Oak Sapling,974,28
Oak Sapling,975,28
Oak Sapling,976,25
Oak Sapling,977,24
Oak Sapling,978,24
Oak Sapling,979,29
Oak Sapling,980,26
Oak Sapling,981,29
Oak Sapling,982,16
Oak Sapling,983,13
Oak Sapling,984,17
Oak Sapling,985,15
Oak Sapling,986,21
Oak Sapling,987,24
Oak Sapling,988,23
Oak Sapling,989,17
Oak Sapling,990,25
Oak Sapling,991,17
Oak Sapling,992,26
Oak Sapling,993,24
Oak Sapling,994,25
Oak Sapling,995,21
Oak Sapling,996,18
Oak Sapling,997,25
Oak Sapling,998,20
Oak Sapling,999,32
Oak Sapling,1000,27
Oak Sapling,1001,29
Oak Sapling,1002,19
Oak Sapling,1003,20
Oak Sapling,1004,19
Oak Sapling,1005,22
Oak Sapling,1006,22
Oak Sapling,1007,25
Oak Sapling,1008,17
Oak Sapling,1009,19
Oak Sapling,1010,29
Oak Sapling,1011,19
Oak Sapling,1012,19
Oak Sapling,1013,24
Oak Sapling,1014,14
Oak Sapling,1015,23
Oak Sapling,1016,25
Oak Sapling,1017,17
Oak Sapling,1018,16
Oak Sapling,1019,21
Oak Sapling,1020,19
Oak Sapling,1021,24
Oak Sapling,1022,29
Oak Sapling,1023,25
Oak Sapling,1024,20
Oak Sapling,1025,21
Oak Sapling,1026,33
Oak Sapling,1027,17
Oak Sapling,1028,14
Oak Sapling,1029,29
Oak Sapling,1030,17
Oak Sapling,1031,17
Oak Sapling,1032,19
Oak Sapling,1033,10
Oak Sapling,1034,18
Oak Sapling,1035,25
Oak Sapling,1036,25
Oak Sapling,1037,26
Oak Sapling,1038,23
Oak Sapling,1039,22
Oak Sapling,1040,24
Oak Sapling,1041,25
Oak Sapling,1042,18
Oak Sapling,1043,12
Oak Sapling,1044,18
Oak Sapling,1045,38
Oak Sapling,1046,27
Oak Sapling,1047,16
Oak Sapling,1048,16
Oak Sapling,1049,19
Oak Sapling,1050,13
Oak Sapling,1051,11
Oak Sapling,1052,16
Oak Sapling,1053,25
Oak Sapling,1054,17
Oak Sapling,1055,18
Oak Sapling,1056,13
Oak Sapling,1057,16
Oak Sapling,1058,19
Oak Sapling,1059,11
Oak Sapling,1060,18
Oak Sapling,1061,26
Oak Sapling,1062,32
Oak Sapling,1063,20
Oak Sapling,1064,12
Oak Sapling,1065,22
Oak Sapling,1066,39
Oak Sapling,1067,11
Oak Sapling,1068,32
Oak Sapling,1069,21
Oak Sapling,1070,11
Oak Sapling,1071,19
Oak Sapling,1072,16
Oak Sapling,1073,27
Oak Sapling,1074,18
Oak Sapling,1075,27
Oak Sapling,1076,21
Oak Sapling,1077,23
Oak Sapling,1078,8
Oak Sapling,1079,18
Oak Sapling,1080,23
Oak Sapling,1081,13
Oak Sapling,1082,15
Oak Sapling,1083,18
Oak Sapling,1084,15
Oak Sapling,1085,20
Oak Sapling,1086,12
Oak Sapling,1087,24
Oak Sapling,1088,19
Oak Sapling,1089,9
Oak Sapling,1090,30
Oak Sapling,1091,30
Oak Sapling,1092,14
Oak Sapling,1093,19
Oak Sapling,1094,22
Oak Sapling,1095,33
Oak Sapling,1096,26
Oak Sapling,1097,20
Oak Sapling,1098,24
Oak Sapling,1099,21
Oak Sapling,1100,17
Oak Sapling,1101,31
Oak Sapling,1102,15
Oak Sapling,1103,21
Oak Sapling,1104,20
Oak Sapling,1105,25
Oak Sapling,1106,33
Oak Sapling,1107,25
Oak Sapling,1108,17
Oak Sapling,1109,29
Oak Sapling,1110,17
Oak Sapling,1111,17
Oak Sapling,1112,20
Oak Sapling,1113,18
Oak Sapling,1114,26
Oak Sapling,1115,23
Oak Sapling,1116,20
Oak Sapling,1117,19
Oak Sapling,1118,31
Oak Sapling,1119,13
Oak Sapling,1120,18
Oak Sapling,1121,25
Oak Sapling,1122,26
Oak Sapling,1123,14
Oak Sapling,1124,30
Oak Sapling,1125,22
Oak Sapling,1126,23
Oak Sapling,1127,20
Oak Sapling,1128,13
Oak Sapling,1129,35
Oak Sapling,1130,14
Oak Sapling,1131,27
Oak Sapling,1132,21
Oak Sapling,1133,25
Oak Sapling,1134,20
Oak Sapling,1135,24
Oak Sapling,1136,15
Oak Sapling,1137,28
Oak Sapling,1138,17
Oak Sapling,1139,35
Oak Sapling,1140,27
Oak Sapling,1141,24
Oak Sapling,1142,20
Oak Sapling,1143,20
Oak Sapling,1144,22
Oak Sapling,1145,34
Oak Sapling,1146,19
Oak Sapling,1147,14
Oak Sapling,1148,24
Oak Sapling,1149,11
Oak Sapling,1150,14
Oak Sapling,1151,15
Oak Sapling,1152,20
Oak Sapling,1153,28
Oak Sapling,1154,24
Oak Sapling,1155,26
Oak Sapling,1156,26
Oak Sapling,1157,18
Oak Sapling,1158,21
Oak Sapling,1159,18
Oak Sapling,1160,15
Oak Sapling,1161,38
Oak Sapling,1162,13
Oak Sapling,1163,17
Oak Sapling,1164,16
Oak Sapling,1165,12
Oak Sapling,1166,18
Oak Sapling,1167,26
Oak Sapling,1168,27
Oak Sapling,1169,21
Oak Sapling,1170,20
Oak Sapling,1171,31
Oak Sapling,1172,28
Oak Sapling,1173,13
Oak Sapling,1174,20
Oak Sapling,1175,31
Oak Sapling,1176,13
Oak Sapling,1177,30
Oak Sapling,1178,19
Oak Sapling,1179,26
Oak Sapling,1180,23
Oak Sapling,1181,29
Oak Sapling,1182,16
Oak Sapling,1183,26
Oak Sapling,1184,19
Oak Sapling,1185,18
Oak Sapling,1186,16
Oak Sapling,1187,13
Oak Sapling,1188,29
Oak Sapling,1189,12
Oak Sapling,1190,20
Oak Sapling,1191,26
Oak Sapling,1192,13
Oak Sapling,1193,23
Oak Sapling,1194,15
Oak Sapling,1195,14
Oak Sapling,1196,11
Oak Sapling,1197,17
Oak Sapling,1198,12
Oak Sapling,1199,22
Oak Sapling,1200,32
Oak Sapling,1201,9
Oak Sapling,1202,28
Oak Sapling,1203,24
Oak Sapling,1204,28
Oak Sapling,1205,21
Oak Sapling,1206,19
Oak Sapling,1207,25
Oak Sapling,1208,22
Oak Sapling,1209,12
Oak Sapling,1210,20
Oak Sapling,1211,17
Oak Sapling,1212,20
Oak Sapling,1213,24
Oak Sapling,1214,20
Oak Sapling,1215,17
Oak Sapling,1216,14
Oak Sapling,1217,23
Oak Sapling,1218,26
Oak Sapling,1219,9
Oak Sapling,1220,13
Oak Sapling,1221,13
Oak Sapling,1222,16
Oak Sapling,1223,22
Oak Sapling,1224,26
Oak Sapling,1225,13
Oak Sapling,1226,33
Oak Sapling,1227,24
Oak Sapling,1228,30
Oak Sapling,1229,16
Oak Sapling,1230,28
Oak Sapling,1231,10
Oak Sapling,1232,28
Oak Sapling,1233,31
Oak Sapling,1234,16
Oak Sapling,1235,24
Oak Sapling,1236,14
Oak Sapling,1237,22
Oak Sapling,1238,27
Oak Sapling,1239,24
Oak Sapling,1240,21
Oak Sapling,1241,22
Oak Sapling,1242,27
Oak Sapling,1243,28
Oak Sapling,1244,21
Oak Sapling,1245,21
Oak Sapling,1246,29
Oak Sapling,1247,8
Oak Sapling,1248,15
Oak Sapling,1249,20
Oak Sapling,1250,19
Oak Sapling,1251,34
Oak Sapling,1252,26
Oak Sapling,1253,28
Oak Sapling,1254,26
Oak Sapling,1255,31
Oak Sapling,1256,25
Oak Sapling,1257,29
Oak Sapling,1258,15
Oak Sapling,1259,18
Oak Sapling,1260,12
Oak Sapling,1261,32
Oak Sapling,1262,25
Oak Sapling,1263,11
Oak Sapling,1264,16
Oak Sapling,1265,11
Oak Sapling,1266,11
Oak Sapling,1267,18
Oak Sapling,1268,17
Oak Sapling,1269,21
Oak Sapling,1270,13
Oak Sapling,1271,27
Oak Sapling,1272,14
Oak Sapling,1273,17
Oak Sapling,1274,15
Oak Sapling,1275,15
Oak Sapling,1276,30
Oak Sapling,1277,27
Oak Sapling,1278,35
Oak Sapling,1279,16
Oak Sapling,1280,16
Oak Sapling,1281,24
Oak Sapling,1282,23
Oak Sapling,1283,38
Oak Sapling,1284,36
Oak Sapling,1285,17
Oak Sapling,1286,32
Oak Sapling,1287,28
Oak Sapling,1288,22
Oak Sapling,1289,22
Oak Sapling,1290,16
Oak Sapling,1291,19
Oak Sapling,1292,24
Oak Sapling,1293,20
Oak Sapling,1294,15
Oak Sapling,1295,20
Oak Sapling,1296,17
Oak Sapling,1297,27
Oak Sapling,1298,17
Oak Sapling,1299,11
Oak Sapling,1300,19
Oak Sapling,1301,23
Oak Sapling,1302,10
Oak Sapling,1303,16
Oak Sapling,1304,14
Oak Sapling,1305,13
Oak Sapling,1306,21
Oak Sapling,1307,38
Oak Sapling,1308,24
Oak Sapling,1309,16
Oak Sapling,1310,12
Oak Sapling,1311,23
Oak Sapling,1312,10
Oak Sapling,1313,20
Oak Sapling,1314,15
Oak Sapling,1315,28
Oak Sapling,1316,18
Oak Sapling,1317,17
Oak Sapling,1318,27
Oak Sapling,1319,11
Oak Sapling,1320,21
Oak Sapling,1321,22
Oak Sapling,1322,16
Oak Sapling,1323,16
Oak Sapling,1324,21
Oak Sapling,1325,18
Oak Sapling,1326,18
Oak Sapling,1327,19
Oak Sapling,1328,18
Oak Sapling,1329,15
Oak Sapling,1330,27
Oak Sapling,1331,25
Oak Sapling,1332,38
Oak Sapling,1333,19
Oak Sapling,1334,11
Oak Sapling,1335,30
Oak Sapling,1336,9
Oak Sapling,1337,18
Oak Sapling,1338,12
Oak Sapling,1339,32
Oak Sapling,1340,17
Oak Sapling,1341,22
Oak Sapling,1342,21
Oak Sapling,1343,26
Oak Sapling,1344,15
Oak Sapling,1345,18
Oak Sapling,1346,14
Oak Sapling,1347,12
Oak Sapling,1348,23
Oak Sapling,1349,8
Oak Sapling,1350,30
Oak Sapling,1351,18
Oak Sapling,1352,24
Oak Sapling,1353,25
Oak Sapling,1354,18
Oak Sapling,1355,26
Oak Sapling,1356,19
Oak Sapling,1357,23
Oak Sapling,1358,12
Oak Sapling,1359,17
Oak Sapling,1360,15
Oak Sapling,1361,19
Oak Sapling,1362,19
Oak Sapling,1363,11
Oak Sapling,1364,19
Oak Sapling,1365,28
Oak Sapling,1366,15
Oak Sapling,1367,23
Oak Sapling,1368,17
Oak Sapling,1369,21
Oak Sapling,1370,22
Oak Sapling,1371,23
Oak Sapling,1372,24
Oak Sapling,1373,15
Oak Sapling,1374,14
Oak Sapling,1375,29
Oak Sapling,1376,18
Oak Sapling,1377,17
Oak Sapling,1378,16
Oak Sapling,1379,21
Oak Sapling,1380,14
Oak Sapling,1381,34
Oak Sapling,1382,19
Oak Sapling,1383,28
Oak Sapling,1384,20
Oak Sapling,1385,27
Oak Sapling,1386,14
Oak Sapling,1387,11
Oak Sapling,1388,28
Oak Sapling,1389,23
Oak Sapling,1390,25
Oak Sapling,1391,27
Oak Sapling,1392,19
Oak Sapling,1393,41
Oak Sapling,1394,22
Oak Sapling,1395,16
Oak Sapling,1396,20
Oak Sapling,1397,17
Oak Sapling,1398,18
Oak Sapling,1399,19
Oak Sapling,1400,27
Oak Sapling,1401,14
Oak Sapling,1402,31
Oak Sapling,1403,19
Oak Sapling,1404,20
Oak Sapling,1405,13
Oak Sapling,1406,20
Oak Sapling,1407,31
Oak Sapling,1408,15
Oak Sapling,1409,19
Oak Sapling,1410,15
Oak Sapling,1411,20
Oak Sapling,1412,29
Oak Sapling,1413,24
Oak Sapling,1414,26
Oak Sapling,1415,30
Oak Sapling,1416,16
Oak Sapling,1417,22
Oak Sapling,1418,20
Oak Sapling,1419,24
Oak Sapling,1420,10
Oak Sapling,1421,19
Oak Sapling,1422,31
Oak Sapling,1423,27
Oak Sapling,1424,28
Oak Sapling,1425,16
Oak Sapling,1426,9
Oak Sapling,1427,28
Oak Sapling,1428,19
Oak Sapling,1429,31
Oak Sapling,1430,32
Oak Sapling,1431,15
Oak Sapling,1432,31
Oak Sapling,1433,18
Oak Sapling,1434,22
Oak Sapling,1435,30
Oak Sapling,1436,16
Oak Sapling,1437,16
Oak Sapling,1438,25
Oak Sapling,1439,24
Oak Sapling,1440,13
Oak Sapling,1441,22
Oak Sapling,1442,34
Oak Sapling,1443,19
Oak Sapling,1444,37
Oak Sapling,1445,21
Oak Sapling,1446,29
Oak Sapling,1447,11
Oak Sapling,1448,25
Oak Sapling,1449,14
Oak Sapling,1450,21
Oak Sapling,1451,13
Oak Sapling,1452,12
Oak Sapling,1453,18
Oak Sapling,1454,17
Oak Sapling,1455,47
Oak Sapling,1456,17
Oak Sapling,1457,11
Oak Sapling,1458,12
Oak Sapling,1459,20
Oak Sapling,1460,13
Oak Sapling,1461,30
Oak Sapling,1462,28
Oak Sapling,1463,16
Oak Sapling,1464,22
Oak Sapling,1465,14
Oak Sapling,1466,17
Oak Sapling,1467,22
Oak Sapling,1468,23
Oak Sapling,1469,25
Oak Sapling,1470,28
Oak Sapling,1471,18
Oak Sapling,1472,23
Oak Sapling,1473,23
Oak Sapling,1474,18
Oak Sapling,1475,31
Oak Sapling,1476,26
Oak Sapling,1477,14
Oak Sapling,1478,19
Oak Sapling,1479,23
Oak Sapling,1480,18
Oak Sapling,1481,14
Oak Sapling,1482,15
Oak Sapling,1483,15
Oak Sapling,1484,19
Oak Sapling,1485,14
Oak Sapling,1486,24
Oak Sapling,1487,29
Oak Sapling,1488,24
Oak Sapling,1489,20
Oak Sapling,1490,17
Oak Sapling,1491,20
Oak Sapling,1492,14
Oak Sapling,1493,16
Oak Sapling,1494,27
Oak Sapling,1495,43
Oak Sapling,1496,18
Oak Sapling,1497,14
Oak Sapling,1498,11
Oak Sapling,1499,21
Oak Sapling,1500,19
Oak Sapling,1501,14
Oak Sapling,1502,18
Oak Sapling,1503,23
Oak Sapling,1504,21
Oak Sapling,1505,22
Oak Sapling,1506,16
Oak Sapling,1507,22
Oak Sapling,1508,40
Oak Sapling,1509,19
Oak Sapling,1510,20
Oak Sapling,1511,18
Oak Sapling,1512,24
Oak Sapling,1513,32
Oak Sapling,1514,20
Oak Sapling,1515,21
Oak Sapling,1516,14
Oak Sapling,1517,16
Oak Sapling,1518,35
Oak Sapling,1519,30
Oak Sapling,1520,15
Oak Sapling,1521,15
Oak Sapling,1522,20
Oak Sapling,1523,19
Oak Sapling,1524,21
Oak Sapling,1525,34
Oak Sapling,1526,22
Oak Sapling,1527,29
Oak Sapling,1528,19
Oak Sapling,1529,14
Oak Sapling,1530,17
Oak Sapling,1531,28
Oak Sapling,1532,14
Oak Sapling,1533,12
Oak Sapling,1534,14
Oak Sapling,1535,18
Oak Sapling,1536,19
Oak Sapling,1537,26
Oak Sapling,1538,8
Oak Sapling,1539,21
Oak Sapling,1540,12
Oak Sapling,1541,26
Oak Sapling,1542,20
Oak Sapling,1543,20
Oak Sapling,1544,20
Oak Sapling,1545,19
Oak Sapling,1546,24
Oak Sapling,1547,15
Oak Sapling,1548,23
Oak Sapling,1549,34
Oak Sapling,1550,29
Oak Sapling,1551,34
Oak Sapling,1552,20
Oak Sapling,1553,18
Oak Sapling,1554,22
Oak Sapling,1555,16
Oak Sapling,1556,30
Oak Sapling,1557,27
Oak Sapling,1558,15
Oak Sapling,1559,11
Oak Sapling,1560,15
Oak Sapling,1561,33
Oak Sapling,1562,24
Oak Sapling,1563,20
Oak Sapling,1564,24
Oak Sapling,1565,21
Oak Sapling,1566,20
Oak Sapling,1567,22
Oak Sapling,1568,18
Oak Sapling,1569,24
Oak Sapling,1570,23
Oak Sapling,1571,20
Oak Sapling,1572,21
Oak Sapling,1573,23
Oak Sapling,1574,9
Oak Sapling,1575,23
Oak Sapling,1576,11
Oak Sapling,1577,25
Oak Sapling,1578,31
Oak Sapling,1579,24
Oak Sapling,1580,19
Oak Sapling,1581,26
Oak Sapling,1582,16
Oak Sapling,1583,17
Oak Sapling,1584,15
Oak Sapling,1585,15
Oak Sapling,1586,15
Oak Sapling,1587,27
Oak Sapling,1588,24
Oak Sapling,1589,21
Oak Sapling,1590,16
Oak Sapling,1591,16
Oak Sapling,1592,14
Oak Sapling,1593,30
Oak Sapling,1594,17
Oak Sapling,1595,24
Oak Sapling,1596,36
Oak Sapling,1597,29
Oak Sapling,1598,24
Oak Sapling,1599,11
Oak Sapling,1600,21
Oak Sapling,1601,19
Oak Sapling,1602,19
Oak Sapling,1603,16
Oak Sapling,1604,16
Oak Sapling,1605,22
Oak Sapling,1606,16
Oak Sapling,1607,22
Oak Sapling,1608,21
Oak Sapling,1609,17
Oak Sapling,1610,18
Oak Sapling,1611,13
Oak Sapling,1612,16
Oak Sapling,1613,26
Oak Sapling,1614,12
Oak Sapling,1615,31
Oak Sapling,1616,14
Oak Sapling,1617,16
Oak Sapling,1618,15
Oak Sapling,1619,27
Oak Sapling,1620,31
Oak Sapling,1621,16
Oak Sapling,1622,18
Oak Sapling,1623,18
Oak Sapling,1624,15
Oak Sapling,1625,17
Oak Sapling,1626,26
Oak Sapling,1627,17
Oak Sapling,1628,17
Oak Sapling,1629,17
Oak Sapling,1630,33
Oak Sapling,1631,16
Oak Sapling,1632,12
Oak Sapling,1633,19
Oak Sapling,1634,14
Oak Sapling,1635,16
Oak Sapling,1636,24
Oak Sapling,1637,18
Oak Sapling,1638,22
Oak Sapling,1639,21
Oak Sapling,1640,18
Oak Sapling,1641,21
Oak Sapling,1642,15
Oak Sapling,1643,11
Oak Sapling,1644,16
Oak Sapling,1645,28
Oak Sapling,1646,10
Oak Sapling,1647,16
Oak Sapling,1648,15
Oak Sapling,1649,19
Oak Sapling,1650,22
Oak Sapling,1651,10
Oak Sapling,1652,29
Oak Sapling,1653,13
Oak Sapling,1654,12
Oak Sapling,1655,17
Oak Sapling,1656,24
Oak Sapling,1657,19
Oak Sapling,1658,28
Oak Sapling,1659,15
Oak Sapling,1660,15
Oak Sapling,1661,24
Oak Sapling,1662,13
Oak Sapling,1663,18
Oak Sapling,1664,21
Oak Sapling,1665,34
Oak Sapling,1666,9
Oak Sapling,1667,10
Oak Sapling,1668,20
Oak Sapling,1669,10
Oak Sapling,1670,20
Oak Sapling,1671,15
Oak Sapling,1672,14
Oak Sapling,1673,23
Oak Sapling,1674,18
Oak Sapling,1675,16
Oak Sapling,1676,27
Oak Sapling,1677,18
Oak Sapling,1678,21
Oak Sapling,1679,35
Oak Sapling,1680,13
Oak Sapling,1681,15
Oak Sapling,1682,14
Oak Sapling,1683,16
Oak Sapling,1684,21
Oak Sapling,1685,39
Oak Sapling,1686,25
Oak Sapling,1687,35
Oak Sapling,1688,19
Oak Sapling,1689,19
Oak Sapling,1690,21
Oak Sapling,1691,15
Oak Sapling,1692,22
Oak Sapling,1693,10
Oak Sapling,1694,16
Oak Sapling,1695,22
Oak Sapling,1696,25
Oak Sapling,1697,16
Oak Sapling,1698,24
Oak Sapling,1699,13
Oak Sapling,1700,20
Oak Sapling,1701,21
Oak Sapling,1702,10
Oak Sapling,1703,25
Oak Sapling,1704,21
Oak Sapling,1705,27
Oak Sapling,1706,15
Oak Sapling,1707,15
Oak Sapling,1708,20
Oak Sapling,1709,25
Oak Sapling,1710,27
Oak Sapling,1711,39
Oak Sapling,1712,19
Oak Sapling,1713,16
Oak Sapling,1714,29
Oak Sapling,1715,27
Oak Sapling,1716,12
Oak Sapling,1717,18
Oak Sapling,1718,17
Oak Sapling,1719,16
Oak Sapling,1720,35
Oak Sapling,1721,18
Oak Sapling,1722,23
Oak Sapling,1723,19
Oak Sapling,1724,18
Oak Sapling,1725,34
Oak Sapling,1726,22
Oak Sapling,1727,12
Oak Sapling,1728,17
Oak Sapling,1729,9
Oak Sapling,1730,18
Oak Sapling,1731,22
Oak Sapling,1732,14
Oak Sapling,1733,22
Oak Sapling,1734,21
Oak Sapling,1735,18
Oak Sapling,1736,19
Oak Sapling,1737,20
Oak Sapling,1738,25
Oak Sapling,1739,19
Oak Sapling,1740,19
Oak Sapling,1741,41
Oak Sapling,1742,37
Oak Sapling,1743,17
Oak Sapling,1744,13
Oak Sapling,1745,17
Oak Sapling,1746,29
Oak Sapling,1747,17
Oak Sapling,1748,25
Oak Sapling,1749,26
Oak Sapling,1750,20
Oak Sapling,1751,17
Oak Sapling,1752,30
Oak Sapling,1753,18
Oak Sapling,1754,32
Oak Sapling,1755,16
Oak Sapling,1756,37
Oak Sapling,1757,14
Oak Sapling,1758,27
Oak Sapling,1759,32
Oak Sapling,1760,15
Oak Sapling,1761,32
Oak Sapling,1762,26
Oak Sapling,1763,30
Oak Sapling,1764,21
Oak Sapling,1765,34
Oak Sapling,1766,26
Oak Sapling,1767,25
Oak Sapling,1768,16
Oak Sapling,1769,18
Oak Sapling,1770,26
Oak Sapling,1771,16
Oak Sapling,1772,42
Oak Sapling,1773,21
Oak Sapling,1774,18
Oak Sapling,1775,23
Oak Sapling,1776,34
Oak Sapling,1777,16
Oak Sapling,1778,21
Oak Sapling,1779,36
Oak Sapling,1780,31
Oak Sapling,1781,25
Oak Sapling,1782,23
Oak Sapling,1783,29
Oak Sapling,1784,18
Oak Sapling,1785,22
Oak Sapling,1786,17
Oak Sapling,1787,21
Oak Sapling,1788,17
Oak Sapling,1789,28
Oak Sapling,1790,16
Oak Sapling,1791,16
Oak Sapling,1792,17
Oak Sapling,1793,33
Oak Sapling,1794,25
Oak Sapling,1795,16
Oak Sapling,1796,31
Oak Sapling,1797,29
Oak Sapling,1798,15
Oak Sapling,1799,39
Oak Sapling,1800,21
Oak Sapling,1801,23
Oak Sapling,1802,32
Oak Sapling,1803,46
Oak Sapling,1804,14
Oak Sapling,1805,14
Oak Sapling,1806,43
Oak Sapling,1807,14
Oak Sapling,1808,19
Oak Sapling,1809,22
Oak Sapling,1810,19
Oak Sapling,1811,25
Oak Sapling,1812,23
Oak Sapling,1813,15
Oak Sapling,1814,19
Oak Sapling,1815,20
Oak Sapling,1816,15
Oak Sapling,1817,12
Oak Sapling,1818,20
Oak Sapling,1819,31
Oak Sapling,1820,8
Oak Sapling,1821,15
Oak Sapling,1822,20
Oak Sapling,1823,23
Oak Sapling,1824,12
Oak Sapling,1825,40
Oak Sapling,1826,30
Oak Sapling,1827,12
Oak Sapling,1828,31
Oak Sapling,1829,13
Oak Sapling,1830,18
Oak Sapling,1831,14
Oak Sapling,1832,30
Oak Sapling,1833,19
Oak Sapling,1834,33
Oak Sapling,1835,34
Oak Sapling,1836,15
Oak Sapling,1837,40
Oak Sapling,1838,39
Oak Sapling,1839,25
Oak Sapling,1840,19
Oak Sapling,1841,50
Oak Sapling,1842,27
Oak Sapling,1843,20
Oak Sapling,1844,19
Oak Sapling,1845,14
Oak Sapling,1846,35
Oak Sapling,1847,18
Oak Sapling,1848,12
Oak Sapling,1849,21
Oak Sapling,1850,10
Oak Sapling,1851,18
Oak Sapling,1852,23
Oak Sapling,1853,20
Oak Sapling,1854,18
Oak Sapling,1855,20
Oak Sapling,1856,30
Oak Sapling,1857,17
Oak Sapling,1858,25
Oak Sapling,1859,8
Oak Sapling,1860,25
Oak Sapling,1861,24
Oak Sapling,1862,14
Oak Sapling,1863,19
Oak Sapling,1864,9
Oak Sapling,1865,20
Oak Sapling,1866,38
Oak Sapling,1867,12
Oak Sapling,1868,29
Oak Sapling,1869,12
Oak Sapling,1870,13
Oak Sapling,1871,20
Oak Sapling,1872,19
Oak Sapling,1873,20
Oak Sapling,1874,47
Oak Sapling,1875,22
Oak Sapling,1876,18
Oak Sapling,1877,32
Oak Sapling,1878,16
Oak Sapling,1879,16
Oak Sapling,1880,18
Oak Sapling,1881,26
Oak Sapling,1882,23
Oak Sapling,1883,19
Oak Sapling,1884,25
Oak Sapling,1885,21
Oak Sapling,1886,23
Oak Sapling,1887,31
Oak Sapling,1888,31
Oak Sapling,1889,13
Oak Sapling,1890,23
Oak Sapling,1891,19
Oak Sapling,1892,29
Oak Sapling,1893,14
Oak Sapling,1894,9
Oak Sapling,1895,22
Oak Sapling,1896,11
Oak Sapling,1897,11
Oak Sapling,1898,21
Oak Sapling,1899,13
Oak Sapling,1900,27
Oak Sapling,1901,15
Oak Sapling,1902,14
Oak Sapling,1903,10
Oak Sapling,1904,20
Oak Sapling,1905,44
Oak Sapling,1906,23
Oak Sapling,1907,27
Oak Sapling,1908,21
Oak Sapling,1909,35
Oak Sapling,1910,25
Oak Sapling,1911,22
Oak Sapling,1912,34
Oak Sapling,1913,20
Oak Sapling,1914,23
Oak Sapling,1915,9
Oak Sapling,1916,31
Oak Sapling,1917,17
Oak Sapling,1918,17
Oak Sapling,1919,17
Oak Sapling,1920,17
Oak Sapling,1921,40
Oak Sapling,1922,34
Oak Sapling,1923,16
Oak Sapling,1924,12
Oak Sapling,1925,9
Oak Sapling,1926,23
Oak Sapling,1927,16
Oak Sapling,1928,19
Oak Sapling,1929,25
Oak Sapling,1930,12
Oak Sapling,1931,14
Oak Sapling,1932,24
Oak Sapling,1933,16
Oak Sapling,1934,25
Oak Sapling,1935,20
Oak Sapling,1936,25
Oak Sapling,1937,36
Oak Sapling,1938,20
Oak Sapling,1939,38
Oak Sapling,1940,12
Oak Sapling,1941,16
Oak Sapling,1942,30
Oak Sapling,1943,15
Oak Sapling,1944,19
Oak Sapling,1945,22
Oak Sapling,1946,10
Oak Sapling,1947,27
Oak Sapling,1948,26
Oak Sapling,1949,17
Oak Sapling,1950,16
Oak Sapling,1951,16
Oak Sapling,1952,23
Oak Sapling,1953,25
Oak Sapling,1954,23
Oak Sapling,1955,43
Oak Sapling,1956,28
Oak Sapling,1957,24
Oak Sapling,1958,20
Oak Sapling,1959,25
Oak Sapling,1960,25
Oak Sapling,1961,36
Oak Sapling,1962,11
Oak Sapling,1963,18
Oak Sapling,1964,18
Oak Sapling,1965,31
Oak Sapling,1966,28
Oak Sapling,1967,13
Oak Sapling,1968,25
Oak Sapling,1969,28
Oak Sapling,1970,17
Oak Sapling,1971,18
Oak Sapling,1972,13
Oak Sapling,1973,18
Oak Sapling,1974,10
Oak Sapling,1975,17
Oak Sapling,1976,21
Oak Sapling,1977,13
Oak Sapling,1978,31
Oak Sapling,1979,22
Oak Sapling,1980,17
Oak Sapling,1981,15
Oak Sapling,1982,26
Oak Sapling,1983,25
Oak Sapling,1984,18
Oak Sapling,1985,22
Oak Sapling,1986,23
Oak Sapling,1987,11
Oak Sapling,1988,14
Oak Sapling,1989,21
Oak Sapling,1990,24
Oak Sapling,1991,9
Oak Sapling,1992,17
Oak Sapling,1993,19
Oak Sapling,1994,22
Oak Sapling,1995,26
Oak Sapling,1996,31
Oak Sapling,1997,30
Oak Sapling,1998,14
Oak Sapling,1999,35
Oak Sapling,2000,13
Oak Sapling,2001,19
Oak Sapling,2002,32
Oak Sapling,2003,15
Oak Sapling,2004,28
Oak Sapling,2005,18
Oak Sapling,2006,34
Oak Sapling,2007,21
Oak Sapling,2008,20
Oak Sapling,2009,17
Oak Sapling,2010,13
Oak Sapling,2011,20
Oak Sapling,2012,30
Oak Sapling,2013,21
Oak Sapling,2014,38
Oak Sapling,2015,22
Oak Sapling,2016,19
Oak Sapling,2017,37
Oak Sapling,2018,31
Oak Sapling,2019,35
Oak Sapling,2020,18
Oak Sapling,2021,19
Oak Sapling,2022,16
Oak Sapling,2023,45
Oak Sapling,2024,22
Oak Sapling,2025,20
Oak Sapling,2026,20
Oak Sapling,2027,19
Oak Sapling,2028,23
Oak Sapling,2029,16
Oak Sapling,2030,15
Oak Sapling,2031,25
Oak Sapling,2032,14
Oak Sapling,2033,19
Oak Sapling,2034,15
Oak Sapling,2035,15
Oak Sapling,2036,19
Oak Sapling,2037,25
Oak Sapling,2038,23
Oak Sapling,2039,13
Oak Sapling,2040,19
Oak Sapling,2041,18
Oak Sapling,2042,26
Oak Sapling,2043,23
Oak Sapling,2044,20
Oak Sapling,2045,21
Oak Sapling,2046,25
Oak Sapling,2047,23
Oak Sapling,2048,17
Oak Sapling,2049,33
Oak Sapling,2050,12
Oak Sapling,2051,22
Oak Sapling,2052,29
Oak Sapling,2053,18
Oak Sapling,2054,24
Oak Sapling,2055,21
Oak Sapling,2056,23
Oak Sapling,2057,28
Oak Sapling,2058,33
Oak Sapling,2059,20
Oak Sapling,2060,23
Oak Sapling,2061,17
Oak Sapling,2062,12
Oak Sapling,2063,12
Oak Sapling,2064,21
Oak Sapling,2065,15
Oak Sapling,2066,16
Oak Sapling,2067,25
Oak Sapling,2068,17
Oak Sapling,2069,34
Oak Sapling,2070,18
Oak Sapling,2071,14
Oak Sapling,2072,18
Oak Sapling,2073,26
Oak Sapling,2074,24
Oak Sapling,2075,19
Oak Sapling,2076,24
Oak Sapling,2077,11
Oak Sapling,2078,10
Oak Sapling,2079,18
Oak Sapling,2080,24
Oak Sapling,2081,19
Oak Sapling,2082,35
Oak Sapling,2083,17
Oak Sapling,2084,23
Oak Sapling,2085,17
Oak Sapling,2086,15
Oak Sapling,2087,21
Oak Sapling,2088,32
Oak Sapling,2089,24
Oak Sapling,2090,28
Oak Sapling,2091,22
Oak Sapling,2092,19
Oak Sapling,2093,17
Oak Sapling,2094,9
Oak Sapling,2095,21
Oak Sapling,2096,15
Oak Sapling,2097,12
Oak Sapling,2098,20
Oak Sapling,2099,19
Oak Sapling,2100,19
Oak Sapling,2101,30
Oak Sapling,2102,31
Oak Sapling,2103,30
Oak Sapling,2104,17
Oak Sapling,2105,13
Oak Sapling,2106,13
Oak Sapling,2107,16
Oak Sapling,2108,15
Oak Sapling,2109,14
Oak Sapling,2110,25
Oak Sapling,2111,23
Oak Sapling,2112,25
Oak Sapling,2113,20
Oak Sapling,2114,26
Oak Sapling,2115,12
Oak Sapling,2116,14
Oak Sapling,2117,14
Oak Sapling,2118,21
Oak Sapling,2119,18
Oak Sapling,2120,24
Oak Sapling,2121,23
Oak Sapling,2122,18
Oak Sapling,2123,11
Oak Sapling,2124,26
Oak Sapling,2125,22
Oak Sapling,2126,12
Oak Sapling,2127,20
Oak Sapling,2128,10
Oak Sapling,2129,19
Oak Sapling,2130,22
Oak Sapling,2131,29
Oak Sapling,2132,38
Oak Sapling,2133,23
Oak Sapling,2134,27
Oak Sapling,2135,33
Oak Sapling,2136,23
Oak Sapling,2137,9
Oak Sapling,2138,31
Oak Sapling,2139,32
Oak Sapling,2140,18
Oak Sapling,2141,19
Oak Sapling,2142,22
Oak Sapling,2143,10
Oak Sapling,2144,18
Oak Sapling,2145,24
Oak Sapling,2146,21
Oak Sapling,2147,26
Oak Sapling,2148,23
Oak Sapling,2149,33
Oak Sapling,2150,32
Oak Sapling,2151,28
Oak Sapling,2152,15
Oak Sapling,2153,22
Oak Sapling,2154,14
Oak Sapling,2155,16
Oak Sapling,2156,30
Oak Sapling,2157,27
Oak Sapling,2158,40
Oak Sapling,2159,12
Oak Sapling,2160,18
Oak Sapling,2161,20
Oak Sapling,2162,25
Oak Sapling,2163,20
Oak Sapling,2164,15
Oak Sapling,2165,11
Oak Sapling,2166,19
Oak Sapling,2167,11
Oak Sapling,2168,22
Oak Sapling,2169,17
Oak Sapling,2170,15
Oak Sapling,2171,24
Oak Sapling,2172,19
Oak Sapling,2173,10
Oak Sapling,2174,24
Oak Sapling,2175,22
Oak Sapling,2176,19
Oak Sapling,2177,24
Oak Sapling,2178,17
Oak Sapling,2179,15
Oak Sapling,2180,28
Oak Sapling,2181,29
Oak Sapling,2182,25
Oak Sapling,2183,22
Oak Sapling,2184,31
Oak Sapling,2185,19
Oak Sapling,2186,21
Oak Sapling,2187,22
Oak Sapling,2188,19
Oak Sapling,2189,18
Oak Sapling,2190,24
Oak Sapling,2191,12
Oak Sapling,2192,17
Oak Sapling,2193,27
Oak Sapling,2194,26
Oak Sapling,2195,29
Oak Sapling,2196,20
Oak Sapling,2197,24
Oak Sapling,2198,25
Oak Sapling,2199,14
Oak Sapling,2200,13
Oak Sapling,2201,20
Oak Sapling,2202,14
Oak Sapling,2203,20
Oak Sapling,2204,17
Oak Sapling,2205,26
Oak Sapling,2206,14
Oak Sapling,2207,33
Oak Sapling,2208,18
Oak Sapling,2209,23
Oak Sapling,2210,15
Oak Sapling,2211,14
Oak Sapling,2212,13
Oak Sapling,2213,19
Oak Sapling,2214,9
Oak Sapling,2215,18
Oak Sapling,2216,16
Oak Sapling,2217,18
Oak Sapling,2218,22
Oak Sapling,2219,14
Oak Sapling,2220,32
Oak Sapling,2221,37
Oak Sapling,2222,17
Oak Sapling,2223,31
Oak Sapling,2224,16
Oak Sapling,2225,17
Oak Sapling,2226,22
Oak Sapling,2227,17
Oak Sapling,2228,21
Oak Sapling,2229,22
Oak Sapling,2230,20
Oak Sapling,2231,19
Oak Sapling,2232,18
Oak Sapling,2233,25
Oak Sapling,2234,22
Oak Sapling,2235,28
Oak Sapling,2236,23
Oak Sapling,2237,28
Oak Sapling,2238,28
Oak Sapling,2239,18
Oak Sapling,2240,28
Oak Sapling,2241,10
Oak Sapling,2242,36
Oak Sapling,2243,30
Oak Sapling,2244,18
Oak Sapling,2245,18
Oak Sapling,2246,27
Oak Sapling,2247,17
Oak Sapling,2248,14
Oak Sapling,2249,17
Oak Sapling,2250,22
Oak Sapling,2251,24
Oak Sapling,2252,14
Oak Sapling,2253,16
Oak Sapling,2254,28
Oak Sapling,2255,14
Oak Sapling,2256,15
Oak Sapling,2257,14
Oak Sapling,2258,19
Oak Sapling,2259,27
Oak Sapling,2260,12
Oak Sapling,2261,19
Oak Sapling,2262,23
Oak Sapling,2263,25
Oak Sapling,2264,32
Oak Sapling,2265,17
Oak Sapling,2266,22
Oak Sapling,2267,38
Oak Sapling,2268,22
Oak Sapling,2269,32
Oak Sapling,2270,15
Oak Sapling,2271,14
Oak Sapling,2272,11
Oak Sapling,2273,21
Oak Sapling,2274,20
Oak Sapling,2275,19
Oak Sapling,2276,27
Oak Sapling,2277,32
Oak Sapling,2278,16
Oak Sapling,2279,17
Oak Sapling,2280,14
Oak Sapling,2281,14
Oak Sapling,2282,24
Oak Sapling,2283,22
Oak Sapling,2284,12
Oak Sapling,2285,32
Oak Sapling,2286,13
Oak Sapling,2287,19
Oak Sapling,2288,28
Oak Sapling,2289,22
Oak Sapling,2290,25
Oak Sapling,2291,13
Oak Sapling,2292,21
Oak Sapling,2293,21
Oak Sapling,2294,19
Oak Sapling,2295,20
Oak Sapling,2296,13
Oak Sapling,2297,21
Oak Sapling,2298,14
Oak Sapling,2299,18
Oak Sapling,2300,19
Oak Sapling,2301,22
Oak Sapling,2302,18
Oak Sapling,2303,17
Oak Sapling,2304,13
Oak Sapling,2305,13
Oak Sapling,2306,15
Oak Sapling,2307,20
Oak Sapling,2308,24
Oak Sapling,2309,23
Oak Sapling,2310,17
Oak Sapling,2311,16
Oak Sapling,2312,14
Oak Sapling,2313,23
Oak Sapling,2314,24
Oak Sapling,2315,23
Oak Sapling,2316,20
Oak Sapling,2317,19
Oak Sapling,2318,16
Oak Sapling,2319,14
Oak Sapling,2320,17
Oak Sapling,2321,16
Oak Sapling,2322,15
Oak Sapling,2323,25
Oak Sapling,2324,21
Oak Sapling,2325,20
Oak Sapling,2326,13
Oak Sapling,2327,19
Oak Sapling,2328,14
Oak Sapling,2329,15
Oak Sapling,2330,20
Oak Sapling,2331,18
Oak Sapling,2332,19
Oak Sapling,2333,16
Oak Sapling,2334,25
Oak Sapling,2335,18
Oak Sapling,2336,19
Oak Sapling,2337,15
Oak Sapling,2338,20
Oak Sapling,2339,16
Oak Sapling,2340,15
Oak Sapling,2341,19
Oak Sapling,2342,31
Oak Sapling,2343,13
Oak Sapling,2344,20
Oak Sapling,2345,18
Oak Sapling,2346,20
Oak Sapling,2347,19
Oak Sapling,2348,20
Oak Sapling,2349,27
Oak Sapling,2350,19
Oak Sapling,2351,25
Oak Sapling,2352,22
Oak Sapling,2353,32
Oak Sapling,2354,26
Oak Sapling,2355,28
Oak Sapling,2356,17
Oak Sapling,2357,24
Oak Sapling,2358,21
Oak Sapling,2359,10
Oak Sapling,2360,18
Oak Sapling,2361,20
Oak Sapling,2362,12
Oak Sapling,2363,30
Oak Sapling,2364,24
Oak Sapling,2365,14
Oak Sapling,2366,30
Oak Sapling,2367,16
Oak Sapling,2368,32
Oak Sapling,2369,31
Oak Sapling,2370,18
Oak Sapling,2371,25
Oak Sapling,2372,21
Oak Sapling,2373,42
Oak Sapling,2374,20
Oak Sapling,2375,16
Oak Sapling,2376,29
Oak Sapling,2377,22
Oak Sapling,2378,14
Oak Sapling,2379,25
Oak Sapling,2380,18
Oak Sapling,2381,27
Oak Sapling,2382,31
Oak Sapling,2383,19
Oak Sapling,2384,20
Oak Sapling,2385,24
Oak Sapling,2386,28
Oak Sapling,2387,17
Oak Sapling,2388,25
Oak Sapling,2389,18
Oak Sapling,2390,19
Oak Sapling,2391,17
Oak Sapling,2392,17
Oak Sapling,2393,30
Oak Sapling,2394,25
Oak Sapling,2395,21
Oak Sapling,2396,19
Oak Sapling,2397,15
Oak Sapling,2398,19
Oak Sapling,2399,26
Oak Sapling,2400,17
Oak Sapling,2401,22
Oak Sapling,2402,35
Oak Sapling,2403,12
Oak Sapling,2404,22
Oak Sapling,2405,27
Oak Sapling,2406,18
Oak Sapling,2407,12
Oak Sapling,2408,35
Oak Sapling,2409,19
Oak Sapling,2410,17
Oak Sapling,2411,29
Oak Sapling,2412,21
Oak Sapling,2413,16
Oak Sapling,2414,18
Oak Sapling,2415,30
Oak Sapling,2416,29
Oak Sapling,2417,23
Oak Sapling,2418,17
Oak Sapling,2419,20
Oak Sapling,2420,35
Oak Sapling,2421,13
Oak Sapling,2422,25
Oak Sapling,2423,24
Oak Sapling,2424,23
Oak Sapling,2425,16
Oak Sapling,2426,24
Oak Sapling,2427,23
Oak Sapling,2428,32
Oak Sapling,2429,27
Oak Sapling,2430,15
Oak Sapling,2431,17
Oak Sapling,2432,20
Oak Sapling,2433,19
Oak Sapling,2434,23
Oak Sapling,2435,25
Oak Sapling,2436,11
Oak Sapling,2437,17
Oak Sapling,2438,21
Oak Sapling,2439,22
Oak Sapling,2440,18
Oak Sapling,2441,17
Oak Sapling,2442,21
Oak Sapling,2443,15
Oak Sapling,2444,16
Oak Sapling,2445,16
Oak Sapling,2446,15
Oak Sapling,2447,25
Oak Sapling,2448,39
Oak Sapling,2449,31
Oak Sapling,2450,20
Oak Sapling,2451,26
Oak Sapling,2452,14
Oak Sapling,2453,14
Oak Sapling,2454,20
Oak Sapling,2455,13
Oak Sapling,2456,21
Oak Sapling,2457,19
Oak Sapling,2458,29
Oak Sapling,2459,25
Oak Sapling,2460,28
Oak Sapling,2461,21
Oak Sapling,2462,16
Oak Sapling,2463,21
Oak Sapling,2464,31
Oak Sapling,2465,21
Oak Sapling,2466,14
Oak Sapling,2467,20
Oak Sapling,2468,18
Oak Sapling,2469,15
Oak Sapling,2470,13
Oak Sapling,2471,34
Oak Sapling,2472,34
Oak Sapling,2473,14
Oak Sapling,2474,16
Oak Sapling,2475,18
Oak Sapling,2476,20
Oak Sapling,2477,16
Oak Sapling,2478,20
Oak Sapling,2479,19
Oak Sapling,2480,29
Oak Sapling,2481,19
Oak Sapling,2482,30
Oak Sapling,2483,14
Oak Sapling,2484,18
Oak Sapling,2485,28
Oak Sapling,2486,18
Oak Sapling,2487,23
Oak Sapling,2488,11
Oak Sapling,2489,16
Oak Sapling,2490,21
Oak Sapling,2491,17
Oak Sapling,2492,19
Oak Sapling,2493,28
Oak Sapling,2494,41
Oak Sapling,2495,23
Oak Sapling,2496,21
Oak Sapling,2497,15
Oak Sapling,2498,18
Oak Sapling,2499,21
Oak Sapling,2500,14
Oak Sapling,2501,17
Oak Sapling,2502,29
Oak Sapling,2503,13
Oak Sapling,2504,17
Oak Sapling,2505,15
Oak Sapling,2506,22
Oak Sapling,2507,21
Oak Sapling,2508,24
Oak Sapling,2509,28
Oak Sapling,2510,28
Oak Sapling,2511,15
Oak Sapling,2512,25
Oak Sapling,2513,16
Oak Sapling,2514,12
Oak Sapling,2515,25
Oak Sapling,2516,12
Oak Sapling,2517,18
Oak Sapling,2518,17
Oak Sapling,2519,19
Oak Sapling,2520,20
Oak Sapling,2521,13
Oak Sapling,2522,27
Oak Sapling,2523,18
Oak Sapling,2524,11
Oak Sapling,2525,35
Oak Sapling,2526,15
Oak Sapling,2527,26
Oak Sapling,2528,12
Oak Sapling,2529,31
Oak Sapling,2530,24
Oak Sapling,2531,30
Oak Sapling,2532,13
Oak Sapling,2533,36
Oak Sapling,2534,29
Oak Sapling,2535,17
Oak Sapling,2536,23
Oak Sapling,2537,33
Oak Sapling,2538,20
Oak Sapling,2539,20
Oak Sapling,2540,29
Oak Sapling,2541,15
Oak Sapling,2542,12
Oak Sapling,2543,31
Oak Sapling,2544,18
Oak Sapling,2545,30
Oak Sapling,2546,19
Oak Sapling,2547,20
Oak Sapling,2548,15
Oak Sapling,2549,22
Oak Sapling,2550,14
Oak Sapling,2551,16
Oak Sapling,2552,17
Oak Sapling,2553,23
Oak Sapling,2554,40
Oak Sapling,2555,38
Oak Sapling,2556,18
Oak Sapling,2557,30
Oak Sapling,2558,20
Oak Sapling,2559,13
Oak Sapling,2560,20
Oak Sapling,2561,18
Oak Sapling,2562,28
Oak Sapling,2563,10
Oak Sapling,2564,23
Oak Sapling,2565,23
Oak Sapling,2566,12
Oak Sapling,2567,19
Oak Sapling,2568,33
Oak Sapling,2569,14
Oak Sapling,2570,18
Oak Sapling,2571,16
Oak Sapling,2572,25
Oak Sapling,2573,24
Oak Sapling,2574,17
Oak Sapling,2575,14
Oak Sapling,2576,19
Oak Sapling,2577,23
Oak Sapling,2578,23
Oak Sapling,2579,16
Oak Sapling,2580,25
Oak Sapling,2581,19
Oak Sapling,2582,20
Oak Sapling,2583,39
Oak Sapling,2584,12
Oak Sapling,2585,24
Oak Sapling,2586,26
Oak Sapling,2587,21
Oak Sapling,2588,12
Oak Sapling,2589,31
Oak Sapling,2590,12
Oak Sapling,2591,27
Oak Sapling,2592,15
Oak Sapling,2593,19
Oak Sapling,2594,20
Oak Sapling,2595,27
Oak Sapling,2596,19
Oak Sapling,2597,19
Oak Sapling,2598,13
Oak Sapling,2599,15
Oak Sapling,2600,35
Oak Sapling,2601,30
Oak Sapling,2602,34
Oak Sapling,2603,28
Oak Sapling,2604,16
Oak Sapling,2605,15
Oak Sapling,2606,21
Oak Sapling,2607,25
Oak Sapling,2608,21
Oak Sapling,2609,14
Oak Sapling,2610,10
Oak Sapling,2611,9
Oak Sapling,2612,20
Oak Sapling,2613,22
Oak Sapling,2614,27
Oak Sapling,2615,25
Oak Sapling,2616,27
Oak Sapling,2617,19
Oak Sapling,2618,36
Oak Sapling,2619,22
Oak Sapling,2620,17
Oak Sapling,2621,13
Oak Sapling,2622,22
Oak Sapling,2623,29
Oak Sapling,2624,27
Oak Sapling,2625,19
Oak Sapling,2626,16
Oak Sapling,2627,28
Oak Sapling,2628,19
Oak Sapling,2629,13
Oak Sapling,2630,19
Oak Sapling,2631,22
Oak Sapling,2632,22
Oak Sapling,2633,17
Oak Sapling,2634,15
Oak Sapling,2635,21
Oak Sapling,2636,24
Oak Sapling,2637,15
Oak Sapling,2638,7
Oak Sapling,2639,21
Oak Sapling,2640,12
Oak Sapling,2641,17
Oak Sapling,2642,28
Oak Sapling,2643,30
Oak Sapling,2644,40
Oak Sapling,2645,20
Oak Sapling,2646,28
Oak Sapling,2647,14
Oak Sapling,2648,18
Oak Sapling,2649,32
Oak Sapling,2650,12
Oak Sapling,2651,26
Oak Sapling,2652,46
Oak Sapling,2653,18
Oak Sapling,2654,24
Oak Sapling,2655,23
Oak Sapling,2656,11
Oak Sapling,2657,17
Oak Sapling,2658,25
Oak Sapling,2659,29
Oak Sapling,2660,19
Oak Sapling,2661,16
Oak Sapling,2662,17
Oak Sapling,2663,12
Oak Sapling,2664,23
Oak Sapling,2665,22
Oak Sapling,2666,23
Oak Sapling,2667,20
Oak Sapling,2668,15
Oak Sapling,2669,19
Oak Sapling,2670,27
Oak Sapling,2671,12
Oak Sapling,2672,14
Oak Sapling,2673,32
Oak Sapling,2674,20
Oak Sapling,2675,20
Oak Sapling,2676,27
Oak Sapling,2677,15
Oak Sapling,2678,18
Oak Sapling,2679,14
Oak Sapling,2680,19
Oak Sapling,2681,22
Oak Sapling,2682,38
Oak Sapling,2683,17
Oak Sapling,2684,20
Oak Sapling,2685,34
Oak Sapling,2686,24
Oak Sapling,2687,32
Oak Sapling,2688,15
Oak Sapling,2689,25
Oak Sapling,2690,24
Oak Sapling,2691,30
Oak Sapling,2692,19
Oak Sapling,2693,20
Oak Sapling,2694,21
Oak Sapling,2695,25
Oak Sapling,2696,25
Oak Sapling,2697,18
Oak Sapling,2698,19
Oak Sapling,2699,30
Oak Sapling,2700,24
Oak Sapling,2701,26
Oak Sapling,2702,19
Oak Sapling,2703,32
Oak Sapling,2704,26
Oak Sapling,2705,22
Oak Sapling,2706,10
Oak Sapling,2707,26
Oak Sapling,2708,21
Oak Sapling,2709,16
Oak Sapling,2710,23
Oak Sapling,2711,21
Oak Sapling,2712,19
Oak Sapling,2713,22
Oak Sapling,2714,20
Oak Sapling,2715,19
Oak Sapling,2716,33
Oak Sapling,2717,22
Oak Sapling,2718,18
Oak Sapling,2719,17
Oak Sapling,2720,16
Oak Sapling,2721,18
Oak Sapling,2722,18
Oak Sapling,2723,24
Oak Sapling,2724,34
Oak Sapling,2725,22
Oak Sapling,2726,38
Oak Sapling,2727,20
Oak Sapling,2728,24
Oak Sapling,2729,31
Oak Sapling,2730,14
Oak Sapling,2731,17
Oak Sapling,2732,23
Oak Sapling,2733,22
Oak Sapling,2734,19
Oak Sapling,2735,11
Oak Sapling,2736,21
Oak Sapling,2737,19
Oak Sapling,2738,26
Oak Sapling,2739,18
Oak Sapling,2740,12
Oak Sapling,2741,8
Oak Sapling,2742,27
Oak Sapling,2743,15
Oak Sapling,2744,23
Oak Sapling,2745,29
Oak Sapling,2746,38
Oak Sapling,2747,15
Oak Sapling,2748,8
Oak Sapling,2749,28
Oak Sapling,2750,30
Oak Sapling,2751,17
Oak Sapling,2752,18
Oak Sapling,2753,19
Oak Sapling,2754,17
Oak Sapling,2755,32
Oak Sapling,2756,19
Oak Sapling,2757,15
Oak Sapling,2758,11
Oak Sapling,2759,25
Oak Sapling,2760,12
Oak Sapling,2761,19
Oak Sapling,2762,24
Oak Sapling,2763,11
Oak Sapling,2764,22
Oak Sapling,2765,17
Oak Sapling,2766,47
Oak Sapling,2767,13
Oak Sapling,2768,32
Oak Sapling,2769,16
Oak Sapling,2770,18
Oak Sapling,2771,26
Oak Sapling,2772,25
Oak Sapling,2773,16
Oak Sapling,2774,14
Oak Sapling,2775,28
Oak Sapling,2776,33
Oak Sapling,2777,9
Oak Sapling,2778,25
Oak Sapling,2779,14
Oak Sapling,2780,18
Oak Sapling,2781,20
Oak Sapling,2782,19
Oak Sapling,2783,26
Oak Sapling,2784,28
Oak Sapling,2785,16
Oak Sapling,2786,20
Oak Sapling,2787,24
Oak Sapling,2788,17
Oak Sapling,2789,24
Oak Sapling,2790,17
Oak Sapling,2791,14
Oak Sapling,2792,20
Oak Sapling,2793,30
Oak Sapling,2794,33
Oak Sapling,2795,18
Oak Sapling,2796,16
Oak Sapling,2797,17
Oak Sapling,2798,14
Oak Sapling,2799,20
Oak Sapling,2800,23
Oak Sapling,2801,19
Oak Sapling,2802,22
Oak Sapling,2803,20
Oak Sapling,2804,13
Oak Sapling,2805,15
Oak Sapling,2806,14
Oak Sapling,2807,22
Oak Sapling,2808,19
Oak Sapling,2809,25
Oak Sapling,2810,15
Oak Sapling,2811,14
Oak Sapling,2812,12
Oak Sapling,2813,19
Oak Sapling,2814,21
Oak Sapling,2815,13
Oak Sapling,2816,14
Oak Sapling,2817,24
Oak Sapling,2818,25
Oak Sapling,2819,14
Oak Sapling,2820,12
Oak Sapling,2821,19
Oak Sapling,2822,27
Oak Sapling,2823,20
Oak Sapling,2824,21
Oak Sapling,2825,19
Oak Sapling,2826,35
Oak Sapling,2827,18
Oak Sapling,2828,30
Oak Sapling,2829,28
Oak Sapling,2830,22
Oak Sapling,2831,15
Oak Sapling,2832,11
Oak Sapling,2833,19
Oak Sapling,2834,17
Oak Sapling,2835,22
Oak Sapling,2836,31
Oak Sapling,2837,31
Oak Sapling,2838,15
Oak Sapling,2839,30
Oak Sapling,2840,12
Oak Sapling,2841,15
Oak Sapling,2842,53
Oak Sapling,2843,24
Oak Sapling,2844,21
Oak Sapling,2845,23
Oak Sapling,2846,17
Oak Sapling,2847,25
Oak Sapling,2848,22
Oak Sapling,2849,32
Oak Sapling,2850,14
Oak Sapling,2851,32
Oak Sapling,2852,21
Oak Sapling,2853,29
Oak Sapling,2854,44
Oak Sapling,2855,16
Oak Sapling,2856,23
Oak Sapling,2857,13
Oak Sapling,2858,23
Oak Sapling,2859,26
Oak Sapling,2860,21
Oak Sapling,2861,17
Oak Sapling,2862,22
Oak Sapling,2863,21
Oak Sapling,2864,16
Oak Sapling,2865,17
Oak Sapling,2866,24
Oak Sapling,2867,20
Oak Sapling,2868,18
Oak Sapling,2869,19
Oak Sapling,2870,15
Oak Sapling,2871,35
Oak Sapling,2872,36
Oak Sapling,2873,38
Oak Sapling,2874,26
Oak Sapling,2875,16
Oak Sapling,2876,15
Oak Sapling,2877,22
Oak Sapling,2878,20
Oak Sapling,2879,22
Oak Sapling,2880,17
Oak Sapling,2881,18
Oak Sapling,2882,14
Oak Sapling,2883,27
Oak Sapling,2884,27
Oak Sapling,2885,17
Oak Sapling,2886,13
Oak Sapling,2887,23
Oak Sapling,2888,18
Oak Sapling,2889,33
Oak Sapling,2890,20
Oak Sapling,2891,12
Oak Sapling,2892,14
Oak Sapling,2893,18
Oak Sapling,2894,11
Oak Sapling,2895,18
Oak Sapling,2896,28
Oak Sapling,2897,15
Oak Sapling,2898,20
Oak Sapling,2899,17
Oak Sapling,2900,23
Oak Sapling,2901,22
Oak Sapling,2902,16
Oak Sapling,2903,19
Oak Sapling,2904,36
Oak Sapling,2905,26
Oak Sapling,2906,16
Oak Sapling,2907,15
Oak Sapling,2908,20
Oak Sapling,2909,26
Oak Sapling,2910,26
Oak Sapling,2911,31
Oak Sapling,2912,30
Oak Sapling,2913,25
Oak Sapling,2914,27
Oak Sapling,2915,20
Oak Sapling,2916,25
Oak Sapling,2917,26
Oak Sapling,2918,18
Oak Sapling,2919,28
Oak Sapling,2920,25
Oak Sapling,2921,13
Oak Sapling,2922,18
Oak Sapling,2923,18
Oak Sapling,2924,30
Oak Sapling,2925,20
Oak Sapling,2926,22
Oak Sapling,2927,35
Oak Sapling,2928,20
Oak Sapling,2929,28
Oak Sapling,2930,24
Oak Sapling,2931,18
Oak Sapling,2932,21
Oak Sapling,2933,15
Oak Sapling,2934,27
Oak Sapling,2935,15
Oak Sapling,2936,24
Oak Sapling,2937,12
Oak Sapling,2938,28
Oak Sapling,2939,20
Oak Sapling,2940,19
Oak Sapling,2941,16
Oak Sapling,2942,24
Oak Sapling,2943,28
Oak Sapling,2944,21
Oak Sapling,2945,29
Oak Sapling,2946,28
Oak Sapling,2947,19
Oak Sapling,2948,20
Oak Sapling,2949,21
Oak Sapling,2950,13
Oak Sapling,2951,14
Oak Sapling,2952,17
Oak Sapling,2953,27
Oak Sapling,2954,17
Oak Sapling,2955,36
Oak Sapling,2956,16
Oak Sapling,2957,31
Oak Sapling,2958,14
Oak Sapling,2959,16
Oak Sapling,2960,20
Oak Sapling,2961,16
Oak Sapling,2962,12
Oak Sapling,2963,19
Oak Sapling,2964,21
Oak Sapling,2965,12
Oak Sapling,2966,12
Oak Sapling,2967,14
Oak Sapling,2968,12
Oak Sapling,2969,19
Oak Sapling,2970,12
Oak Sapling,2971,22
Oak Sapling,2972,21
Oak Sapling,2973,23
Oak Sapling,2974,15
Oak Sapling,2975,19
Oak Sapling,2976,19
Oak Sapling,2977,18
Oak Sapling,2978,16
Oak Sapling,2979,36
Oak Sapling,2980,14
Oak Sapling,2981,15
Oak Sapling,2982,10
Oak Sapling,2983,16
Oak Sapling,2984,18
Oak Sapling,2985,36
Oak Sapling,2986,22
Oak Sapling,2987,38
Oak Sapling,2988,25
Oak Sapling,2989,18
Oak Sapling,2990,20
Oak Sapling,2991,15
Oak Sapling,2992,23
Oak Sapling,2993,23
Oak Sapling,2994,16
Oak Sapling,2995,31
Oak Sapling,2996,27
Oak Sapling,2997,16
Oak Sapling,2998,29
Oak Sapling,2999,12
Potato,0,14
Potato,1,8
Potato,2,10
Potato,3,10
Potato,4,15
Potato,5,10
Potato,6,9
Potato,7,11
Potato,8,9
Potato,9,12
Potato,10,14
Potato,11,8
Potato,12,9
Potato,13,8
Potato,14,10
Potato,15,12
Potato,16,8
Potato,17,12
Potato,18,7
Potato,19,11
Potato,20,9
Potato,21,10
Potato,22,11
Potato,23,11
Potato,24,7
Potato,25,13
Potato,26,7
Potato,27,9
Potato,28,8
Potato,29,12
Potato,30,12
Potato,31,10
Potato,32,11
Potato,33,7
Potato,34,8
Potato,35,9
Potato,36,10
Potato,37,13
Potato,38,9
Potato,39,12
Potato,40,12
Potato,41,9
Potato,42,13
Potato,43,11
Potato,44,10
Potato,45,8
Potato,46,10
Potato,47,10
Potato,48,15
Potato,49,8
Potato,50,9
Potato,51,12
Potato,52,10
Potato,53,9
Potato,54,7
Potato,55,9
Potato,56,10
Potato,57,9
Potato,58,10
Potato,59,7
Potato,60,11
Potato,61,10
Potato,62,8
Potato,63,7
Potato,64,14
Potato,65,12
Potato,66,8
Potato,67,10
Potato,68,9
Potato,69,10
Potato,70,12
Potato,71,11
Potato,72,10
Potato,73,13
Potato,74,9
Potato,75,10
Potato,76,11
Potato,77,7
Potato,78,7
Potato,79,9
Potato,80,12
Potato,81,13
Potato,82,13
Potato,83,11
Potato,84,7
Potato,85,11
Potato,86,8
Potato,87,10
Potato,88,10
Potato,89,17
Potato,90,12
Potato,91,13
Potato,92,11
Potato,93,9
Potato,94,13
Potato,95,9
Potato,96,9
Potato,97,8
Potato,98,13
Potato,99,11
Potato,100,7
Potato,101,13
Potato,102,10
Potato,103,7
Potato,104,9
Potato,105,9
Potato,106,11
Potato,107,11
Potato,108,9
Potato,109,13
Potato,110,8
Potato,111,9
Potato,112,10
Potato,113,8
Potato,114,15
Potato,115,11
Potato,116,12
Potato,117,10
Potato,118,7
Potato,119,8
Potato,120,9
Potato,121,13
Potato,122,8
Potato,123,7
Potato,124,10
Potato,125,10
Potato,126,11
Potato,127,12
Potato,128,12
Potato,129,11
Potato,130,9
Potato,131,13
Potato,132,9
Potato,133,9
Potato,134,12
Potato,135,7
Potato,136,10
Potato,137,11
Potato,138,7
Potato,139,7
Potato,140,8
Potato,141,8
Potato,142,13
Potato,143,8
Potato,144,8
Potato,145,9
Potato,146,10
Potato,147,13
Potato,148,9
Potato,149,8
Potato,150,11
Potato,151,8
Potato,152,14
Potato,153,12
Potato,154,9
Potato,155,7
Potato,156,10
Potato,157,9
Potato,158,12
Potato,159,10
Potato,160,11
Potato,161,10
Potato,162,13
Potato,163,9
Potato,164,10
Potato,165,8
Potato,166,10
Potato,167,16
Potato,168,14
Potato,169,10
Potato,170,10
Potato,171,11
Potato,172,15
Potato,173,8
Potato,174,10
Potato,175,7
Potato,176,9
Potato,177,12
Potato,178,11
Potato,179,11
Potato,180,8
Potato,181,10
Potato,182,12
Potato,183,8
Potato,184,10
Potato,185,9
Potato,186,9
Potato,187,10
Potato,188,9
Potato,189,10
Potato,190,10
Potato,191,10
Potato,192,11
Potato,193,11
Potato,194,16
Potato,195,12
Potato,196,11
Potato,197,11
Potato,198,7
Potato,199,11
Potato,200,7
Potato,201,13
Potato,202,13
Potato,203,12
Potato,204,10
Potato,205,8
Potato,206,13
Potato,207,14
Potato,208,10
Potato,209,10
Potato,210,12
Potato,211,13
Potato,212,8
Potato,213,8
Potato,214,14
Potato,215,9
Potato,216,12
Potato,217,10
Potato,218,8
Potato,219,7
Potato,220,12
Potato,221,11
Potato,222,8
Potato,223,15
Potato,224,8
Potato,225,20
Potato,226,8
Potato,227,10
Potato,228,9
Potato,229,11
Potato,230,9
Potato,231,8
Potato,232,10
Potato,233,9
Potato,234,10
Potato,235,10
Potato,236,7
Potato,237,11
Potato,238,10
Potato,239,14
Potato,240,12
Potato,241,12
Potato,242,7
Potato,243,9
Potato,244,10
Potato,245,13
Potato,246,9
Potato,247,13
Potato,248,11
Potato,249,9
Potato,250,12
Potato,251,10
Potato,252,8
Potato,253,9
Potato,254,10
Potato,255,11
Potato,256,9
Potato,257,10
Potato,258,13
Potato,259,9
Potato,260,12
Potato,261,9
Potato,262,14
Potato,263,12
Potato,264,11
Potato,265,17
Potato,266,8
Potato,267,8
Potato,268,8
Potato,269,9
Potato,270,9
Potato,271,13
Potato,272,9
Potato,273,9
Potato,274,9
Potato,275,8
Potato,276,17
Potato,277,9
Potato,278,9
Potato,279,8
Potato,280,11
Potato,281,10
Potato,282,9
Potato,283,12
Potato,284,12
Potato,285,8
Potato,286,13
Potato,287,14
Potato,288,11
Potato,289,8
Potato,290,9
Potato,291,15
Potato,292,8
Potato,293,8
Potato,294,11
Potato,295,12
Potato,296,14
Potato,297,11
Potato,298,10
Potato,299,12
Potato,300,13
Potato,301,9
Potato,302,13
Potato,303,10
Potato,304,10
Potato,305,14
Potato,306,10
Potato,307,9
Potato,308,9
Potato,309,11
Potato,310,8
Potato,311,16
Potato,312,10
Potato,313,10
Potato,314,12
Potato,315,8
Potato,316,16
Potato,317,9
Potato,318,8
Potato,319,10
Potato,320,11
Potato,321,9
Potato,322,9
Potato,323,19
Potato,324,10
Potato,325,11
Potato,326,10
Potato,327,20
Potato,328,9
Potato,329,9
Potato,330,13
Potato,331,11
Potato,332,11
Potato,333,14
Potato,334,9
Potato,335,10
Potato,336,13
Potato,337,9
Potato,338,7
Potato,339,9
Potato,340,10
Potato,341,10
Potato,342,8
Potato,343,9
Potato,344,9
Potato,345,9
Potato,346,8
Potato,347,7
Potato,348,8
Potato,349,14
Potato,350,11
Potato,351,9
Potato,352,7
Potato,353,7
Potato,354,8
Potato,355,12
Potato,356,7
Potato,357,12
Potato,358,11
Potato,359,13
Potato,360,9
Potato,361,8
Potato,362,10
Potato,363,15
Potato,364,8
Potato,365,12
Potato,366,8
Potato,367,10
Potato,368,11
Potato,369,9
Potato,370,10
Potato,371,9
Potato,372,9
Potato,373,14
Potato,374,10
Potato,375,7
Potato,376,11
Potato,377,10
Potato,378,7
Potato,379,13
Potato,380,9
Potato,381,8
Potato,382,13
Potato,383,9
Potato,384,8
Potato,385,8
Potato,386,10
Potato,387,9
Potato,388,10
Potato,389,7
Potato,390,15
Potato,391,7
Potato,392,14
Potato,393,16
Potato,394,13
Potato,395,11
Potato,396,9
Potato,397,13
Potato,398,13
Potato,399,7
Potato,400,15
Potato,401,11
Potato,402,8
Potato,403,13
Potato,404,8
Potato,405,12
Potato,406,9
Potato,407,9
Potato,408,13
Potato,409,10
Potato,410,13
Potato,411,11
Potato,412,9
Potato,413,10
Potato,414,7
Potato,415,10
Potato,416,13
Potato,417,11
Potato,418,10
Potato,419,13
Potato,420,9
Potato,421,11
Potato,422,8
Potato,423,12
Potato,424,9
Potato,425,9
Potato,426,10
Potato,427,9
Potato,428,14
Potato,429,9
Potato,430,11
Potato,431,9
Potato,432,11
Potato,433,9
Potato,434,17
Potato,435,14
Potato,436,10
Potato,437,10
Potato,438,14
Potato,439,12
Potato,440,10
Potato,441,7
Potato,442,12
Potato,443,13
Potato,444,8
Potato,445,12
Potato,446,12
Potato,447,10
Potato,448,11
Potato,449,12
Potato,450,8
Potato,451,9
Potato,452,12
Potato,453,9
Potato,454,10
Potato,455,13
Potato,456,8
Potato,457,9
Potato,458,10
Potato,459,8
Potato,460,10
Potato,461,8
Potato,462,8
Potato,463,9
Potato,464,9
Potato,465,11
Potato,466,12
Potato,467,8
Potato,468,9
Potato,469,11
Potato,470,12
Potato,471,10
Potato,472,9
Potato,473,10
Potato,474,7
Potato,475,10
Potato,476,7
Potato,477,13
Potato,478,8
Potato,479,10
Potato,480,12
Potato,481,9
Potato,482,19
Potato,483,10
Potato,484,8
Potato,485,10
Potato,486,10
Potato,487,7
Potato,488,7
Potato,489,10
Potato,490,11
Potato,491,8
Potato,492,9
Potato,493,7
Potato,494,13
Potato,495,7
Potato,496,7
Potato,497,8
Potato,498,10
Potato,499,10
Potato,500,9
Potato,501,10
Potato,502,9
Potato,503,10
Potato,504,9
Potato,505,10
Potato,506,14
Potato,507,11
Potato,508,10
Potato,509,9
Potato,510,10
Potato,511,7
Potato,512,11
Potato,513,9
Potato,514,13
Potato,515,16
Potato,516,13
Potato,517,12
Potato,518,7
Potato,519,10
Potato,520,10
Potato,521,13
Potato,522,11
Potato,523,9
Potato,524,9
Potato,525,9
Potato,526,18
Potato,527,16
Potato,528,15
Potato,529,9
Potato,530,9
Potato,531,10
Potato,532,10
Potato,533,8
Potato,534,10
Potato,535,7
Potato,536,9
Potato,537,10
Potato,538,12
Potato,539,8
Potato,540,8
Potato,541,10
Potato,542,11
Potato,543,9
Potato,544,9
Potato,545,12
Potato,546,7
Potato,547,16
Potato,548,12
Potato,549,9
Potato,550,13
Potato,551,8
Potato,552,9
Potato,553,11
Potato,554,11
Potato,555,9
Potato,556,11
Potato,557,11
Potato,558,9
Potato,559,12
Potato,560,10
Potato,561,7
Potato,562,8
Potato,563,9
Potato,564,10
Potato,565,15
Potato,566,12
Potato,567,9
Potato,568,13
Potato,569,12
Potato,570,13
Potato,571,12
Potato,572,10
Potato,573,8
Potato,574,14
Potato,575,14
Potato,576,9
Potato,577,11
Potato,578,9
Potato,579,10
Potato,580,10
Potato,581,11
Potato,582,10
Potato,583,9
Potato,584,10
Potato,585,12
Potato,586,8
Potato,587,12
Potato,588,10
Potato,589,9
Potato,590,9
Potato,591,9
Potato,592,9
Potato,593,9
Potato,594,10
Potato,595,10
Potato,596,9
Potato,597,10
Potato,598,8
Potato,599,11
Potato,600,13
Potato,601,9
Potato,602,9
Potato,603,8
Potato,604,8
Potato,605,9
Potato,606,11
Potato,607,11
Potato,608,10
Potato,609,10
Potato,610,11
Potato,611,9
Potato,612,8
Potato,613,11
Potato,614,8
Potato,615,11
Potato,616,10
Potato,617,11
Potato,618,12
Potato,619,10
Potato,620,11
Potato,621,15
Potato,622,7
Potato,623,9
Potato,624,12
Potato,625,8
Potato,626,10
Potato,627,8
Potato,628,15
Potato,629,13
Potato,630,13
Potato,631,8
Potato,632,7
Potato,633,10
Potato,634,10
Potato,635,7
Potato,636,16
Potato,637,7
Potato,638,10
Potato,639,10
Potato,640,11
Potato,641,8
Potato,642,9
Potato,643,10
Potato,644,13
Potato,645,11
Potato,646,9
Potato,647,9
Potato,648,11
Potato,649,15
Potato,650,10
Potato,651,8
Potato,652,7
Potato,653,11
Potato,654,11
Potato,655,11
Potato,656,9
Potato,657,13
Potato,658,11
Potato,659,17
Potato,660,14
Potato,661,11
Potato,662,14
Potato,663,17
Potato,664,9
Potato,665,8
Potato,666,9
Potato,667,8
Potato,668,9
Potato,669,10
Potato,670,10
Potato,671,8
Potato,672,9
Potato,673,9
Potato,674,14
Potato,675,8
Potato,676,11
Potato,677,10
Potato,678,10
Potato,679,14
Potato,680,9
Potato,681,7
Potato,682,15
Potato,683,10
Potato,684,8
Potato,685,11
Potato,686,12
Potato,687,10
Potato,688,9
Potato,689,13
Potato,690,16
Potato,691,12
Potato,692,10
Potato,693,9
Potato,694,10
Potato,695,11
Potato,696,10
Potato,697,10
Potato,698,15
Potato,699,15
Potato,700,10
Potato,701,12
Potato,702,7
Potato,703,7
Potato,704,9
Potato,705,8
Potato,706,10
Potato,707,10
Potato,708,7
Potato,709,8
Potato,710,9
Potato,711,10
Potato,712,11
Potato,713,7
Potato,714,9
Potato,715,8
Potato,716,8
Potato,717,13
Potato,718,8
Potato,719,10
Potato,720,8
Potato,721,11
Potato,722,11
Potato,723,9
Potato,724,7
Potato,725,8
Potato,726,8
Potato,727,7
Potato,728,9
Potato,729,9
Potato,730,11
Potato,731,12
Potato,732,15
Potato,733,7
Potato,734,9
Potato,735,9
Potato,736,8
Potato,737,8
Potato,738,10
Potato,739,8
Potato,740,10
Potato,741,8
Potato,742,11
Potato,743,7
Potato,744,9
Potato,745,8
Potato,746,10
Potato,747,9
Potato,748,14
Potato,749,8
Potato,750,11
Potato,751,8
Potato,752,9
Potato,753,9
Potato,754,11
Potato,755,10
Potato,756,9
Potato,757,16
Potato,758,16
Potato,759,7
Potato,760,10
Potato,761,11
Potato,762,8
Potato,763,11
Potato,764,9
Potato,765,7
Potato,766,10
Potato,767,9
Potato,768,12
Potato,769,11
Potato,770,12
Potato,771,7
Potato,772,8
Potato,773,10
Potato,774,10
Potato,775,8
Potato,776,7
Potato,777,8
Potato,778,9
Potato,779,10
Potato,780,11
Potato,781,13
Potato,782,10
Potato,783,14
Potato,784,10
Potato,785,10
Potato,786,11
Potato,787,8
Potato,788,8
Potato,789,8
Potato,790,9
Potato,791,8
Potato,792,12
Potato,793,9
Potato,794,9
Potato,795,9
Potato,796,10
Potato,797,12
Potato,798,14
Potato,799,8
Potato,800,10
Potato,801,11
Potato,802,12
Potato,803,15
Potato,804,9
Potato,805,11
Potato,806,10
Potato,807,9
Potato,808,9
Potato,809,8
Potato,810,10
Potato,811,17
Potato,812,12
Potato,813,8
Potato,814,7
Potato,815,10
Potato,816,7
Potato,817,10
Potato,818,11
Potato,819,8
Potato,820,9
Potato,821,12
Potato,822,7
Potato,823,11
Potato,824,11
Potato,825,10
Potato,826,14
Potato,827,9
Potato,828,11
Potato,829,9
Potato,830,12
Potato,831,8
Potato,832,12
Potato,833,9
Potato,834,10
Potato,835,12
Potato,836,15
Potato,837,13
Potato,838,17
Potato,839,9
Potato,840,10
Potato,841,9
Potato,842,12
Potato,843,10
Potato,844,12
Potato,845,11
Potato,846,8
Potato,847,11
Potato,848,11
Potato,849,8
Potato,850,11
Potato,851,12
Potato,852,7
Potato,853,10
Potato,854,11
Potato,855,13
Potato,856,13
Potato,857,12
Potato,858,11
Potato,859,9
Potato,860,10
Potato,861,12
Potato,862,16
Potato,863,11
Potato,864,8
Potato,865,7
Potato,866,8
Potato,867,8
Potato,868,7
Potato,869,11
Potato,870,9
Potato,871,12
Potato,872,9
Potato,873,13
Potato,874,10
Potato,875,13
Potato,876,14
Potato,877,10
Potato,878,10
Potato,879,11
Potato,880,8
Potato,881,7
Potato,882,15
Potato,883,12
Potato,884,8
Potato,885,9
Potato,886,8
Potato,887,9
Potato,888,7
Potato,889,9
Potato,890,8
Potato,891,11
Potato,892,11
Potato,893,12
Potato,894,14
Potato,895,10
Potato,896,9
Potato,897,10
Potato,898,10
Potato,899,10
Potato,900,10
Potato,901,9
Potato,902,11
Potato,903,9
Potato,904,11
Potato,905,11
Potato,906,9
Potato,907,11
Potato,908,9
Potato,909,13
Potato,910,11
Potato,911,11
Potato,912,9
Potato,913,11
Potato,914,11
Potato,915,9
Potato,916,7
Potato,917,7
Potato,918,9
Potato,919,7
Potato,920,11
Potato,921,8
Potato,922,9
Potato,923,11
Potato,924,7
Potato,925,9
Potato,926,11
Potato,927,9
Potato,928,8
Potato,929,8
Potato,930,8
Potato,931,8
Potato,932,9
Potato,933,10
Potato,934,8
Potato,935,7
Potato,936,9
Potato,937,10
Potato,938,10
Potato,939,14
Potato,940,13
Potato,941,8
Potato,942,10
Potato,943,8
Potato,944,9
Potato,945,16
Potato,946,10
Potato,947,16
Potato,948,9
Potato,949,7
Potato,950,7
Potato,951,8
Potato,952,12
Potato,953,12
Potato,954,9
Potato,955,8
Potato,956,10
Potato,957,7
Potato,958,13
Potato,959,10
Potato,960,8
Potato,961,11
Potato,962,9
Potato,963,8
Potato,964,10
Potato,965,10
Potato,966,8
Potato,967,8
Potato,968,8
Potato,969,10
Potato,970,8
Potato,971,11
Potato,972,17
Potato,973,12
Potato,974,9
Potato,975,8
Potato,976,7
Potato,977,9
Potato,978,11
Potato,979,12
Potato,980,14
Potato,981,8
Potato,982,9
Potato,983,15
Potato,984,10
Potato,985,8
Potato,986,10
Potato,987,9
Potato,988,10
Potato,989,8
Potato,990,9
Potato,991,8
Potato,992,9
Potato,993,11
Potato,994,7
Potato,995,8
Potato,996,11
Potato,997,11
Potato,998,8
Potato,999,10
Potato,1000,11
Potato,1001,8
Potato,1002,7
Potato,1003,11
Potato,1004,10
Potato,1005,11
Potato,1006,10
Potato,1007,7
Potato,1008,15
Potato,1009,13
Potato,1010,10
Potato,1011,8
Potato,1012,12
Potato,1013,12
Potato,1014,15
Potato,1015,9
Potato,1016,8
Potato,1017,12
Potato,1018,14
Potato,1019,19
Potato,1020,17
Potato,1021,9
Potato,1022,11
Potato,1023,7
Potato,1024,10
Potato,1025,7
Potato,1026,8
Potato,1027,10
Potato,1028,21
Potato,1029,11
Potato,1030,9
Potato,1031,8
Potato,1032,7
Potato,1033,10
Potato,1034,7
Potato,1035,7
Potato,1036,9
Potato,1037,8
Potato,1038,7
Potato,1039,15
Potato,1040,8
Potato,1041,12
Potato,1042,14
Potato,1043,11
Potato,1044,11
Potato,1045,8
Potato,1046,10
Potato,1047,10
Potato,1048,15
Potato,1049,9
Potato,1050,8
Potato,1051,11
Potato,1052,8
Potato,1053,10
Potato,1054,14
Potato,1055,13
Potato,1056,8
Potato,1057,9
Potato,1058,11
Potato,1059,9
Potato,1060,8
Potato,1061,19
Potato,1062,9
Potato,1063,10
Potato,1064,12
Potato,1065,13
Potato,1066,10
Potato,1067,13
Potato,1068,8
Potato,1069,11
Potato,1070,9
Potato,1071,7
Potato,1072,13
Potato,1073,13
Potato,1074,10
Potato,1075,11
Potato,1076,11
Potato,1077,10
Potato,1078,10
Potato,1079,11
Potato,1080,9
Potato,1081,11
Potato,1082,12
Potato,1083,10
Potato,1084,9
Potato,1085,7
Potato,1086,7
Potato,1087,11
Potato,1088,12
Potato,1089,11
Potato,1090,8
Potato,1091,11
Potato,1092,10
Potato,1093,8
Potato,1094,10
Potato,1095,8
Potato,1096,8
Potato,1097,9
Potato,1098,12
Potato,1099,12
Potato,1100,9
Potato,1101,9
Potato,1102,8
Potato,1103,11
Potato,1104,11
Potato,1105,9
Potato,1106,10
Potato,1107,13
Potato,1108,7
Potato,1109,11
Potato,1110,11
Potato,1111,10
Potato,1112,12
Potato,1113,7
Potato,1114,12
Potato,1115,13
Potato,1116,8
Potato,1117,10
Potato,1118,10
Potato,1119,8
Potato,1120,12
Potato,1121,9
Potato,1122,10
Potato,1123,8
Potato,1124,8
Potato,1125,10
Potato,1126,10
Potato,1127,15
Potato,1128,16
Potato,1129,9
Potato,1130,9
Potato,1131,16
Potato,1132,10
Potato,1133,9
Potato,1134,11
Potato,1135,8
Potato,1136,13
Potato,1137,9
Potato,1138,8
Potato,1139,9
Potato,1140,12
Potato,1141,10
Potato,1142,7
Potato,1143,12
Potato,1144,8
Potato,1145,10
Potato,1146,10
Potato,1147,11
Potato,1148,9
Potato,1149,10
Potato,1150,7
Potato,1151,13
Potato,1152,12
Potato,1153,13
Potato,1154,12
Potato,1155,9
Potato,1156,11
Potato,1157,9
Potato,1158,14
Potato,1159,10
Potato,1160,8
Potato,1161,10
Potato,1162,8
Potato,1163,13
Potato,1164,10
Potato,1165,11
Potato,1166,10
Potato,1167,13
Potato,1168,8
Potato,1169,8
Potato,1170,10
Potato,1171,9
Potato,1172,7
Potato,1173,9
Potato,1174,11
Potato,1175,10
Potato,1176,9
Potato,1177,11
Potato,1178,8
Potato,1179,13
Potato,1180,10
Potato,1181,14
Potato,1182,10
Potato,1183,11
Potato,1184,11
Potato,1185,17
Potato,1186,11
Potato,1187,12
Potato,1188,8
Potato,1189,7
Potato,1190,9
Potato,1191,12
Potato,1192,9
Potato,1193,13
Potato,1194,11
Potato,1195,11
Potato,1196,11
Potato,1197,7
Potato,1198,10
Potato,1199,15
Potato,1200,8
Potato,1201,10
Potato,1202,11
Potato,1203,9
Potato,1204,12
Potato,1205,11
Potato,1206,13
Potato,1207,13
Potato,1208,10
Potato,1209,8
Potato,1210,9
Potato,1211,12
Potato,1212,7
Potato,1213,11
Potato,1214,11
Potato,1215,7
Potato,1216,13
Potato,1217,10
Potato,1218,12
Potato,1219,9
Potato,1220,10
Potato,1221,10
Potato,1222,13
Potato,1223,12
Potato,1224,8
Potato,1225,14
Potato,1226,8
Potato,1227,9
Potato,1228,11
Potato,1229,8
Potato,1230,10
Potato,1231,10
Potato,1232,8
Potato,1233,9
Potato,1234,11
Potato,1235,7
Potato,1236,9
Potato,1237,10
Potato,1238,10
Potato,1239,12
Potato,1240,11
Potato,1241,11
Potato,1242,9
Potato,1243,11
Potato,1244,8
Potato,1245,11
Potato,1246,10
Potato,1247,12
Potato,1248,8
Potato,1249,11
Potato,1250,9
Potato,1251,8
Potato,1252,7
Potato,1253,10
Potato,1254,12
Potato,1255,16
Potato,1256,9
Potato,1257,8
Potato,1258,8
Potato,1259,10
Potato,1260,11
Potato,1261,9
Potato,1262,11
Potato,1263,7
Potato,1264,10
Potato,1265,9
Potato,1266,9
Potato,1267,7
Potato,1268,8
Potato,1269,9
Potato,1270,9
Potato,1271,8
Potato,1272,12
Potato,1273,13
Potato,1274,8
Potato,1275,9
Potato,1276,10
Potato,1277,10
Potato,1278,11
Potato,1279,8
Potato,1280,11
Potato,1281,8
Potato,1282,9
Potato,1283,9
Potato,1284,10
Potato,1285,7
Potato,1286,10
Potato,1287,10
Potato,1288,10
Potato,1289,13
Potato,1290,9
Potato,1291,11
Potato,1292,11
Potato,1293,7
Potato,1294,7
Potato,1295,8
Potato,1296,11
Potato,1297,15
Potato,1298,10
Potato,1299,15
Potato,1300,8
Potato,1301,12
Potato,1302,10
Potato,1303,9
Potato,1304,16
Potato,1305,7
Potato,1306,10
Potato,1307,11
Potato,1308,7
Potato,1309,10
Potato,1310,11
Potato,1311,12
Potato,1312,8
Potato,1313,9
Potato,1314,9
Potato,1315,13
Potato,1316,10
Potato,1317,10
Potato,1318,9
Potato,1319,9
Potato,1320,10
Potato,1321,10
Potato,1322,7
Potato,1323,9
Potato,1324,12
Potato,1325,10
Potato,1326,9
Potato,1327,8
Potato,1328,14
Potato,1329,9
Potato,1330,9
Potato,1331,10
Potato,1332,12
Potato,1333,13
Potato,1334,9
Potato,1335,7
Potato,1336,10
Potato,1337,7
Potato,1338,14
Potato,1339,11
Potato,1340,18
Potato,1341,9
Potato,1342,10
Potato,1343,7
Potato,1344,9
Potato,1345,9
Potato,1346,9
Potato,1347,9
Potato,1348,11
Potato,1349,10
Potato,1350,9
Potato,1351,15
Potato,1352,8
Potato,1353,9
Potato,1354,7
Potato,1355,8
Potato,1356,9
Potato,1357,11
Potato,1358,11
Potato,1359,10
Potato,1360,10
Potato,1361,13
Potato,1362,14
Potato,1363,8
Potato,1364,11
Potato,1365,11
Potato,1366,10
Potato,1367,8
Potato,1368,11
Potato,1369,8
Potato,1370,8
Potato,1371,7
Potato,1372,8
Potato,1373,10
Potato,1374,11
Potato,1375,11
Potato,1376,11
Potato,1377,7
Potato,1378,8
Potato,1379,11
Potato,1380,11
Potato,1381,12
Potato,1382,9
Potato,1383,8
Potato,1384,9
Potato,1385,7
Potato,1386,7
Potato,1387,9
Potato,1388,11
Potato,1389,8
Potato,1390,8
Potato,1391,11
Potato,1392,10
Potato,1393,8
Potato,1394,10
Potato,1395,10
Potato,1396,8
Potato,1397,9
Potato,1398,10
Potato,1399,11
Potato,1400,14
Potato,1401,8
Potato,1402,11
Potato,1403,8
Potato,1404,8
Potato,1405,12
Potato,1406,8
Potato,1407,16
Potato,1408,9
Potato,1409,9
Potato,1410,15
Potato,1411,11
Potato,1412,9
Potato,1413,11
Potato,1414,12
Potato,1415,14
Potato,1416,11
Potato,1417,9
Potato,1418,8
Potato,1419,9
Potato,1420,10
Potato,1421,10
Potato,1422,9
Potato,1423,8
Potato,1424,10
Potato,1425,8
Potato,1426,10
Potato,1427,8
Potato,1428,10
Potato,1429,10
Potato,1430,9
Potato,1431,11
Potato,1432,11
Potato,1433,12
Potato,1434,10
Potato,1435,11
Potato,1436,11
Potato,1437,12
Potato,1438,13
Potato,1439,8
Potato,1440,8
Potato,1441,8
Potato,1442,9
Potato,1443,10
Potato,1444,10
Potato,1445,8
Potato,1446,11
Potato,1447,15
Potato,1448,11
Potato,1449,10
Potato,1450,9
Potato,1451,10
Potato,1452,15
Potato,1453,10
Potato,1454,9
Potato,1455,11
Potato,1456,11
Potato,1457,12
Potato,1458,8
Potato,1459,8
Potato,1460,8
Potato,1461,12
Potato,1462,14
Potato,1463,8
Potato,1464,11
Potato,1465,9
Potato,1466,9
Potato,1467,10
Potato,1468,9
Potato,1469,10
Potato,1470,9
Potato,1471,10
Potato,1472,8
Potato,1473,8
Potato,1474,8
Potato,1475,12
Potato,1476,13
Potato,1477,15
Potato,1478,9
Potato,1479,9
Potato,1480,18
Potato,1481,9
Potato,1482,9
Potato,1483,12
Potato,1484,9
Potato,1485,8
Potato,1486,7
Potato,1487,9
Potato,1488,11
Potato,1489,14
Potato,1490,8
Potato,1491,9
Potato,1492,10
Potato,1493,9
Potato,1494,10
Potato,1495,10
Potato,1496,8
Potato,1497,11
Potato,1498,9
Potato,1499,12
Potato,1500,10
Potato,1501,12
Potato,1502,11
Potato,1503,8
Potato,1504,10
Potato,1505,10
Potato,1506,7
Potato,1507,15
Potato,1508,15
Potato,1509,10
Potato,1510,9
Potato,1511,9
Potato,1512,15
Potato,1513,9
Potato,1514,7
Potato,1515,8
Potato,1516,13
Potato,1517,11
Potato,1518,9
Potato,1519,13
Potato,1520,11
Potato,1521,12
Potato,1522,8
Potato,1523,9
Potato,1524,10
Potato,1525,8
Potato,1526,10
Potato,1527,8
Potato,1528,9
Potato,1529,8
Potato,1530,8
Potato,1531,11
Potato,1532,13
Potato,1533,7
Potato,1534,8
Potato,1535,8
Potato,1536,15
Potato,1537,13
Potato,1538,10
Potato,1539,9
Potato,1540,12
Potato,1541,7
Potato,1542,10
Potato,1543,8
Potato,1544,10
Potato,1545,9
Potato,1546,11
Potato,1547,7
Potato,1548,12
Potato,1549,9
Potato,1550,10
Potato,1551,8
Potato,1552,8
Potato,1553,15
Potato,1554,9
Potato,1555,9
Potato,1556,10
Potato,1557,12
Potato,1558,13
Potato,1559,9
Potato,1560,16
Potato,1561,10
Potato,1562,11
Potato,1563,9
Potato,1564,7
Potato,1565,13
Potato,1566,12
Potato,1567,14
Potato,1568,9
Potato,1569,10
Potato,1570,15
Potato,1571,9
Potato,1572,10
Potato,1573,14
Potato,1574,13
Potato,1575,13
Potato,1576,7
Potato,1577,8
Potato,1578,11
Potato,1579,10
Potato,1580,8
Potato,1581,11
Potato,1582,9
Potato,1583,11
Potato,1584,10
Potato,1585,13
Potato,1586,10
Potato,1587,11
Potato,1588,9
Potato,1589,8
Potato,1590,10
Potato,1591,7
Potato,1592,10
Potato,1593,10
Potato,1594,9
Potato,1595,11
Potato,1596,8
Potato,1597,12
Potato,1598,9
Potato,1599,13
Potato,1600,8
Potato,1601,9
Potato,1602,10
Potato,1603,11
Potato,1604,13
Potato,1605,12
Potato,1606,9
Potato,1607,9
Potato,1608,8
Potato,1609,9
Potato,1610,9
Potato,1611,10
Potato,1612,8
Potato,1613,10
Potato,1614,10
Potato,1615,8
Potato,1616,10
Potato,1617,9
Potato,1618,9
Potato,1619,10
Potato,1620,9
Potato,1621,9
Potato,1622,13
Potato,1623,13
Potato,1624,8
Potato,1625,9
Potato,1626,8
Potato,1627,7
Potato,1628,10
Potato,1629,13
Potato,1630,10
Potato,1631,10
Potato,1632,7
Potato,1633,11
Potato,1634,11
Potato,1635,8
Potato,1636,10
Potato,1637,8
Potato,1638,8
Potato,1639,10
Potato,1640,12
Potato,1641,9
Potato,1642,7
Potato,1643,12
Potato,1644,9
Potato,1645,9
Potato,1646,8
Potato,1647,9
Potato,1648,10
Potato,1649,8
Potato,1650,11
Potato,1651,9
Potato,1652,9
Potato,1653,11
Potato,1654,12
Potato,1655,10
Potato,1656,10
Potato,1657,9
Potato,1658,9
Potato,1659,10
Potato,1660,8
Potato,1661,9
Potato,1662,9
Potato,1663,9
Potato,1664,14
Potato,1665,7
Potato,1666,8
Potato,1667,13
Potato,1668,9
Potato,1669,9
Potato,1670,7
Potato,1671,10
Potato,1672,16
Potato,1673,7
Potato,1674,10
Potato,1675,13
Potato,1676,12
Potato,1677,15
Potato,1678,12
Potato,1679,13
Potato,1680,10
Potato,1681,9
Potato,1682,14
Potato,1683,11
Potato,1684,9
Potato,1685,14
Potato,1686,10
Potato,1687,9
Potato,1688,10
Potato,1689,14
Potato,1690,13
Potato,1691,12
Potato,1692,11
Potato,1693,10
Potato,1694,12
Potato,1695,8
Potato,1696,12
Potato,1697,9
Potato,1698,10
Potato,1699,8
Potato,1700,9
Potato,1701,8
Potato,1702,7
Potato,1703,10
Potato,1704,14
Potato,1705,8
Potato,1706,10
Potato,1707,11
Potato,1708,9
Potato,1709,11
Potato,1710,11
Potato,1711,14
Potato,1712,13
Potato,1713,12
Potato,1714,12
Potato,1715,14
Potato,1716,11
Potato,1717,14
Potato,1718,13
Potato,1719,11
Potato,1720,14
Potato,1721,10
Potato,1722,12
Potato,1723,12
Potato,1724,14
Potato,1725,8
Potato,1726,10
Potato,1727,10
Potato,1728,10
Potato,1729,10
Potato,1730,10
Potato,1731,8
Potato,1732,13
Potato,1733,8
Potato,1734,9
Potato,1735,13
Potato,1736,15
Potato,1737,14
Potato,1738,7
Potato,1739,7
Potato,1740,8
Potato,1741,10
Potato,1742,9
Potato,1743,11
Potato,1744,12
Potato,1745,7
Potato,1746,9
Potato,1747,11
Potato,1748,10
Potato,1749,8
Potato,1750,8
Potato,1751,10
Potato,1752,11
Potato,1753,9
Potato,1754,8
Potato,1755,8
Potato,1756,9
Potato,1757,7
Potato,1758,12
Potato,1759,15
Potato,1760,10
Potato,1761,10
Potato,1762,12
Potato,1763,8
Potato,1764,9
Potato,1765,8
Potato,1766,9
Potato,1767,8
Potato,1768,10
Potato,1769,9
Potato,1770,12
Potato,1771,9
Potato,1772,14
Potato,1773,10
Potato,1774,10
Potato,1775,9
Potato,1776,10
Potato,1777,14
Potato,1778,14
Potato,1779,13
Potato,1780,10
Potato,1781,9
Potato,1782,11
Potato,1783,9
Potato,1784,9
Potato,1785,14
Potato,1786,8
Potato,1787,8
Potato,1788,10
Potato,1789,10
Potato,1790,9
Potato,1791,12
Potato,1792,11
Potato,1793,8
Potato,1794,9
Potato,1795,12
Potato,1796,10
Potato,1797,9
Potato,1798,11
Potato,1799,11
Potato,1800,11
Potato,1801,13
Potato,1802,10
Potato,1803,10
Potato,1804,9
Potato,1805,8
Potato,1806,11
Potato,1807,9
Potato,1808,11
Potato,1809,10
Potato,1810,9
Potato,1811,11
Potato,1812,7
Potato,1813,8
Potato,1814,9
Potato,1815,8
Potato,1816,9
Potato,1817,10
Potato,1818,7
Potato,1819,15
Potato,1820,10
Potato,1821,12
Potato,1822,8
Potato,1823,8
Potato,1824,9
Potato,1825,11
Potato,1826,10
Potato,1827,11
Potato,1828,11
Potato,1829,10
Potato,1830,12
Potato,1831,11
Potato,1832,8
Potato,1833,12
Potato,1834,8
Potato,1835,12
Potato,1836,16
Potato,1837,8
Potato,1838,11
Potato,1839,9
Potato,1840,11
Potato,1841,9
Potato,1842,10
Potato,1843,9
Potato,1844,13
Potato,1845,14
Potato,1846,10
Potato,1847,7
Potato,1848,8
Potato,1849,10
Potato,1850,12
Potato,1851,16
Potato,1852,9
Potato,1853,11
Potato,1854,10
Potato,1855,11
Potato,1856,9
Potato,1857,13
Potato,1858,11
Potato,1859,12
Potato,1860,9
Potato,1861,8
Potato,1862,10
Potato,1863,8
Potato,1864,13
Potato,1865,11
Potato,1866,11
Potato,1867,16
Potato,1868,11
Potato,1869,10
Potato,1870,9
Potato,1871,15
Potato,1872,11
Potato,1873,11
Potato,1874,11
Potato,1875,10
Potato,1876,12
Potato,1877,9
Potato,1878,7
Potato,1879,13
Potato,1880,11
Potato,1881,9
Potato,1882,13
Potato,1883,11
Potato,1884,8
Potato,1885,10
Potato,1886,10
Potato,1887,8
Potato,1888,11
Potato,1889,13
Potato,1890,9
Potato,1891,13
Potato,1892,11
Potato,1893,12
Potato,1894,11
Potato,1895,10
Potato,1896,7
Potato,1897,8
Potato,1898,10
Potato,1899,13
Potato,1900,8
Potato,1901,12
Potato,1902,10
Potato,1903,9
Potato,1904,21
Potato,1905,11
Potato,1906,11
Potato,1907,9
Potato,1908,10
Potato,1909,9
Potato,1910,11
Potato,1911,9
Potato,1912,12
Potato,1913,12
Potato,1914,9
Potato,1915,8
Potato,1916,13
Potato,1917,10
Potato,1918,9
Potato,1919,9
Potato,1920,12
Potato,1921,7
Potato,1922,11
Potato,1923,11
Potato,1924,10
Potato,1925,8
Potato,1926,9
Potato,1927,10
Potato,1928,7
Potato,1929,8
Potato,1930,11
Potato,1931,9
Potato,1932,13
Potato,1933,8
Potato,1934,9
Potato,1935,8
Potato,1936,11
Potato,1937,13
Potato,1938,11
Potato,1939,8
Potato,1940,8
Potato,1941,14
Potato,1942,10
Potato,1943,8
Potato,1944,10
Potato,1945,11
Potato,1946,17
Potato,1947,7
Potato,1948,12
Potato,1949,13
Potato,1950,13
Potato,1951,9
Potato,1952,10
Potato,1953,13
Potato,1954,10
Potato,1955,11
Potato,1956,7
Potato,1957,9
Potato,1958,15
Potato,1959,9
Potato,1960,9
Potato,1961,8
Potato,1962,10
Potato,1963,7
Potato,1964,10
Potato,1965,8
Potato,1966,13
Potato,1967,9
Potato,1968,10
Potato,1969,12
Potato,1970,7
Potato,1971,10
Potato,1972,10
Potato,1973,15
Potato,1974,9
Potato,1975,11
Potato,1976,13
Potato,1977,9
Potato,1978,9
Potato,1979,15
Potato,1980,16
Potato,1981,9
Potato,1982,10
Potato,1983,9
Potato,1984,8
Potato,1985,10
Potato,1986,10
Potato,1987,8
Potato,1988,12
Potato,1989,8
Potato,1990,11
Potato,1991,8
Potato,1992,9
Potato,1993,9
Potato,1994,8
Potato,1995,10
Potato,1996,11
Potato,1997,10
Potato,1998,8
Potato,1999,12
Potato,2000,10
Potato,2001,12
Potato,2002,11
Potato,2003,13
Potato,2004,9
Potato,2005,10
Potato,2006,10
Potato,2007,8
Potato,2008,12
Potato,2009,15
Potato,2010,12
Potato,2011,10
Potato,2012,7
Potato,2013,8
Potato,2014,13
Potato,2015,9
Potato,2016,15
Potato,2017,10
Potato,2018,17
Potato,2019,10
Potato,2020,12
Potato,2021,12
Potato,2022,12
Potato,2023,8
Potato,2024,9
Potato,2025,9
Potato,2026,12
Potato,2027,8
Potato,2028,14
Potato,2029,9
Potato,2030,7
Potato,2031,9
Potato,2032,10
Potato,2033,15
Potato,2034,8
Potato,2035,8
Potato,2036,7
Potato,2037,11
Potato,2038,12
Potato,2039,10
Potato,2040,10
Potato,2041,7
Potato,2042,9
Potato,2043,11
Potato,2044,9
Potato,2045,11
Potato,2046,12
Potato,2047,16
Potato,2048,9
Potato,2049,13
Potato,2050,9
Potato,2051,9
Potato,2052,11
Potato,2053,14
Potato,2054,10
Potato,2055,14
Potato,2056,12
Potato,2057,10
Potato,2058,8
Potato,2059,7
Potato,2060,11
Potato,2061,10
Potato,2062,10
Potato,2063,9
Potato,2064,10
Potato,2065,9
Potato,2066,11
Potato,2067,11
Potato,2068,10
Potato,2069,9
Potato,2070,11
Potato,2071,10
Potato,2072,9
Potato,2073,13
Potato,2074,10
Potato,2075,9
Potato,2076,9
Potato,2077,8
Potato,2078,16
Potato,2079,13
Potato,2080,8
Potato,2081,14
Potato,2082,11
Potato,2083,8
Potato,2084,9
Potato,2085,9
Potato,2086,9
Potato,2087,14
Potato,2088,16
Potato,2089,9
Potato,2090,14
Potato,2091,12
Potato,2092,10
Potato,2093,8
Potato,2094,11
Potato,2095,10
Potato,2096,9
Potato,2097,7
Potato,2098,10
Potato,2099,8
Potato,2100,9
Potato,2101,7
Potato,2102,12
Potato,2103,10
Potato,2104,9
Potato,2105,15
Potato,2106,12
Potato,2107,7
Potato,2108,9
Potato,2109,8
Potato,2110,8
Potato,2111,7
Potato,2112,11
Potato,2113,14
Potato,2114,8
Potato,2115,9
Potato,2116,13
Potato,2117,12
Potato,2118,12
Potato,2119,10
Potato,2120,9
Potato,2121,14
Potato,2122,14
Potato,2123,11
Potato,2124,11
Potato,2125,10
Potato,2126,11
Potato,2127,8
Potato,2128,8
Potato,2129,8
Potato,2130,11
Potato,2131,10
Potato,2132,11
Potato,2133,13
Potato,2134,9
Potato,2135,10
Potato,2136,8
Potato,2137,10
Potato,2138,11
Potato,2139,11
Potato,2140,11
Potato,2141,10
Potato,2142,9
Potato,2143,14
Potato,2144,15
Potato,2145,12
Potato,2146,9
Potato,2147,14
Potato,2148,7
Potato,2149,9
Potato,2150,8
Potato,2151,13
Potato,2152,13
Potato,2153,9
Potato,2154,8
Potato,2155,11
Potato,2156,8
Potato,2157,12
Potato,2158,10
Potato,2159,10
Potato,2160,10
Potato,2161,10
Potato,2162,10
Potato,2163,10
Potato,2164,13
Potato,2165,11
Potato,2166,8
Potato,2167,10
Potato,2168,8
Potato,2169,10
Potato,2170,9
Potato,2171,14
Potato,2172,9
Potato,2173,7
Potato,2174,9
Potato,2175,8
Potato,2176,14
Potato,2177,10
Potato,2178,10
Potato,2179,10
Potato,2180,10
Potato,2181,11
Potato,2182,9
Potato,2183,11
Potato,2184,10
Potato,2185,16
Potato,2186,12
Potato,2187,11
Potato,2188,11
Potato,2189,13
Potato,2190,10
Potato,2191,12
Potato,2192,11
Potato,2193,9
Potato,2194,13
Potato,2195,10
Potato,2196,9
Potato,2197,10
Potato,2198,12
Potato,2199,13
Potato,2200,9
Potato,2201,12
Potato,2202,12
Potato,2203,10
Potato,2204,11
Potato,2205,11
Potato,2206,12
Potato,2207,13
Potato,2208,10
Potato,2209,7
Potato,2210,12
Potato,2211,12
Potato,2212,13
Potato,2213,12
Potato,2214,9
Potato,2215,8
Potato,2216,9
Potato,2217,8
Potato,2218,10
Potato,2219,11
Potato,2220,11
Potato,2221,8
Potato,2222,8
Potato,2223,7
Potato,2224,11
Potato,2225,9
Potato,2226,9
Potato,2227,8
Potato,2228,10
Potato,2229,12
Potato,2230,11
Potato,2231,12
Potato,2232,9
Potato,2233,8
Potato,2234,8
Potato,2235,13
Potato,2236,8
Potato,2237,12
Potato,2238,10
Potato,2239,9
Potato,2240,7
Potato,2241,14
Potato,2242,10
Potato,2243,9
Potato,2244,11
Potato,2245,9
Potato,2246,9
Potato,2247,8
Potato,2248,9
Potato,2249,9
Potato,2250,8
Potato,2251,9
Potato,2252,9
Potato,2253,8
Potato,2254,13
Potato,2255,17
Potato,2256,8
Potato,2257,9
Potato,2258,8
Potato,2259,13
Potato,2260,12
Potato,2261,8
Potato,2262,12
Potato,2263,8
Potato,2264,14
Potato,2265,15
Potato,2266,14
Potato,2267,10
Potato,2268,9
Potato,2269,10
Potato,2270,9
Potato,2271,13
Potato,2272,8
Potato,2273,10
Potato,2274,8
Potato,2275,10
Potato,2276,8
Potato,2277,10
Potato,2278,10
Potato,2279,11
Potato,2280,13
Potato,2281,9
Potato,2282,9
Potato,2283,8
Potato,2284,11
Potato,2285,9
Potato,2286,11
Potato,2287,7
Potato,2288,11
Potato,2289,13
Potato,2290,7
Potato,2291,9
Potato,2292,13
Potato,2293,8
Potato,2294,12
Potato,2295,8
Potato,2296,11
Potato,2297,14
Potato,2298,12
Potato,2299,9
Potato,2300,13
Potato,2301,10
Potato,2302,9
Potato,2303,9
Potato,2304,9
Potato,2305,13
Potato,2306,9
Potato,2307,11
Potato,2308,9
Potato,2309,16
Potato,2310,10
Potato,2311,9
Potato,2312,7
Potato,2313,7
Potato,2314,7
Potato,2315,8
Potato,2316,7
Potato,2317,8
Potato,2318,11
Potato,2319,11
Potato,2320,7
Potato,2321,9
Potato,2322,7
Potato,2323,11
Potato,2324,11
Potato,2325,9
Potato,2326,11
Potato,2327,11
Potato,2328,12
Potato,2329,11
Potato,2330,11
Potato,2331,8
Potato,2332,12
Potato,2333,8
Potato,2334,7
Potato,2335,11
Potato,2336,17
Potato,2337,12
Potato,2338,10
Potato,2339,9
Potato,2340,16
Potato,2341,8
Potato,2342,12
Potato,2343,10
Potato,2344,13
Potato,2345,12
Potato,2346,12
Potato,2347,10
Potato,2348,10
Potato,2349,13
Potato,2350,17
Potato,2351,9
Potato,2352,13
Potato,2353,10
Potato,2354,10
Potato,2355,10
Potato,2356,10
Potato,2357,12
Potato,2358,9
Potato,2359,8
Potato,2360,10
Potato,2361,10
Potato,2362,14
Potato,2363,7
Potato,2364,15
Potato,2365,11
Potato,2366,12
Potato,2367,10
Potato,2368,7
Potato,2369,8
Potato,2370,8
Potato,2371,12
Potato,2372,11
Potato,2373,11
Potato,2374,10
Potato,2375,7
Potato,2376,10
Potato,2377,11
Potato,2378,9
Potato,2379,12
Potato,2380,9
Potato,2381,12
Potato,2382,9
Potato,2383,11
Potato,2384,11
Potato,2385,8
Potato,2386,8
Potato,2387,14
Potato,2388,11
Potato,2389,10
Potato,2390,16
Potato,2391,10
Potato,2392,10
Potato,2393,7
Potato,2394,11
Potato,2395,10
Potato,2396,10
Potato,2397,10
Potato,2398,12
Potato,2399,13
Potato,2400,10
Potato,2401,12
Potato,2402,7
Potato,2403,12
Potato,2404,8
Potato,2405,8
Potato,2406,9
Potato,2407,15
Potato,2408,11
Potato,2409,12
Potato,2410,8
Potato,2411,9
Potato,2412,7
Potato,2413,8
Potato,2414,11
Potato,2415,8
Potato,2416,15
Potato,2417,8
Potato,2418,7
Potato,2419,10
Potato,2420,11
Potato,2421,14
Potato,2422,10
Potato,2423,9
Potato,2424,10
Potato,2425,8
Potato,2426,8
Potato,2427,11
Potato,2428,9
Potato,2429,8
Potato,2430,11
Potato,2431,13
Potato,2432,13
Potato,2433,10
Potato,2434,14
Potato,2435,9
Potato,2436,12
Potato,2437,10
Potato,2438,9
Potato,2439,8
Potato,2440,10
Potato,2441,13
Potato,2442,8
Potato,2443,12
Potato,2444,21
Potato,2445,11
Potato,2446,10
Potato,2447,12
Potato,2448,11
Potato,2449,8
Potato,2450,9
Potato,2451,9
Potato,2452,9
Potato,2453,11
Potato,2454,9
Potato,2455,11
Potato,2456,10
Potato,2457,10
Potato,2458,7
Potato,2459,10
Potato,2460,7
Potato,2461,9
Potato,2462,9
Potato,2463,10
Potato,2464,12
Potato,2465,11
Potato,2466,7
Potato,2467,9
Potato,2468,12
Potato,2469,11
Potato,2470,11
Potato,2471,15
Potato,2472,13
Potato,2473,7
Potato,2474,10
Potato,2475,15
Potato,2476,11
Potato,2477,8
Potato,2478,20
Potato,2479,10
Potato,2480,8
Potato,2481,11
Potato,2482,11
Potato,2483,7
Potato,2484,10
Potato,2485,9
Potato,2486,7
Potato,2487,7
Potato,2488,8
Potato,2489,8
Potato,2490,11
Potato,2491,10
Potato,2492,12
Potato,2493,9
Potato,2494,8
Potato,2495,10
Potato,2496,9
Potato,2497,7
Potato,2498,14
Potato,2499,10
Potato,2500,9
Potato,2501,8
Potato,2502,8
Potato,2503,10
Potato,2504,11
Potato,2505,10
Potato,2506,11
Potato,2507,11
Potato,2508,7
Potato,2509,8
Potato,2510,9
Potato,2511,14
Potato,2512,8
Potato,2513,11
Potato,2514,9
Potato,2515,11
Potato,2516,8
Potato,2517,8
Potato,2518,13
Potato,2519,7
Potato,2520,11
Potato,2521,9
Potato,2522,10
Potato,2523,10
Potato,2524,8
Potato,2525,8
Potato,2526,10
Potato,2527,8
Potato,2528,13
Potato,2529,10
Potato,2530,10
Potato,2531,15
Potato,2532,10
Potato,2533,14
Potato,2534,10
Potato,2535,8
Potato,2536,7
Potato,2537,12
Potato,2538,9
Potato,2539,9
Potato,2540,10
Potato,2541,12
Potato,2542,10
Potato,2543,11
Potato,2544,7
Potato,2545,9
Potato,2546,8
Potato,2547,9
Potato,2548,15
Potato,2549,12
Potato,2550,9
Potato,2551,13
Potato,2552,15
Potato,2553,15
Potato,2554,13
Potato,2555,10
Potato,2556,12
Potato,2557,10
Potato,2558,9
Potato,2559,11
Potato,2560,9
Potato,2561,9
Potato,2562,9
Potato,2563,8
Potato,2564,10
Potato,2565,7
Potato,2566,10
Potato,2567,11
Potato,2568,10
Potato,2569,9
Potato,2570,8
Potato,2571,14
Potato,2572,9
Potato,2573,9
Potato,2574,11
Potato,2575,7
Potato,2576,11
Potato,2577,12
Potato,2578,11
Potato,2579,11
Potato,2580,11
Potato,2581,10
Potato,2582,9
Potato,2583,11
Potato,2584,11
Potato,2585,12
Potato,2586,11
Potato,2587,11
Potato,2588,11
Potato,2589,10
Potato,2590,12
Potato,2591,11
Potato,2592,7
Potato,2593,9
Potato,2594,10
Potato,2595,10
Potato,2596,7
Potato,2597,9
Potato,2598,7
Potato,2599,12
Potato,2600,13
Potato,2601,10
Potato,2602,8
Potato,2603,11
Potato,2604,14
Potato,2605,8
Potato,2606,11
Potato,2607,8
Potato,2608,10
Potato,2609,10
Potato,2610,9
Potato,2611,7
Potato,2612,12
Potato,2613,10
Potato,2614,8
Potato,2615,9
Potato,2616,12
Potato,2617,12
Potato,2618,11
Potato,2619,13
Potato,2620,9
Potato,2621,10
Potato,2622,11
Potato,2623,12
Potato,2624,13
Potato,2625,9
Potato,2626,8
Potato,2627,9
Potato,2628,8
Potato,2629,7
Potato,2630,11
Potato,2631,10
Potato,2632,10
Potato,2633,11
Potato,2634,17
Potato,2635,8
Potato,2636,8
Potato,2637,7
Potato,2638,7
Potato,2639,9
Potato,2640,17
Potato,2641,9
Potato,2642,11
Potato,2643,11
Potato,2644,14
Potato,2645,11
Potato,2646,10
Potato,2647,8
Potato,2648,9
Potato,2649,10
Potato,2650,10
Potato,2651,9
Potato,2652,13
Potato,2653,12
Potato,2654,11
Potato,2655,10
Potato,2656,12
Potato,2657,11
Potato,2658,13
Potato,2659,14
Potato,2660,10
Potato,2661,13
Potato,2662,14
Potato,2663,8
Potato,2664,12
Potato,2665,7
Potato,2666,11
Potato,2667,14
Potato,2668,9
Potato,2669,11
Potato,2670,9
Potato,2671,16
Potato,2672,8
Potato,2673,8
Potato,2674,8
Potato,2675,10
Potato,2676,12
Potato,2677,10
Potato,2678,9
Potato,2679,14
Potato,2680,10
Potato,2681,12
Potato,2682,12
Potato,2683,9
Potato,2684,13
Potato,2685,9
Potato,2686,8
Potato,2687,8
Potato,2688,13
Potato,2689,8
Potato,2690,8
Potato,2691,8
Potato,2692,9
Potato,2693,11
Potato,2694,12
Potato,2695,11
Potato,2696,10
Potato,2697,11
Potato,2698,11
Potato,2699,12
Potato,2700,9
Potato,2701,10
Potato,2702,10
Potato,2703,12
Potato,2704,9
Potato,2705,11
Potato,2706,8
Potato,2707,10
Potato,2708,11
Potato,2709,10
Potato,2710,15
Potato,2711,8
Potato,2712,8
Potato,2713,10
Potato,2714,12
Potato,2715,11
Potato,2716,9
Potato,2717,10
Potato,2718,9
Potato,2719,9
Potato,2720,9
Potato,2721,9
Potato,2722,9
Potato,2723,11
Potato,2724,11
Potato,2725,10
Potato,2726,11
Potato,2727,10
Potato,2728,13
Potato,2729,11
Potato,2730,16
Potato,2731,8
Potato,2732,11
Potato,2733,16
Potato,2734,11
Potato,2735,11
Potato,2736,9
Potato,2737,10
Potato,2738,12
Potato,2739,8
Potato,2740,7
Potato,2741,9
Potato,2742,13
Potato,2743,13
Potato,2744,11
Potato,2745,11
Potato,2746,9
Potato,2747,11
Potato,2748,12
Potato,2749,11
Potato,2750,17
Potato,2751,9
Potato,2752,12
Potato,2753,9
Potato,2754,13
Potato,2755,11
Potato,2756,10
Potato,2757,11
Potato,2758,7
Potato,2759,12
Potato,2760,8
Potato,2761,7
Potato,2762,9
Potato,2763,13
Potato,2764,9
Potato,2765,8
Potato,2766,14
Potato,2767,10
Potato,2768,8
Potato,2769,10
Potato,2770,10
Potato,2771,10
Potato,2772,12
Potato,2773,10
Potato,2774,9
Potato,2775,12
Potato,2776,8
Potato,2777,10
Potato,2778,13
Potato,2779,12
Potato,2780,15
Potato,2781,8
Potato,2782,12
Potato,2783,11
Potato,2784,10
Potato,2785,9
Potato,2786,14
Potato,2787,12
Potato,2788,10
Potato,2789,10
Potato,2790,12
Potato,2791,10
Potato,2792,9
Potato,2793,9
Potato,2794,14
Potato,2795,11
Potato,2796,10
Potato,2797,10
Potato,2798,11
Potato,2799,13
Potato,2800,11
Potato,2801,10
Potato,2802,7
Potato,2803,14
Potato,2804,8
Potato,2805,10
Potato,2806,8
Potato,2807,9
Potato,2808,13
Potato,2809,8
Potato,2810,10
Potato,2811,13
Potato,2812,12
Potato,2813,7
Potato,2814,10
Potato,2815,8
Potato,2816,9
Potato,2817,8
Potato,2818,9
Potato,2819,14
Potato,2820,9
Potato,2821,11
Potato,2822,13
Potato,2823,9
Potato,2824,15
Potato,2825,9
Potato,2826,10
Potato,2827,13
Potato,2828,11
Potato,2829,13
Potato,2830,13
Potato,2831,10
Potato,2832,9
Potato,2833,8
Potato,2834,13
Potato,2835,11
Potato,2836,11
Potato,2837,9
Potato,2838,9
Potato,2839,9
Potato,2840,12
Potato,2841,14
Potato,2842,11
Potato,2843,14
Potato,2844,10
Potato,2845,8
Potato,2846,12
Potato,2847,11
Potato,2848,9
Potato,2849,9
Potato,2850,10
Potato,2851,10
Potato,2852,11
Potato,2853,10
Potato,2854,11
Potato,2855,10
Potato,2856,12
Potato,2857,12
Potato,2858,10
Potato,2859,9
Potato,2860,9
Potato,2861,12
Potato,2862,9
Potato,2863,9
Potato,2864,9
Potato,2865,9
Potato,2866,9
Potato,2867,12
Potato,2868,7
Potato,2869,8
Potato,2870,10
Potato,2871,7
Potato,2872,11
Potato,2873,8
Potato,2874,10
Potato,2875,12
Potato,2876,10
Potato,2877,7
Potato,2878,9
Potato,2879,7
Potato,2880,7
Potato,2881,10
Potato,2882,9
Potato,2883,11
Potato,2884,9
Potato,2885,10
Potato,2886,9
Potato,2887,8
Potato,2888,8
Potato,2889,11
Potato,2890,9
Potato,2891,8
Potato,2892,9
Potato,2893,10
Potato,2894,9
Potato,2895,8
Potato,2896,7
Potato,2897,10
Potato,2898,8
Potato,2899,9
Potato,2900,9
Potato,2901,11
Potato,2902,9
Potato,2903,7
Potato,2904,9
Potato,2905,7
Potato,2906,13
Potato,2907,10
Potato,2908,11
Potato,2909,15
Potato,2910,11
Potato,2911,11
Potato,2912,10
Potato,2913,9
Potato,2914,9
Potato,2915,9
Potato,2916,11
Potato,2917,12
Potato,2918,8
Potato,2919,10
Potato,2920,10
Potato,2921,11
Potato,2922,9
Potato,2923,9
Potato,2924,10
Potato,2925,11
Potato,2926,10
Potato,2927,11
Potato,2928,10
Potato,2929,10
Potato,2930,8
Potato,2931,11
Potato,2932,13
Potato,2933,9
Potato,2934,10
Potato,2935,10
Potato,2936,10
Potato,2937,10
Potato,2938,11
Potato,2939,10
Potato,2940,13
Potato,2941,13
Potato,2942,9
Potato,2943,10
Potato,2944,14
Potato,2945,15
Potato,2946,7
Potato,2947,10
Potato,2948,12
Potato,2949,9
Potato,2950,13
Potato,2951,7
Potato,2952,11
Potato,2953,9
Potato,2954,9
Potato,2955,15
Potato,2956,13
Potato,2957,9
Potato,2958,17
Potato,2959,10
Potato,2960,10
Potato,2961,10
Potato,2962,11
Potato,2963,9
Potato,2964,7
Potato,2965,10
Potato,2966,12
Potato,2967,9
Potato,2968,9
Potato,2969,7
Potato,2970,9
Potato,2971,9
Potato,2972,13
Potato,2973,7
Potato,2974,13
Potato,2975,11
Potato,2976,14
Potato,2977,9
Potato,2978,11
Potato,2979,8
Potato,2980,7
Potato,2981,12
Potato,2982,10
Potato,2983,9
Potato,2984,13
Potato,2985,13
Potato,2986,13
Potato,2987,14
Potato,2988,11
Potato,2989,7
Potato,2990,8
Potato,2991,10
Potato,2992,19
Potato,2993,7
Potato,2994,12
Potato,2995,10
Potato,2996,8
Potato,2997,12
Potato,2998,12
Potato,2999,11
Pumpkin,0,10
Pumpkin,1,12
Pumpkin,2,11
Pumpkin,3,14
Pumpkin,4,9
Pumpkin,5,12
Pumpkin,6,9
Pumpkin,7,8
Pumpkin,8,10
Pumpkin,9,11
Pumpkin,10,8
Pumpkin,11,7
Pumpkin,12,9
Pumpkin,13,10
Pumpkin,14,10
Pumpkin,15,12
Pumpkin,16,11
Pumpkin,17,9
Pumpkin,18,9
Pumpkin,19,7
Pumpkin,20,12
Pumpkin,21,12
Pumpkin,22,9
Pumpkin,23,7
Pumpkin,24,10
Pumpkin,25,9
Pumpkin,26,12
Pumpkin,27,11
Pumpkin,28,11
Pumpkin,29,9
Pumpkin,30,10
Pumpkin,31,8
Pumpkin,32,13
Pumpkin,33,10
Pumpkin,34,8
Pumpkin,35,9
Pumpkin,36,11
Pumpkin,37,8
Pumpkin,38,7
Pumpkin,39,10
Pumpkin,40,13
Pumpkin,41,10
Pumpkin,42,11
Pumpkin,43,10
Pumpkin,44,8
Pumpkin,45,12
Pumpkin,46,8
Pumpkin,47,9
Pumpkin,48,9
Pumpkin,49,9
Pumpkin,50,10
Pumpkin,51,12
Pumpkin,52,10
Pumpkin,53,11
Pumpkin,54,11
Pumpkin,55,9
Pumpkin,56,13
Pumpkin,57,11
Pumpkin,58,15
Pumpkin,59,9
Pumpkin,60,13
Pumpkin,61,8
Pumpkin,62,8
Pumpkin,63,7
Pumpkin,64,7
Pumpkin,65,10
Pumpkin,66,14
Pumpkin,67,15
Pumpkin,68,8
Pumpkin,69,8
Pumpkin,70,9
Pumpkin,71,12
Pumpkin,72,12
Pumpkin,73,8
Pumpkin,74,15
Pumpkin,75,9
Pumpkin,76,11
Pumpkin,77,11
Pumpkin,78,8
Pumpkin,79,13
Pumpkin,80,9
Pumpkin,81,9
Pumpkin,82,15
Pumpkin,83,7
Pumpkin,84,7
Pumpkin,85,10
Pumpkin,86,9
Pumpkin,87,13
Pumpkin,88,12
Pumpkin,89,13
Pumpkin,90,11
Pumpkin,91,15
Pumpkin,92,15
Pumpkin,93,12
Pumpkin,94,11
Pumpkin,95,10
Pumpkin,96,11
Pumpkin,97,10
Pumpkin,98,8
Pumpkin,99,9
Pumpkin,100,14
Pumpkin,101,8
Pumpkin,102,8
Pumpkin,103,11
Pumpkin,104,9
Pumpkin,105,10
Pumpkin,106,9
Pumpkin,107,7
Pumpkin,108,8
Pumpkin,109,11
Pumpkin,110,15
Pumpkin,111,11
Pumpkin,112,7
Pumpkin,113,9
Pumpkin,114,10
Pumpkin,115,11
Pumpkin,116,11
Pumpkin,117,10
Pumpkin,118,11
Pumpkin,119,11
Pumpkin,120,10
Pumpkin,121,8
Pumpkin,122,13
Pumpkin,123,10
Pumpkin,124,9
Pumpkin,125,11
Pumpkin,126,10
Pumpkin,127,10
Pumpkin,128,7
Pumpkin,129,11
Pumpkin,130,12
Pumpkin,131,11
Pumpkin,132,10
Pumpkin,133,10
Pumpkin,134,8
Pumpkin,135,8
Pumpkin,136,13
Pumpkin,137,10
Pumpkin,138,8
Pumpkin,139,8
Pumpkin,140,12
Pumpkin,141,10
Pumpkin,142,11
Pumpkin,143,7
Pumpkin,144,8
Pumpkin,145,11
Pumpkin,146,12
Pumpkin,147,7
Pumpkin,148,9
Pumpkin,149,12
Pumpkin,150,15
Pumpkin,151,8
Pumpkin,152,8
Pumpkin,153,10
Pumpkin,154,15
Pumpkin,155,9
Pumpkin,156,9
Pumpkin,157,9
Pumpkin,158,9
Pumpkin,159,8
Pumpkin,160,12
Pumpkin,161,8
Pumpkin,162,11
Pumpkin,163,9
Pumpkin,164,8
Pumpkin,165,8
Pumpkin,166,8
Pumpkin,167,10
Pumpkin,168,13
Pumpkin,169,8
Pumpkin,170,10
Pumpkin,171,10
Pumpkin,172,11
Pumpkin,173,11
Pumpkin,174,10
Pumpkin,175,14
Pumpkin,176,9
Pumpkin,177,20
Pumpkin,178,9
Pumpkin,179,11
Pumpkin,180,10
Pumpkin,181,12
Pumpkin,182,10
Pumpkin,183,11
Pumpkin,184,15
Pumpkin,185,9
Pumpkin,186,11
Pumpkin,187,10
Pumpkin,188,14
Pumpkin,189,10
Pumpkin,190,11
Pumpkin,191,7
Pumpkin,192,9
Pumpkin,193,11
Pumpkin,194,9
Pumpkin,195,10
Pumpkin,196,10
Pumpkin,197,21
Pumpkin,198,7
Pumpkin,199,10
Pumpkin,200,12
Pumpkin,201,14
Pumpkin,202,8
Pumpkin,203,9
Pumpkin,204,10
Pumpkin,205,9
Pumpkin,206,16
Pumpkin,207,11
Pumpkin,208,10
Pumpkin,209,9
Pumpkin,210,7
Pumpkin,211,7
Pumpkin,212,11
Pumpkin,213,12
Pumpkin,214,10
Pumpkin,215,11
Pumpkin,216,10
Pumpkin,217,10
Pumpkin,218,7
Pumpkin,219,12
Pumpkin,220,10
Pumpkin,221,7
Pumpkin,222,9
Pumpkin,223,10
Pumpkin,224,12
Pumpkin,225,11
Pumpkin,226,9
Pumpkin,227,8
Pumpkin,228,10
Pumpkin,229,11
Pumpkin,230,10
Pumpkin,231,9
Pumpkin,232,9
Pumpkin,233,11
Pumpkin,234,10
Pumpkin,235,9
Pumpkin,236,9
Pumpkin,237,12
Pumpkin,238,8
Pumpkin,239,14
Pumpkin,240,15
Pumpkin,241,8
Pumpkin,242,18
Pumpkin,243,8
Pumpkin,244,8
Pumpkin,245,7
Pumpkin,246,13
Pumpkin,247,7
Pumpkin,248,10
Pumpkin,249,9
Pumpkin,250,7
Pumpkin,251,7
Pumpkin,252,10
Pumpkin,253,10
Pumpkin,254,8
Pumpkin,255,18
Pumpkin,256,10
Pumpkin,257,10
Pumpkin,258,9
Pumpkin,259,10
Pumpkin,260,7
Pumpkin,261,18
Pumpkin,262,9
Pumpkin,263,10
Pumpkin,264,9
Pumpkin,265,9
Pumpkin,266,8
Pumpkin,267,10
Pumpkin,268,10
Pumpkin,269,11
Pumpkin,270,16
Pumpkin,271,7
Pumpkin,272,7
Pumpkin,273,13
Pumpkin,274,9
Pumpkin,275,10
Pumpkin,276,8
Pumpkin,277,13
Pumpkin,278,9
Pumpkin,279,13
Pumpkin,280,9
Pumpkin,281,8
Pumpkin,282,11
Pumpkin,283,17
Pumpkin,284,9
Pumpkin,285,12
Pumpkin,286,11
Pumpkin,287,8
Pumpkin,288,9
Pumpkin,289,11
Pumpkin,290,8
Pumpkin,291,7
Pumpkin,292,13
Pumpkin,293,7
Pumpkin,294,11
Pumpkin,295,9
Pumpkin,296,10
Pumpkin,297,11
Pumpkin,298,9
Pumpkin,299,14
Pumpkin,300,8
Pumpkin,301,9
Pumpkin,302,9
Pumpkin,303,11
Pumpkin,304,14
Pumpkin,305,13
Pumpkin,306,12
Pumpkin,307,8
Pumpkin,308,10
Pumpkin,309,11
Pumpkin,310,7
Pumpkin,311,12
Pumpkin,312,11
Pumpkin,313,12
Pumpkin,314,10
Pumpkin,315,8
Pumpkin,316,7
Pumpkin,317,15
Pumpkin,318,12
Pumpkin,319,13
Pumpkin,320,11
Pumpkin,321,8
Pumpkin,322,9
Pumpkin,323,10
Pumpkin,324,12
Pumpkin,325,8
Pumpkin,326,15
Pumpkin,327,18
Pumpkin,328,9
Pumpkin,329,8
Pumpkin,330,12
Pumpkin,331,8
Pumpkin,332,9
Pumpkin,333,9
Pumpkin,334,8
Pumpkin,335,10
Pumpkin,336,10
Pumpkin,337,10
Pumpkin,338,11
Pumpkin,339,11
Pumpkin,340,8
Pumpkin,341,7
Pumpkin,342,11
Pumpkin,343,11
Pumpkin,344,16
Pumpkin,345,10
Pumpkin,346,7
Pumpkin,347,10
Pumpkin,348,13
Pumpkin,349,10
Pumpkin,350,11
Pumpkin,351,8
Pumpkin,352,10
Pumpkin,353,8
Pumpkin,354,13
Pumpkin,355,8
Pumpkin,356,12
Pumpkin,357,8
Pumpkin,358,13
Pumpkin,359,13
Pumpkin,360,9
Pumpkin,361,10
Pumpkin,362,10
Pumpkin,363,9
Pumpkin,364,11
Pumpkin,365,17
Pumpkin,366,8
Pumpkin,367,10
Pumpkin,368,10
Pumpkin,369,14
Pumpkin,370,8
Pumpkin,371,12
Pumpkin,372,8
Pumpkin,373,10
Pumpkin,374,12
Pumpkin,375,8
Pumpkin,376,11
Pumpkin,377,9
Pumpkin,378,10
Pumpkin,379,9
Pumpkin,380,11
Pumpkin,381,11
Pumpkin,382,7
Pumpkin,383,9
Pumpkin,384,9
Pumpkin,385,10
Pumpkin,386,8
Pumpkin,387,9
Pumpkin,388,9
Pumpkin,389,14
Pumpkin,390,7
Pumpkin,391,13
Pumpkin,392,13
Pumpkin,393,10
Pumpkin,394,9
Pumpkin,395,11
Pumpkin,396,9
Pumpkin,397,7
Pumpkin,398,8
Pumpkin,399,8
Pumpkin,400,9
Pumpkin,401,8
Pumpkin,402,12
Pumpkin,403,7
Pumpkin,404,11
Pumpkin,405,9
Pumpkin,406,7
Pumpkin,407,8
Pumpkin,408,21
Pumpkin,409,8
Pumpkin,410,8
Pumpkin,411,8
Pumpkin,412,8
Pumpkin,413,8
Pumpkin,414,13
Pumpkin,415,14
Pumpkin,416,9
Pumpkin,417,12
Pumpkin,418,9
Pumpkin,419,8
Pumpkin,420,10
Pumpkin,421,12
Pumpkin,422,7
Pumpkin,423,10
Pumpkin,424,9
Pumpkin,425,18
Pumpkin,426,14
Pumpkin,427,13
Pumpkin,428,8
Pumpkin,429,7
Pumpkin,430,10
Pumpkin,431,9
Pumpkin,432,11
Pumpkin,433,7
Pumpkin,434,9
Pumpkin,435,7
Pumpkin,436,8
Pumpkin,437,12
Pumpkin,438,8
Pumpkin,439,9
Pumpkin,440,13
Pumpkin,441,10
Pumpkin,442,10
Pumpkin,443,16
Pumpkin,444,11
Pumpkin,445,8
Pumpkin,446,7
Pumpkin,447,8
Pumpkin,448,14
Pumpkin,449,11
Pumpkin,450,12
Pumpkin,451,11
Pumpkin,452,8
Pumpkin,453,10
Pumpkin,454,7
Pumpkin,455,7
Pumpkin,456,9
Pumpkin,457,11
Pumpkin,458,8
Pumpkin,459,12
Pumpkin,460,8
Pumpkin,461,11
Pumpkin,462,13
Pumpkin,463,10
Pumpkin,464,9
Pumpkin,465,11
Pumpkin,466,10
Pumpkin,467,9
Pumpkin,468,8
Pumpkin,469,11
Pumpkin,470,9
Pumpkin,471,12
Pumpkin,472,7
Pumpkin,473,8
Pumpkin,474,8
Pumpkin,475,10
Pumpkin,476,11
Pumpkin,477,11
Pumpkin,478,10
Pumpkin,479,8
Pumpkin,480,11
Pumpkin,481,9
Pumpkin,482,10
Pumpkin,483,12
Pumpkin,484,12
Pumpkin,485,8
Pumpkin,486,8
Pumpkin,487,11
Pumpkin,488,7
Pumpkin,489,9
Pumpkin,490,8
Pumpkin,491,13
Pumpkin,492,8
Pumpkin,493,12
Pumpkin,494,10
Pumpkin,495,10
Pumpkin,496,10
Pumpkin,497,12
Pumpkin,498,12
Pumpkin,499,12
Pumpkin,500,12
Pumpkin,501,8
Pumpkin,502,10
Pumpkin,503,10
Pumpkin,504,13
Pumpkin,505,10
Pumpkin,506,10
Pumpkin,507,12
Pumpkin,508,12
Pumpkin,509,12
Pumpkin,510,15
Pumpkin,511,15
Pumpkin,512,9
Pumpkin,513,8
Pumpkin,514,9
Pumpkin,515,9
Pumpkin,516,9
Pumpkin,517,11
Pumpkin,518,10
Pumpkin,519,12
Pumpkin,520,9
Pumpkin,521,8
Pumpkin,522,9
Pumpkin,523,13
Pumpkin,524,10
Pumpkin,525,9
Pumpkin,526,10
Pumpkin,527,11
Pumpkin,528,8
Pumpkin,529,8
Pumpkin,530,13
Pumpkin,531,13
Pumpkin,532,12
Pumpkin,533,12
Pumpkin,534,13
Pumpkin,535,14
Pumpkin,536,10
Pumpkin,537,12
Pumpkin,538,10
Pumpkin,539,13
Pumpkin,540,10
Pumpkin,541,9
Pumpkin,542,9
Pumpkin,543,11
Pumpkin,544,12
Pumpkin,545,9
Pumpkin,546,10
Pumpkin,547,10
Pumpkin,548,12
Pumpkin,549,9
Pumpkin,550,13
Pumpkin,551,16
Pumpkin,552,11
Pumpkin,553,9
Pumpkin,554,17
Pumpkin,555,11
Pumpkin,556,13
Pumpkin,557,13
Pumpkin,558,8
Pumpkin,559,9
Pumpkin,560,16
Pumpkin,561,11
Pumpkin,562,10
Pumpkin,563,11
Pumpkin,564,9
Pumpkin,565,11
Pumpkin,566,11
Pumpkin,567,13
Pumpkin,568,9
Pumpkin,569,11
Pumpkin,570,10
Pumpkin,571,15
Pumpkin,572,9
Pumpkin,573,8
Pumpkin,574,9
Pumpkin,575,9
Pumpkin,576,11
Pumpkin,577,14
Pumpkin,578,11
Pumpkin,579,8
Pumpkin,580,11
Pumpkin,581,9
Pumpkin,582,10
Pumpkin,583,8
Pumpkin,584,10
Pumpkin,585,9
Pumpkin,586,10
Pumpkin,587,12
Pumpkin,588,10
Pumpkin,589,7
Pumpkin,590,8
Pumpkin,591,16
Pumpkin,592,11
Pumpkin,593,14
Pumpkin,594,11
Pumpkin,595,10
Pumpkin,596,11
Pumpkin,597,12
Pumpkin,598,11
Pumpkin,599,12
Pumpkin,600,9
Pumpkin,601,11
Pumpkin,602,9
Pumpkin,603,9
Pumpkin,604,12
Pumpkin,605,7
Pumpkin,606,11
Pumpkin,607,11
Pumpkin,608,8
Pumpkin,609,10
Pumpkin,610,12
Pumpkin,611,12
Pumpkin,612,8
Pumpkin,613,10
Pumpkin,614,9
Pumpkin,615,8
Pumpkin,616,8
Pumpkin,617,9
Pumpkin,618,13
Pumpkin,619,10
Pumpkin,620,10
Pumpkin,621,12
Pumpkin,622,11
Pumpkin,623,7
Pumpkin,624,9
Pumpkin,625,12
Pumpkin,626,13
Pumpkin,627,8
Pumpkin,628,7
Pumpkin,629,10
Pumpkin,630,11
Pumpkin,631,9
Pumpkin,632,12
Pumpkin,633,10
Pumpkin,634,14
Pumpkin,635,10
Pumpkin,636,12
Pumpkin,637,14
Pumpkin,638,9
Pumpkin,639,8
Pumpkin,640,10
Pumpkin,641,13
Pumpkin,642,9
Pumpkin,643,13
Pumpkin,644,12
Pumpkin,645,8
Pumpkin,646,12
Pumpkin,647,8
Pumpkin,648,10
Pumpkin,649,11
Pumpkin,650,10
Pumpkin,651,18
Pumpkin,652,16
Pumpkin,653,8
Pumpkin,654,12
Pumpkin,655,13
Pumpkin,656,9
Pumpkin,657,13
Pumpkin,658,15
Pumpkin,659,8
Pumpkin,660,9
Pumpkin,661,11
Pumpkin,662,14
Pumpkin,663,9
Pumpkin,664,11
Pumpkin,665,10
Pumpkin,666,8
Pumpkin,667,8
Pumpkin,668,11
Pumpkin,669,9
Pumpkin,670,13
Pumpkin,671,10
Pumpkin,672,8
Pumpkin,673,11
Pumpkin,674,11
Pumpkin,675,9
Pumpkin,676,9
Pumpkin,677,9
Pumpkin,678,10
Pumpkin,679,8
Pumpkin,680,7
Pumpkin,681,8
Pumpkin,682,8
Pumpkin,683,7
Pumpkin,684,13
Pumpkin,685,11
Pumpkin,686,9
Pumpkin,687,14
Pumpkin,688,8
Pumpkin,689,8
Pumpkin,690,8
Pumpkin,691,11
Pumpkin,692,9
Pumpkin,693,14
Pumpkin,694,9
Pumpkin,695,9
Pumpkin,696,11
Pumpkin,697,9
Pumpkin,698,13
Pumpkin,699,8
Pumpkin,700,8
Pumpkin,701,11
Pumpkin,702,9
Pumpkin,703,14
Pumpkin,704,12
Pumpkin,705,12
Pumpkin,706,17
Pumpkin,707,10
Pumpkin,708,11
Pumpkin,709,9
Pumpkin,710,8
Pumpkin,711,10
Pumpkin,712,11
Pumpkin,713,9
Pumpkin,714,12
Pumpkin,715,9
Pumpkin,716,10
Pumpkin,717,12
Pumpkin,718,10
Pumpkin,719,12
Pumpkin,720,10
Pumpkin,721,9
Pumpkin,722,11
Pumpkin,723,15
Pumpkin,724,8
Pumpkin,725,9
Pumpkin,726,10
Pumpkin,727,8
Pumpkin,728,14
Pumpkin,729,12
Pumpkin,730,10
Pumpkin,731,8
Pumpkin,732,8
Pumpkin,733,12
Pumpkin,734,10
Pumpkin,735,8
Pumpkin,736,8
Pumpkin,737,9
Pumpkin,738,7
Pumpkin,739,13
Pumpkin,740,7
Pumpkin,741,12
Pumpkin,742,11
Pumpkin,743,9
Pumpkin,744,8
Pumpkin,745,7
Pumpkin,746,7
Pumpkin,747,8
Pumpkin,748,9
Pumpkin,749,10
Pumpkin,750,9
Pumpkin,751,11
Pumpkin,752,9
Pumpkin,753,10
Pumpkin,754,9
Pumpkin,755,11
Pumpkin,756,10
Pumpkin,757,10
Pumpkin,758,11
Pumpkin,759,13
Pumpkin,760,11
Pumpkin,761,7
Pumpkin,762,8
Pumpkin,763,9
Pumpkin,764,11
Pumpkin,765,9
Pumpkin,766,9
Pumpkin,767,12
Pumpkin,768,14
Pumpkin,769,9
Pumpkin,770,8
Pumpkin,771,10
Pumpkin,772,10
Pumpkin,773,10
Pumpkin,774,9
Pumpkin,775,10
Pumpkin,776,8
Pumpkin,777,10
Pumpkin,778,13
Pumpkin,779,13
Pumpkin,780,14
Pumpkin,781,8
Pumpkin,782,10
Pumpkin,783,11
Pumpkin,784,11
Pumpkin,785,9
Pumpkin,786,10
Pumpkin,787,8
Pumpkin,788,9
Pumpkin,789,10
Pumpkin,790,9
Pumpkin,791,14
Pumpkin,792,11
Pumpkin,793,9
Pumpkin,794,14
Pumpkin,795,11
Pumpkin,796,9
Pumpkin,797,12
Pumpkin,798,13
Pumpkin,799,9
Pumpkin,800,8
Pumpkin,801,8
Pumpkin,802,10
Pumpkin,803,8
Pumpkin,804,12
Pumpkin,805,11
Pumpkin,806,12
Pumpkin,807,10
Pumpkin,808,11
Pumpkin,809,15
Pumpkin,810,7
Pumpkin,811,9
Pumpkin,812,10
Pumpkin,813,13
Pumpkin,814,12
Pumpkin,815,8
Pumpkin,816,13
Pumpkin,817,11
Pumpkin,818,12
Pumpkin,819,17
Pumpkin,820,8
Pumpkin,821,7
Pumpkin,822,9
Pumpkin,823,11
Pumpkin,824,10
Pumpkin,825,12
Pumpkin,826,9
Pumpkin,827,8
Pumpkin,828,9
Pumpkin,829,16
Pumpkin,830,12
Pumpkin,831,12
Pumpkin,832,8
Pumpkin,833,10
Pumpkin,834,8
Pumpkin,835,14
Pumpkin,836,12
Pumpkin,837,15
Pumpkin,838,10
Pumpkin,839,11
Pumpkin,840,12
Pumpkin,841,7
Pumpkin,842,10
Pumpkin,843,10
Pumpkin,844,12
Pumpkin,845,9
Pumpkin,846,12
Pumpkin,847,13
Pumpkin,848,10
Pumpkin,849,11
Pumpkin,850,11
Pumpkin,851,9
Pumpkin,852,10
Pumpkin,853,13
Pumpkin,854,8
Pumpkin,855,9
Pumpkin,856,13
Pumpkin,857,12
Pumpkin,858,11
Pumpkin,859,14
Pumpkin,860,10
Pumpkin,861,11
Pumpkin,862,7
Pumpkin,863,10
Pumpkin,864,10
Pumpkin,865,7
Pumpkin,866,12
Pumpkin,867,16
Pumpkin,868,10
Pumpkin,869,12
Pumpkin,870,11
Pumpkin,871,12
Pumpkin,872,9
Pumpkin,873,9
Pumpkin,874,10
Pumpkin,875,12
Pumpkin,876,12
Pumpkin,877,10
Pumpkin,878,10
Pumpkin,879,7
Pumpkin,880,8
Pumpkin,881,7
Pumpkin,882,13
Pumpkin,883,12
Pumpkin,884,9
Pumpkin,885,11
Pumpkin,886,9
Pumpkin,887,9
Pumpkin,888,11
Pumpkin,889,10
Pumpkin,890,8
Pumpkin,891,7
Pumpkin,892,10
Pumpkin,893,7
Pumpkin,894,7
Pumpkin,895,8
Pumpkin,896,11
Pumpkin,897,7
Pumpkin,898,10
Pumpkin,899,10
Pumpkin,900,13
Pumpkin,901,7
Pumpkin,902,9
Pumpkin,903,7
Pumpkin,904,9
Pumpkin,905,9
Pumpkin,906,14
Pumpkin,907,11
Pumpkin,908,8
Pumpkin,909,12
Pumpkin,910,10
Pumpkin,911,11
Pumpkin,912,7
Pumpkin,913,13
Pumpkin,914,11
Pumpkin,915,12
Pumpkin,916,8
Pumpkin,917,7
Pumpkin,918,11
Pumpkin,919,7
Pumpkin,920,10
Pumpkin,921,10
Pumpkin,922,9
Pumpkin,923,10
Pumpkin,924,9
Pumpkin,925,7
Pumpkin,926,14
Pumpkin,927,13
Pumpkin,928,7
Pumpkin,929,11
Pumpkin,930,9
Pumpkin,931,10
Pumpkin,932,12
Pumpkin,933,16
Pumpkin,934,10
Pumpkin,935,12
Pumpkin,936,10
Pumpkin,937,9
Pumpkin,938,11
Pumpkin,939,12
Pumpkin,940,8
Pumpkin,941,11
Pumpkin,942,12
Pumpkin,943,9
Pumpkin,944,9
Pumpkin,945,10
Pumpkin,946,9
Pumpkin,947,11
Pumpkin,948,10
Pumpkin,949,7
Pumpkin,950,9
Pumpkin,951,10
Pumpkin,952,9
Pumpkin,953,9
Pumpkin,954,16
Pumpkin,955,13
Pumpkin,956,10
Pumpkin,957,9
Pumpkin,958,8
Pumpkin,959,10
Pumpkin,960,9
Pumpkin,961,9
Pumpkin,962,15
Pumpkin,963,8
Pumpkin,964,8
Pumpkin,965,8
Pumpkin,966,10
Pumpkin,967,10
Pumpkin,968,12
Pumpkin,969,7
Pumpkin,970,8
Pumpkin,971,9
Pumpkin,972,15
Pumpkin,973,9
Pumpkin,974,7
Pumpkin,975,9
Pumpkin,976,8
Pumpkin,977,9
Pumpkin,978,8
Pumpkin,979,8
Pumpkin,980,9
Pumpkin,981,12
Pumpkin,982,10
Pumpkin,983,13
Pumpkin,984,10
Pumpkin,985,10
Pumpkin,986,12
Pumpkin,987,9
Pumpkin,988,12
Pumpkin,989,8
Pumpkin,990,9
Pumpkin,991,12
Pumpkin,992,9
Pumpkin,993,8
Pumpkin,994,11
Pumpkin,995,9
Pumpkin,996,15
Pumpkin,997,8
Pumpkin,998,10
Pumpkin,999,10
Pumpkin,1000,10
Pumpkin,1001,7
Pumpkin,1002,11
Pumpkin,1003,9
Pumpkin,1004,8
Pumpkin,1005,13
Pumpkin,1006,8
Pumpkin,1007,9
Pumpkin,1008,10
Pumpkin,1009,7
Pumpkin,1010,13
Pumpkin,1011,12
Pumpkin,1012,12
Pumpkin,1013,7
Pumpkin,1014,10
Pumpkin,1015,13
Pumpkin,1016,10
Pumpkin,1017,10
Pumpkin,1018,10
Pumpkin,1019,9
Pumpkin,1020,11
Pumpkin,1021,9
Pumpkin,1022,8
Pumpkin,1023,13
Pumpkin,1024,11
Pumpkin,1025,10
Pumpkin,1026,10
Pumpkin,1027,7
Pumpkin,1028,13
Pumpkin,1029,7
Pumpkin,1030,11
Pumpkin,1031,12
Pumpkin,1032,7
Pumpkin,1033,11
Pumpkin,1034,7
Pumpkin,1035,10
Pumpkin,1036,7
Pumpkin,1037,7
Pumpkin,1038,10
Pumpkin,1039,9
Pumpkin,1040,13
Pumpkin,1041,9
Pumpkin,1042,10
Pumpkin,1043,9
Pumpkin,1044,11
Pumpkin,1045,14
Pumpkin,1046,8
Pumpkin,1047,11
Pumpkin,1048,10
Pumpkin,1049,7
Pumpkin,1050,11
Pumpkin,1051,14
Pumpkin,1052,14
Pumpkin,1053,9
Pumpkin,1054,11
Pumpkin,1055,7
Pumpkin,1056,14
Pumpkin,1057,12
Pumpkin,1058,13
Pumpkin,1059,9
Pumpkin,1060,7
Pumpkin,1061,8
Pumpkin,1062,9
Pumpkin,1063,14
Pumpkin,1064,10
Pumpkin,1065,11
Pumpkin,1066,9
Pumpkin,1067,11
Pumpkin,1068,7
Pumpkin,1069,9
Pumpkin,1070,9
Pumpkin,1071,10
Pumpkin,1072,10
Pumpkin,1073,7
Pumpkin,1074,15
Pumpkin,1075,12
Pumpkin,1076,8
Pumpkin,1077,11
Pumpkin,1078,10
Pumpkin,1079,10
Pumpkin,1080,12
Pumpkin,1081,7
Pumpkin,1082,12
Pumpkin,1083,7
Pumpkin,1084,12
Pumpkin,1085,10
Pumpkin,1086,16
Pumpkin,1087,10
Pumpkin,1088,8
Pumpkin,1089,14
Pumpkin,1090,10
Pumpkin,1091,11
Pumpkin,1092,9
Pumpkin,1093,8
Pumpkin,1094,9
Pumpkin,1095,11
Pumpkin,1096,12
Pumpkin,1097,11
Pumpkin,1098,11
Pumpkin,1099,9
Pumpkin,1100,8
Pumpkin,1101,13
Pumpkin,1102,14
Pumpkin,1103,7
Pumpkin,1104,9
Pumpkin,1105,10
Pumpkin,1106,9
Pumpkin,1107,11
Pumpkin,1108,9
Pumpkin,1109,8
Pumpkin,1110,11
Pumpkin,1111,12
Pumpkin,1112,15
Pumpkin,1113,8
Pumpkin,1114,12
Pumpkin,1115,14
Pumpkin,1116,13
Pumpkin,1117,10
Pumpkin,1118,7
Pumpkin,1119,12
Pumpkin,1120,8
Pumpkin,1121,10
Pumpkin,1122,12
Pumpkin,1123,10
Pumpkin,1124,12
Pumpkin,1125,9
Pumpkin,1126,9
Pumpkin,1127,9
Pumpkin,1128,17
Pumpkin,1129,9
Pumpkin,1130,9
Pumpkin,1131,11
Pumpkin,1132,8
Pumpkin,1133,9
Pumpkin,1134,15
Pumpkin,1135,13
Pumpkin,1136,9
Pumpkin,1137,11
Pumpkin,1138,16
Pumpkin,1139,8
Pumpkin,1140,14
Pumpkin,1141,8
Pumpkin,1142,7
Pumpkin,1143,17
Pumpkin,1144,8
Pumpkin,1145,11
Pumpkin,1146,9
Pumpkin,1147,7
Pumpkin,1148,15
Pumpkin,1149,9
Pumpkin,1150,9
Pumpkin,1151,18
Pumpkin,1152,10
Pumpkin,1153,12
Pumpkin,1154,12
Pumpkin,1155,16
Pumpkin,1156,11
Pumpkin,1157,9
Pumpkin,1158,10
Pumpkin,1159,12
Pumpkin,1160,10
Pumpkin,1161,11
Pumpkin,1162,9
Pumpkin,1163,10
Pumpkin,1164,12
Pumpkin,1165,9
Pumpkin,1166,8
Pumpkin,1167,9
Pumpkin,1168,9
Pumpkin,1169,13
Pumpkin,1170,10
Pumpkin,1171,8
Pumpkin,1172,13
Pumpkin,1173,11
Pumpkin,1174,11
Pumpkin,1175,15
Pumpkin,1176,13
Pumpkin,1177,10
Pumpkin,1178,13
Pumpkin,1179,11
Pumpkin,1180,10
Pumpkin,1181,7
Pumpkin,1182,10
Pumpkin,1183,9
Pumpkin,1184,8
Pumpkin,1185,10
Pumpkin,1186,10
Pumpkin,1187,13
Pumpkin,1188,8
Pumpkin,1189,10
Pumpkin,1190,9
Pumpkin,1191,7
Pumpkin,1192,15
Pumpkin,1193,8
Pumpkin,1194,10
Pumpkin,1195,14
Pumpkin,1196,13
Pumpkin,1197,9
Pumpkin,1198,7
Pumpkin,1199,10
Pumpkin,1200,7
Pumpkin,1201,17
Pumpkin,1202,12
Pumpkin,1203,9
Pumpkin,1204,16
Pumpkin,1205,15
Pumpkin,1206,7
Pumpkin,1207,8
Pumpkin,1208,7
Pumpkin,1209,9
Pumpkin,1210,10
Pumpkin,1211,12
Pumpkin,1212,8
Pumpkin,1213,14
Pumpkin,1214,9
Pumpkin,1215,8
Pumpkin,1216,10
Pumpkin,1217,10
Pumpkin,1218,9
Pumpkin,1219,11
Pumpkin,1220,8
Pumpkin,1221,14
Pumpkin,1222,11
Pumpkin,1223,8
Pumpkin,1224,9
Pumpkin,1225,11
Pumpkin,1226,10
Pumpkin,1227,9
Pumpkin,1228,7
Pumpkin,1229,10
Pumpkin,1230,8
Pumpkin,1231,8
Pumpkin,1232,12
Pumpkin,1233,7
Pumpkin,1234,10
Pumpkin,1235,8
Pumpkin,1236,12
Pumpkin,1237,10
Pumpkin,1238,10
Pumpkin,1239,11
Pumpkin,1240,12
Pumpkin,1241,14
Pumpkin,1242,13
Pumpkin,1243,13
Pumpkin,1244,9
Pumpkin,1245,13
Pumpkin,1246,9
Pumpkin,1247,13
Pumpkin,1248,12
Pumpkin,1249,10
Pumpkin,1250,11
Pumpkin,1251,9
Pumpkin,1252,7
Pumpkin,1253,7
Pumpkin,1254,13
Pumpkin,1255,8
Pumpkin,1256,11
Pumpkin,1257,11
Pumpkin,1258,10
Pumpkin,1259,9
Pumpkin,1260,9
Pumpkin,1261,11
Pumpkin,1262,13
Pumpkin,1263,12
Pumpkin,1264,10
Pumpkin,1265,10
Pumpkin,1266,10
Pumpkin,1267,9
Pumpkin,1268,9
Pumpkin,1269,10
Pumpkin,1270,11
Pumpkin,1271,11
Pumpkin,1272,11
Pumpkin,1273,10
Pumpkin,1274,9
Pumpkin,1275,9
Pumpkin,1276,10
Pumpkin,1277,9
Pumpkin,1278,10
Pumpkin,1279,13
Pumpkin,1280,8
Pumpkin,1281,13
Pumpkin,1282,13
Pumpkin,1283,13
Pumpkin,1284,10
Pumpkin,1285,10
Pumpkin,1286,9
Pumpkin,1287,9
Pumpkin,1288,15
Pumpkin,1289,8
Pumpkin,1290,13
Pumpkin,1291,8
Pumpkin,1292,9
Pumpkin,1293,7
Pumpkin,1294,9
Pumpkin,1295,8
Pumpkin,1296,11
Pumpkin,1297,13
Pumpkin,1298,11
Pumpkin,1299,10
Pumpkin,1300,13
Pumpkin,1301,17
Pumpkin,1302,8
Pumpkin,1303,11
Pumpkin,1304,12
Pumpkin,1305,8
Pumpkin,1306,10
Pumpkin,1307,9
Pumpkin,1308,12
Pumpkin,1309,8
Pumpkin,1310,9
Pumpkin,1311,8
Pumpkin,1312,9
Pumpkin,1313,10
Pumpkin,1314,8
Pumpkin,1315,9
Pumpkin,1316,14
Pumpkin,1317,10
Pumpkin,1318,9
Pumpkin,1319,9
Pumpkin,1320,10
Pumpkin,1321,13
Pumpkin,1322,10
Pumpkin,1323,11
Pumpkin,1324,9
Pumpkin,1325,7
Pumpkin,1326,13
Pumpkin,1327,10
Pumpkin,1328,9
Pumpkin,1329,10
Pumpkin,1330,12
Pumpkin,1331,11
Pumpkin,1332,8
Pumpkin,1333,13
Pumpkin,1334,7
Pumpkin,1335,10
Pumpkin,1336,8
Pumpkin,1337,9
Pumpkin,1338,16
Pumpkin,1339,16
Pumpkin,1340,12
Pumpkin,1341,15
Pumpkin,1342,7
Pumpkin,1343,7
Pumpkin,1344,10
Pumpkin,1345,12
Pumpkin,1346,15
Pumpkin,1347,9
Pumpkin,1348,8
Pumpkin,1349,11
Pumpkin,1350,10
Pumpkin,1351,13
Pumpkin,1352,11
Pumpkin,1353,10
Pumpkin,1354,9
Pumpkin,1355,12
Pumpkin,1356,8
Pumpkin,1357,10
Pumpkin,1358,13
Pumpkin,1359,10
Pumpkin,1360,14
Pumpkin,1361,13
Pumpkin,1362,9
Pumpkin,1363,13
Pumpkin,1364,11
Pumpkin,1365,11
Pumpkin,1366,9
Pumpkin,1367,11
Pumpkin,1368,7
Pumpkin,1369,11
Pumpkin,1370,9
Pumpkin,1371,8
Pumpkin,1372,10
Pumpkin,1373,9
Pumpkin,1374,8
Pumpkin,1375,9
Pumpkin,1376,12
Pumpkin,1377,9
Pumpkin,1378,8
Pumpkin,1379,8
Pumpkin,1380,12
Pumpkin,1381,9
Pumpkin,1382,13
Pumpkin,1383,7
Pumpkin,1384,13
Pumpkin,1385,11
Pumpkin,1386,11
Pumpkin,1387,7
Pumpkin,1388,11
Pumpkin,1389,8
Pumpkin,1390,14
Pumpkin,1391,11
Pumpkin,1392,8
Pumpkin,1393,9
Pumpkin,1394,7
Pumpkin,1395,11
Pumpkin,1396,14
Pumpkin,1397,8
Pumpkin,1398,10
Pumpkin,1399,9
Pumpkin,1400,8
Pumpkin,1401,14
Pumpkin,1402,13
Pumpkin,1403,9
Pumpkin,1404,15
Pumpkin,1405,14
Pumpkin,1406,11
Pumpkin,1407,8
Pumpkin,1408,8
Pumpkin,1409,11
Pumpkin,1410,10
Pumpkin,1411,10
Pumpkin,1412,11
Pumpkin,1413,12
Pumpkin,1414,11
Pumpkin,1415,10
Pumpkin,1416,10
Pumpkin,1417,18
Pumpkin,1418,17
Pumpkin,1419,9
Pumpkin,1420,9
Pumpkin,1421,12
Pumpkin,1422,10
Pumpkin,1423,14
Pumpkin,1424,9
Pumpkin,1425,10
Pumpkin,1426,10
Pumpkin,1427,8
Pumpkin,1428,8
Pumpkin,1429,11
Pumpkin,1430,8
Pumpkin,1431,9
Pumpkin,1432,9
Pumpkin,1433,11
Pumpkin,1434,8
Pumpkin,1435,7
Pumpkin,1436,9
Pumpkin,1437,10
Pumpkin,1438,8
Pumpkin,1439,11
Pumpkin,1440,13
Pumpkin,1441,12
Pumpkin,1442,9
Pumpkin,1443,9
Pumpkin,1444,13
Pumpkin,1445,9
Pumpkin,1446,11
Pumpkin,1447,10
Pumpkin,1448,11
Pumpkin,1449,10
Pumpkin,1450,12
Pumpkin,1451,9
Pumpkin,1452,16
Pumpkin,1453,8
Pumpkin,1454,9
Pumpkin,1455,11
Pumpkin,1456,10
Pumpkin,1457,7
Pumpkin,1458,8
Pumpkin,1459,8
Pumpkin,1460,10
Pumpkin,1461,13
Pumpkin,1462,10
Pumpkin,1463,14
Pumpkin,1464,9
Pumpkin,1465,14
Pumpkin,1466,17
Pumpkin,1467,8
Pumpkin,1468,12
Pumpkin,1469,7
Pumpkin,1470,12
Pumpkin,1471,7
Pumpkin,1472,9
Pumpkin,1473,8
Pumpkin,1474,8
Pumpkin,1475,8
Pumpkin,1476,14
Pumpkin,1477,12
Pumpkin,1478,8
Pumpkin,1479,10
Pumpkin,1480,8
Pumpkin,1481,8
Pumpkin,1482,10
Pumpkin,1483,8
Pumpkin,1484,10
Pumpkin,1485,9
Pumpkin,1486,9
Pumpkin,1487,7
Pumpkin,1488,11
Pumpkin,1489,7
Pumpkin,1490,9
Pumpkin,1491,10
Pumpkin,1492,13
Pumpkin,1493,8
Pumpkin,1494,14
Pumpkin,1495,13
Pumpkin,1496,15
Pumpkin,1497,11
Pumpkin,1498,12
Pumpkin,1499,12
Pumpkin,1500,8
Pumpkin,1501,8
Pumpkin,1502,11
Pumpkin,1503,12
Pumpkin,1504,12
Pumpkin,1505,11
Pumpkin,1506,10
Pumpkin,1507,13
Pumpkin,1508,8
Pumpkin,1509,10
Pumpkin,1510,10
Pumpkin,1511,7
Pumpkin,1512,10
Pumpkin,1513,10
Pumpkin,1514,12
Pumpkin,1515,11
Pumpkin,1516,7
Pumpkin,1517,8
Pumpkin,1518,12
Pumpkin,1519,11
Pumpkin,1520,9
Pumpkin,1521,8
Pumpkin,1522,8
Pumpkin,1523,16
Pumpkin,1524,11
Pumpkin,1525,12
Pumpkin,1526,9
Pumpkin,1527,9
Pumpkin,1528,9
Pumpkin,1529,9
Pumpkin,1530,11
Pumpkin,1531,9
Pumpkin,1532,13
Pumpkin,1533,10
Pumpkin,1534,16
Pumpkin,1535,8
Pumpkin,1536,8
Pumpkin,1537,8
Pumpkin,1538,9
Pumpkin,1539,9
Pumpkin,1540,9
Pumpkin,1541,10
Pumpkin,1542,9
Pumpkin,1543,8
Pumpkin,1544,9
Pumpkin,1545,10
Pumpkin,1546,13
Pumpkin,1547,7
Pumpkin,1548,8
Pumpkin,1549,7
Pumpkin,1550,11
Pumpkin,1551,11
Pumpkin,1552,8
Pumpkin,1553,9
Pumpkin,1554,13
Pumpkin,1555,10
Pumpkin,1556,8
Pumpkin,1557,9
Pumpkin,1558,12
Pumpkin,1559,9
Pumpkin,1560,7
Pumpkin,1561,11
Pumpkin,1562,10
Pumpkin,1563,11
Pumpkin,1564,7
Pumpkin,1565,13
Pumpkin,1566,9
Pumpkin,1567,9
Pumpkin,1568,13
Pumpkin,1569,14
Pumpkin,1570,11
Pumpkin,1571,9
Pumpkin,1572,8
Pumpkin,1573,9
Pumpkin,1574,11
Pumpkin,1575,9
Pumpkin,1576,15
Pumpkin,1577,10
Pumpkin,1578,11
Pumpkin,1579,7
Pumpkin,1580,11
Pumpkin,1581,8
Pumpkin,1582,8
Pumpkin,1583,11
Pumpkin,1584,8
Pumpkin,1585,13
Pumpkin,1586,11
Pumpkin,1587,10
Pumpkin,1588,13
Pumpkin,1589,8
Pumpkin,1590,9
Pumpkin,1591,12
Pumpkin,1592,10
Pumpkin,1593,10
Pumpkin,1594,8
Pumpkin,1595,7
Pumpkin,1596,13
Pumpkin,1597,7
Pumpkin,1598,12
Pumpkin,1599,11
Pumpkin,1600,10
Pumpkin,1601,8
Pumpkin,1602,15
Pumpkin,1603,10
Pumpkin,1604,10
Pumpkin,1605,11
Pumpkin,1606,12
Pumpkin,1607,10
Pumpkin,1608,9
Pumpkin,1609,9
Pumpkin,1610,15
Pumpkin,1611,8
Pumpkin,1612,9
Pumpkin,1613,9
Pumpkin,1614,14
Pumpkin,1615,8
Pumpkin,1616,14
Pumpkin,1617,13
Pumpkin,1618,9
Pumpkin,1619,12
Pumpkin,1620,16
Pumpkin,1621,12
Pumpkin,1622,10
Pumpkin,1623,9
Pumpkin,1624,14
Pumpkin,1625,7
Pumpkin,1626,7
Pumpkin,1627,9
Pumpkin,1628,10
Pumpkin,1629,11
Pumpkin,1630,10
Pumpkin,1631,13
Pumpkin,1632,10
Pumpkin,1633,7
Pumpkin,1634,7
Pumpkin,1635,14
Pumpkin,1636,7
Pumpkin,1637,8
Pumpkin,1638,9
Pumpkin,1639,10
Pumpkin,1640,11
Pumpkin,1641,12
Pumpkin,1642,11
Pumpkin,1643,10
Pumpkin,1644,11
Pumpkin,1645,9
Pumpkin,1646,9
Pumpkin,1647,16
Pumpkin,1648,8
Pumpkin,1649,14
Pumpkin,1650,9
Pumpkin,1651,11
Pumpkin,1652,12
Pumpkin,1653,13
Pumpkin,1654,10
Pumpkin,1655,9
Pumpkin,1656,8
Pumpkin,1657,14
Pumpkin,1658,10
Pumpkin,1659,11
Pumpkin,1660,12
Pumpkin,1661,8
Pumpkin,1662,9
Pumpkin,1663,8
Pumpkin,1664,7
Pumpkin,1665,15
Pumpkin,1666,9
Pumpkin,1667,11
Pumpkin,1668,10
Pumpkin,1669,9
Pumpkin,1670,9
Pumpkin,1671,10
Pumpkin,1672,12
Pumpkin,1673,10
Pumpkin,1674,9
Pumpkin,1675,9
Pumpkin,1676,13
Pumpkin,1677,9
Pumpkin,1678,10
Pumpkin,1679,21
Pumpkin,1680,11
Pumpkin,1681,17
Pumpkin,1682,11
Pumpkin,1683,8
Pumpkin,1684,13
Pumpkin,1685,17
Pumpkin,1686,9
Pumpkin,1687,9
Pumpkin,1688,16
Pumpkin,1689,11
Pumpkin,1690,9
Pumpkin,1691,9
Pumpkin,1692,11
Pumpkin,1693,12
Pumpkin,1694,10
Pumpkin,1695,15
Pumpkin,1696,12
Pumpkin,1697,11
Pumpkin,1698,9
Pumpkin,1699,13
Pumpkin,1700,10
Pumpkin,1701,8
Pumpkin,1702,9
Pumpkin,1703,10
Pumpkin,1704,9
Pumpkin,1705,9
Pumpkin,1706,11
Pumpkin,1707,7
Pumpkin,1708,19
Pumpkin,1709,11
Pumpkin,1710,8
Pumpkin,1711,7
Pumpkin,1712,12
Pumpkin,1713,8
Pumpkin,1714,8
Pumpkin,1715,7
Pumpkin,1716,10
Pumpkin,1717,12
Pumpkin,1718,8
Pumpkin,1719,8
Pumpkin,1720,9
Pumpkin,1721,11
Pumpkin,1722,8
Pumpkin,1723,13
Pumpkin,1724,12
Pumpkin,1725,8
Pumpkin,1726,11
Pumpkin,1727,9
Pumpkin,1728,9
Pumpkin,1729,10
Pumpkin,1730,10
Pumpkin,1731,7
Pumpkin,1732,9
Pumpkin,1733,9
Pumpkin,1734,8
Pumpkin,1735,12
Pumpkin,1736,10
Pumpkin,1737,9
Pumpkin,1738,10
Pumpkin,1739,10
Pumpkin,1740,9
Pumpkin,1741,7
Pumpkin,1742,9
Pumpkin,1743,7
Pumpkin,1744,8
Pumpkin,1745,9
Pumpkin,1746,10
Pumpkin,1747,9
Pumpkin,1748,11
Pumpkin,1749,11
Pumpkin,1750,8
Pumpkin,1751,8
Pumpkin,1752,8
Pumpkin,1753,9
Pumpkin,1754,11
Pumpkin,1755,10
Pumpkin,1756,11
Pumpkin,1757,8
Pumpkin,1758,9
Pumpkin,1759,14
Pumpkin,1760,11
Pumpkin,1761,12
Pumpkin,1762,8
Pumpkin,1763,7
Pumpkin,1764,10
Pumpkin,1765,8
Pumpkin,1766,11
Pumpkin,1767,12
Pumpkin,1768,10
Pumpkin,1769,13
Pumpkin,1770,7
Pumpkin,1771,9
Pumpkin,1772,9
Pumpkin,1773,7
Pumpkin,1774,10
Pumpkin,1775,11
Pumpkin,1776,11
Pumpkin,1777,8
Pumpkin,1778,9
Pumpkin,1779,14
Pumpkin,1780,8
Pumpkin,1781,12
Pumpkin,1782,9
Pumpkin,1783,14
Pumpkin,1784,8
Pumpkin,1785,9
Pumpkin,1786,12
Pumpkin,1787,10
Pumpkin,1788,11
Pumpkin,1789,10
Pumpkin,1790,9
Pumpkin,1791,12
Pumpkin,1792,13
Pumpkin,1793,11
Pumpkin,1794,9
Pumpkin,1795,10
Pumpkin,1796,9
Pumpkin,1797,9
Pumpkin,1798,13
Pumpkin,1799,15
Pumpkin,1800,11
Pumpkin,1801,11
Pumpkin,1802,18
Pumpkin,1803,11
Pumpkin,1804,9
Pumpkin,1805,21
Pumpkin,1806,9
Pumpkin,1807,7
Pumpkin,1808,13
Pumpkin,1809,12
Pumpkin,1810,10
Pumpkin,1811,11
Pumpkin,1812,7
Pumpkin,1813,11
Pumpkin,1814,12
Pumpkin,1815,12
Pumpkin,1816,9
Pumpkin,1817,8
Pumpkin,1818,9
Pumpkin,1819,9
Pumpkin,1820,9
Pumpkin,1821,7
Pumpkin,1822,11
Pumpkin,1823,10
Pumpkin,1824,13
Pumpkin,1825,8
Pumpkin,1826,12
Pumpkin,1827,10
Pumpkin,1828,9
Pumpkin,1829,11
Pumpkin,1830,10
Pumpkin,1831,18
Pumpkin,1832,9
Pumpkin,1833,10
Pumpkin,1834,10
Pumpkin,1835,12
Pumpkin,1836,8
Pumpkin,1837,10
Pumpkin,1838,14
Pumpkin,1839,9
Pumpkin,1840,14
Pumpkin,1841,8
Pumpkin,1842,10
Pumpkin,1843,7
Pumpkin,1844,11
Pumpkin,1845,11
Pumpkin,1846,10
Pumpkin,1847,8
Pumpkin,1848,8
Pumpkin,1849,8
Pumpkin,1850,8
Pumpkin,1851,11
Pumpkin,1852,9
Pumpkin,1853,12
Pumpkin,1854,14
Pumpkin,1855,8
Pumpkin,1856,15
Pumpkin,1857,17
Pumpkin,1858,9
Pumpkin,1859,11
Pumpkin,1860,8
Pumpkin,1861,9
Pumpkin,1862,13
Pumpkin,1863,14
Pumpkin,1864,8
Pumpkin,1865,7
Pumpkin,1866,12
Pumpkin,1867,9
Pumpkin,1868,10
Pumpkin,1869,9
Pumpkin,1870,11
Pumpkin,1871,7
Pumpkin,1872,12
Pumpkin,1873,15
Pumpkin,1874,8
Pumpkin,1875,8
Pumpkin,1876,9
Pumpkin,1877,12
Pumpkin,1878,8
Pumpkin,1879,14
Pumpkin,1880,13
Pumpkin,1881,10
Pumpkin,1882,13
Pumpkin,1883,10
Pumpkin,1884,8
Pumpkin,1885,7
Pumpkin,1886,9
Pumpkin,1887,8
Pumpkin,1888,10
Pumpkin,1889,11
Pumpkin,1890,10
Pumpkin,1891,11
Pumpkin,1892,8
Pumpkin,1893,8
Pumpkin,1894,8
Pumpkin,1895,16
Pumpkin,1896,9
Pumpkin,1897,8
Pumpkin,1898,11
Pumpkin,1899,8
Pumpkin,1900,9
Pumpkin,1901,9
Pumpkin,1902,8
Pumpkin,1903,11
Pumpkin,1904,9
Pumpkin,1905,11
Pumpkin,1906,10
Pumpkin,1907,7
Pumpkin,1908,10
Pumpkin,1909,7
Pumpkin,1910,14
Pumpkin,1911,11
Pumpkin,1912,14
Pumpkin,1913,11
Pumpkin,1914,8
Pumpkin,1915,15
Pumpkin,1916,14
Pumpkin,1917,10
Pumpkin,1918,8
Pumpkin,1919,8
Pumpkin,1920,8
Pumpkin,1921,7
Pumpkin,1922,12
Pumpkin,1923,7
Pumpkin,1924,10
Pumpkin,1925,10
Pumpkin,1926,11
Pumpkin,1927,11
Pumpkin,1928,8
Pumpkin,1929,9
Pumpkin,1930,10
Pumpkin,1931,12
Pumpkin,1932,8
Pumpkin,1933,9
Pumpkin,1934,11
Pumpkin,1935,9
Pumpkin,1936,16
Pumpkin,1937,9
Pumpkin,1938,10
Pumpkin,1939,10
Pumpkin,1940,10
Pumpkin,1941,8
Pumpkin,1942,10
Pumpkin,1943,9
Pumpkin,1944,8
Pumpkin,1945,9
Pumpkin,1946,10
Pumpkin,1947,11
Pumpkin,1948,9
Pumpkin,1949,12
Pumpkin,1950,14
Pumpkin,1951,13
Pumpkin,1952,11
Pumpkin,1953,9
Pumpkin,1954,9
Pumpkin,1955,12
Pumpkin,1956,8
Pumpkin,1957,14
Pumpkin,1958,10
Pumpkin,1959,10
Pumpkin,1960,9
Pumpkin,1961,9
Pumpkin,1962,9
Pumpkin,1963,7
Pumpkin,1964,10
Pumpkin,1965,15
Pumpkin,1966,12
Pumpkin,1967,11
Pumpkin,1968,9
Pumpkin,1969,10
Pumpkin,1970,9
Pumpkin,1971,10
Pumpkin,1972,11
Pumpkin,1973,10
Pumpkin,1974,8
Pumpkin,1975,13
Pumpkin,1976,14
Pumpkin,1977,9
Pumpkin,1978,12
Pumpkin,1979,16
Pumpkin,1980,11
Pumpkin,1981,17
Pumpkin,1982,8
Pumpkin,1983,18
Pumpkin,1984,10
Pumpkin,1985,11
Pumpkin,1986,7
Pumpkin,1987,12
Pumpkin,1988,8
Pumpkin,1989,7
Pumpkin,1990,10
Pumpkin,1991,9
Pumpkin,1992,8
Pumpkin,1993,8
Pumpkin,1994,7
Pumpkin,1995,7
Pumpkin,1996,11
Pumpkin,1997,11
Pumpkin,1998,9
Pumpkin,1999,11
Pumpkin,2000,15
Pumpkin,2001,12
Pumpkin,2002,13
Pumpkin,2003,12
Pumpkin,2004,7
Pumpkin,2005,8
Pumpkin,2006,8
Pumpkin,2007,15
Pumpkin,2008,9
Pumpkin,2009,14
Pumpkin,2010,15
Pumpkin,2011,10
Pumpkin,2012,9
Pumpkin,2013,10
Pumpkin,2014,10
Pumpkin,2015,11
Pumpkin,2016,11
Pumpkin,2017,8
Pumpkin,2018,7
Pumpkin,2019,10
Pumpkin,2020,7
Pumpkin,2021,20
Pumpkin,2022,12
Pumpkin,2023,10
Pumpkin,2024,11
Pumpkin,2025,10
Pumpkin,2026,11
Pumpkin,2027,10
Pumpkin,2028,15
Pumpkin,2029,13
Pumpkin,2030,10
Pumpkin,2031,11
Pumpkin,2032,11
Pumpkin,2033,8
Pumpkin,2034,8
Pumpkin,2035,11
Pumpkin,2036,7
Pumpkin,2037,9
Pumpkin,2038,7
Pumpkin,2039,9
Pumpkin,2040,10
Pumpkin,2041,9
Pumpkin,2042,8
Pumpkin,2043,9
Pumpkin,2044,7
Pumpkin,2045,10
Pumpkin,2046,10
Pumpkin,2047,11
Pumpkin,2048,12
Pumpkin,2049,7
Pumpkin,2050,8
Pumpkin,2051,8
Pumpkin,2052,12
Pumpkin,2053,7
Pumpkin,2054,9
Pumpkin,2055,9
Pumpkin,2056,8
Pumpkin,2057,9
Pumpkin,2058,10
Pumpkin,2059,12
Pumpkin,2060,15
Pumpkin,2061,8
Pumpkin,2062,13
Pumpkin,2063,9
Pumpkin,2064,14
Pumpkin,2065,9
Pumpkin,2066,7
Pumpkin,2067,11
Pumpkin,2068,15
Pumpkin,2069,9
Pumpkin,2070,8
Pumpkin,2071,9
Pumpkin,2072,9
Pumpkin,2073,9
Pumpkin,2074,9
Pumpkin,2075,13
Pumpkin,2076,16
Pumpkin,2077,10
Pumpkin,2078,9
Pumpkin,2079,9
Pumpkin,2080,11
Pumpkin,2081,8
Pumpkin,2082,9
Pumpkin,2083,15
Pumpkin,2084,9
Pumpkin,2085,11
Pumpkin,2086,9
Pumpkin,2087,10
Pumpkin,2088,8
Pumpkin,2089,8
Pumpkin,2090,12
Pumpkin,2091,9
Pumpkin,2092,10
Pumpkin,2093,8
Pumpkin,2094,10
Pumpkin,2095,8
Pumpkin,2096,9
Pumpkin,2097,8
Pumpkin,2098,9
Pumpkin,2099,11
Pumpkin,2100,8
Pumpkin,2101,8
Pumpkin,2102,7
Pumpkin,2103,7
Pumpkin,2104,8
Pumpkin,2105,11
Pumpkin,2106,11
Pumpkin,2107,12
Pumpkin,2108,10
Pumpkin,2109,9
Pumpkin,2110,10
Pumpkin,2111,9
Pumpkin,2112,18
Pumpkin,2113,11
Pumpkin,2114,9
Pumpkin,2115,10
Pumpkin,2116,15
Pumpkin,2117,9
Pumpkin,2118,10
Pumpkin,2119,10
Pumpkin,2120,10
Pumpkin,2121,13
Pumpkin,2122,8
Pumpkin,2123,9
Pumpkin,2124,8
Pumpkin,2125,9
Pumpkin,2126,8
Pumpkin,2127,10
Pumpkin,2128,8
Pumpkin,2129,8
Pumpkin,2130,12
Pumpkin,2131,11
Pumpkin,2132,8
Pumpkin,2133,9
Pumpkin,2134,14
Pumpkin,2135,8
Pumpkin,2136,8
Pumpkin,2137,10
Pumpkin,2138,10
Pumpkin,2139,9
Pumpkin,2140,9
Pumpkin,2141,14
Pumpkin,2142,14
Pumpkin,2143,12
Pumpkin,2144,9
Pumpkin,2145,9
Pumpkin,2146,15
Pumpkin,2147,7
Pumpkin,2148,12
Pumpkin,2149,11
Pumpkin,2150,10
Pumpkin,2151,8
Pumpkin,2152,7
Pumpkin,2153,8
Pumpkin,2154,10
Pumpkin,2155,10
Pumpkin,2156,11
Pumpkin,2157,8
Pumpkin,2158,12
Pumpkin,2159,9
Pumpkin,2160,10
Pumpkin,2161,14
Pumpkin,2162,9
Pumpkin,2163,10
Pumpkin,2164,9
Pumpkin,2165,11
Pumpkin,2166,12
Pumpkin,2167,11
Pumpkin,2168,11
Pumpkin,2169,14
Pumpkin,2170,11
Pumpkin,2171,8
Pumpkin,2172,13
Pumpkin,2173,11
Pumpkin,2174,10
Pumpkin,2175,14
Pumpkin,2176,12
Pumpkin,2177,9
Pumpkin,2178,8
Pumpkin,2179,12
Pumpkin,2180,14
Pumpkin,2181,8
Pumpkin,2182,10
Pumpkin,2183,14
Pumpkin,2184,11
Pumpkin,2185,9
Pumpkin,2186,11
Pumpkin,2187,9
Pumpkin,2188,14
Pumpkin,2189,11
Pumpkin,2190,12
Pumpkin,2191,8
Pumpkin,2192,11
Pumpkin,2193,9
Pumpkin,2194,10
Pumpkin,2195,8
Pumpkin,2196,9
Pumpkin,2197,10
Pumpkin,2198,8
Pumpkin,2199,12
Pumpkin,2200,10
Pumpkin,2201,9
Pumpkin,2202,11
Pumpkin,2203,11
Pumpkin,2204,14
Pumpkin,2205,11
Pumpkin,2206,8
Pumpkin,2207,11
Pumpkin,2208,13
Pumpkin,2209,10
Pumpkin,2210,9
Pumpkin,2211,8
Pumpkin,2212,13
Pumpkin,2213,10
Pumpkin,2214,12
Pumpkin,2215,9
Pumpkin,2216,7
Pumpkin,2217,8
Pumpkin,2218,11
Pumpkin,2219,8
Pumpkin,2220,13
Pumpkin,2221,8
Pumpkin,2222,16
Pumpkin,2223,12
Pumpkin,2224,10
Pumpkin,2225,9
Pumpkin,2226,7
Pumpkin,2227,10
Pumpkin,2228,7
Pumpkin,2229,9
Pumpkin,2230,7
Pumpkin,2231,9
Pumpkin,2232,7
Pumpkin,2233,9
Pumpkin,2234,7
Pumpkin,2235,9
Pumpkin,2236,13
Pumpkin,2237,8
Pumpkin,2238,13
Pumpkin,2239,9
Pumpkin,2240,15
Pumpkin,2241,9
Pumpkin,2242,10
Pumpkin,2243,11
Pumpkin,2244,14
Pumpkin,2245,10
Pumpkin,2246,8
Pumpkin,2247,7
Pumpkin,2248,9
Pumpkin,2249,11
Pumpkin,2250,8
Pumpkin,2251,13
Pumpkin,2252,11
Pumpkin,2253,12
Pumpkin,2254,14
Pumpkin,2255,10
Pumpkin,2256,9
Pumpkin,2257,8
Pumpkin,2258,7
Pumpkin,2259,7
Pumpkin,2260,9
Pumpkin,2261,14
Pumpkin,2262,12
Pumpkin,2263,10
Pumpkin,2264,9
Pumpkin,2265,8
Pumpkin,2266,12
Pumpkin,2267,9
Pumpkin,2268,13
Pumpkin,2269,9
Pumpkin,2270,7
Pumpkin,2271,11
Pumpkin,2272,10
Pumpkin,2273,8
Pumpkin,2274,13
Pumpkin,2275,9
Pumpkin,2276,8
Pumpkin,2277,8
Pumpkin,2278,10
Pumpkin,2279,8
Pumpkin,2280,8
Pumpkin,2281,9
Pumpkin,2282,14
Pumpkin,2283,8
Pumpkin,2284,7
Pumpkin,2285,9
Pumpkin,2286,14
Pumpkin,2287,9
Pumpkin,2288,15
Pumpkin,2289,8
Pumpkin,2290,10
Pumpkin,2291,9
Pumpkin,2292,11
Pumpkin,2293,12
Pumpkin,2294,12
Pumpkin,2295,12
Pumpkin,2296,13
Pumpkin,2297,7
Pumpkin,2298,9
Pumpkin,2299,15
Pumpkin,2300,13
Pumpkin,2301,13
Pumpkin,2302,11
Pumpkin,2303,9
Pumpkin,2304,10
Pumpkin,2305,11
Pumpkin,2306,10
Pumpkin,2307,11
Pumpkin,2308,11
Pumpkin,2309,10
Pumpkin,2310,11
Pumpkin,2311,10
Pumpkin,2312,11
Pumpkin,2313,9
Pumpkin,2314,11
Pumpkin,2315,9
Pumpkin,2316,11
Pumpkin,2317,10
Pumpkin,2318,12
Pumpkin,2319,10
Pumpkin,2320,12
Pumpkin,2321,9
Pumpkin,2322,9
Pumpkin,2323,8
Pumpkin,2324,14
Pumpkin,2325,10
Pumpkin,2326,8
Pumpkin,2327,9
Pumpkin,2328,13
Pumpkin,2329,7
Pumpkin,2330,9
Pumpkin,2331,13
Pumpkin,2332,9
Pumpkin,2333,9
Pumpkin,2334,10
Pumpkin,2335,8
Pumpkin,2336,10
Pumpkin,2337,12
Pumpkin,2338,8
Pumpkin,2339,12
Pumpkin,2340,8
Pumpkin,2341,11
Pumpkin,2342,9
Pumpkin,2343,12
Pumpkin,2344,9
Pumpkin,2345,9
Pumpkin,2346,12
Pumpkin,2347,13
Pumpkin,2348,11
Pumpkin,2349,11
Pumpkin,2350,9
Pumpkin,2351,12
Pumpkin,2352,9
Pumpkin,2353,10
Pumpkin,2354,9
Pumpkin,2355,9
Pumpkin,2356,8
Pumpkin,2357,14
Pumpkin,2358,10
Pumpkin,2359,13
Pumpkin,2360,10
Pumpkin,2361,11
Pumpkin,2362,7
Pumpkin,2363,11
Pumpkin,2364,10
Pumpkin,2365,9
Pumpkin,2366,10
Pumpkin,2367,10
Pumpkin,2368,13
Pumpkin,2369,11
Pumpkin,2370,8
Pumpkin,2371,8
Pumpkin,2372,14
Pumpkin,2373,8
Pumpkin,2374,11
Pumpkin,2375,10
Pumpkin,2376,8
Pumpkin,2377,9
Pumpkin,2378,11
Pumpkin,2379,10
Pumpkin,2380,9
Pumpkin,2381,11
Pumpkin,2382,9
Pumpkin,2383,10
Pumpkin,2384,9
Pumpkin,2385,7
Pumpkin,2386,10
Pumpkin,2387,9
Pumpkin,2388,8
Pumpkin,2389,8
Pumpkin,2390,9
Pumpkin,2391,12
Pumpkin,2392,8
Pumpkin,2393,14
Pumpkin,2394,10
Pumpkin,2395,13
Pumpkin,2396,9
Pumpkin,2397,12
Pumpkin,2398,10
Pumpkin,2399,10
Pumpkin,2400,11
Pumpkin,2401,12
Pumpkin,2402,8
Pumpkin,2403,9
Pumpkin,2404,13
Pumpkin,2405,13
Pumpkin,2406,11
Pumpkin,2407,7
Pumpkin,2408,8
Pumpkin,2409,9
Pumpkin,2410,13
Pumpkin,2411,12
Pumpkin,2412,11
Pumpkin,2413,8
Pumpkin,2414,14
Pumpkin,2415,15
Pumpkin,2416,12
Pumpkin,2417,7
Pumpkin,2418,7
Pumpkin,2419,11
Pumpkin,2420,12
Pumpkin,2421,10
Pumpkin,2422,8
Pumpkin,2423,9
Pumpkin,2424,9
Pumpkin,2425,11
Pumpkin,2426,8
Pumpkin,2427,12
Pumpkin,2428,9
Pumpkin,2429,11
Pumpkin,2430,12
Pumpkin,2431,11
Pumpkin,2432,10
Pumpkin,2433,11
Pumpkin,2434,10
Pumpkin,2435,7
Pumpkin,2436,9
Pumpkin,2437,7
Pumpkin,2438,9
Pumpkin,2439,10
Pumpkin,2440,11
Pumpkin,2441,7
Pumpkin,2442,10
Pumpkin,2443,11
Pumpkin,2444,11
Pumpkin,2445,12
Pumpkin,2446,13
Pumpkin,2447,12
Pumpkin,2448,10
Pumpkin,2449,11
Pumpkin,2450,9
Pumpkin,2451,10
Pumpkin,2452,11
Pumpkin,2453,10
Pumpkin,2454,7
Pumpkin,2455,8
Pumpkin,2456,11
Pumpkin,2457,12
Pumpkin,2458,9
Pumpkin,2459,14
Pumpkin,2460,12
Pumpkin,2461,14
Pumpkin,2462,10
Pumpkin,2463,17
Pumpkin,2464,7
Pumpkin,2465,8
Pumpkin,2466,9
Pumpkin,2467,11
Pumpkin,2468,12
Pumpkin,2469,8
Pumpkin,2470,12
Pumpkin,2471,9
Pumpkin,2472,11
Pumpkin,2473,7
Pumpkin,2474,10
Pumpkin,2475,8
Pumpkin,2476,9
Pumpkin,2477,7
Pumpkin,2478,9
Pumpkin,2479,13
Pumpkin,2480,11
Pumpkin,2481,7
Pumpkin,2482,8
Pumpkin,2483,12
Pumpkin,2484,10
Pumpkin,2485,10
Pumpkin,2486,12
Pumpkin,2487,9
Pumpkin,2488,9
Pumpkin,2489,8
Pumpkin,2490,9
Pumpkin,2491,7
Pumpkin,2492,12
Pumpkin,2493,7
Pumpkin,2494,8
Pumpkin,2495,11
Pumpkin,2496,12
Pumpkin,2497,9
Pumpkin,2498,11
Pumpkin,2499,10
Pumpkin,2500,11
Pumpkin,2501,12
Pumpkin,2502,8
Pumpkin,2503,13
Pumpkin,2504,11
Pumpkin,2505,11
Pumpkin,2506,11
Pumpkin,2507,10
Pumpkin,2508,12
Pumpkin,2509,8
Pumpkin,2510,10
Pumpkin,2511,9
Pumpkin,2512,7
Pumpkin,2513,10
Pumpkin,2514,7
Pumpkin,2515,14
Pumpkin,2516,10
Pumpkin,2517,11
Pumpkin,2518,11
Pumpkin,2519,8
Pumpkin,2520,10
Pumpkin,2521,10
Pumpkin,2522,9
Pumpkin,2523,8
Pumpkin,2524,12
Pumpkin,2525,13
Pumpkin,2526,13
Pumpkin,2527,9
Pumpkin,2528,9
Pumpkin,2529,11
Pumpkin,2530,10
Pumpkin,2531,13
Pumpkin,2532,11
Pumpkin,2533,8
Pumpkin,2534,16
Pumpkin,2535,11
Pumpkin,2536,8
Pumpkin,2537,8
Pumpkin,2538,10
Pumpkin,2539,13
Pumpkin,2540,9
Pumpkin,2541,15
Pumpkin,2542,10
Pumpkin,2543,9
Pumpkin,2544,15
Pumpkin,2545,8
Pumpkin,2546,8
Pumpkin,2547,12
Pumpkin,2548,11
Pumpkin,2549,8
Pumpkin,2550,13
Pumpkin,2551,12
Pumpkin,2552,7
Pumpkin,2553,11
Pumpkin,2554,11
Pumpkin,2555,9
Pumpkin,2556,11
Pumpkin,2557,14
Pumpkin,2558,15
Pumpkin,2559,10
Pumpkin,2560,9
Pumpkin,2561,8
Pumpkin,2562,8
Pumpkin,2563,8
Pumpkin,2564,11
Pumpkin,2565,8
Pumpkin,2566,8
Pumpkin,2567,11
Pumpkin,2568,7
Pumpkin,2569,10
Pumpkin,2570,10
Pumpkin,2571,12
Pumpkin,2572,8
Pumpkin,2573,10
Pumpkin,2574,8
Pumpkin,2575,10
Pumpkin,2576,8
Pumpkin,2577,11
Pumpkin,2578,10
Pumpkin,2579,10
Pumpkin,2580,10
Pumpkin,2581,8
Pumpkin,2582,11
Pumpkin,2583,10
Pumpkin,2584,11
Pumpkin,2585,13
Pumpkin,2586,8
Pumpkin,2587,12
Pumpkin,2588,8
Pumpkin,2589,13
Pumpkin,2590,8
Pumpkin,2591,11
Pumpkin,2592,14
Pumpkin,2593,8
Pumpkin,2594,11
Pumpkin,2595,9
Pumpkin,2596,8
Pumpkin,2597,15
Pumpkin,2598,12
Pumpkin,2599,9
Pumpkin,2600,12
Pumpkin,2601,14
Pumpkin,2602,7
Pumpkin,2603,10
Pumpkin,2604,10
Pumpkin,2605,17
Pumpkin,2606,12
Pumpkin,2607,10
Pumpkin,2608,13
Pumpkin,2609,12
Pumpkin,2610,9
Pumpkin,2611,11
Pumpkin,2612,8
Pumpkin,2613,12
Pumpkin,2614,14
Pumpkin,2615,10
Pumpkin,2616,11
Pumpkin,2617,8
Pumpkin,2618,11
Pumpkin,2619,12
Pumpkin,2620,8
Pumpkin,2621,9
Pumpkin,2622,10
Pumpkin,2623,9
Pumpkin,2624,12
Pumpkin,2625,11
Pumpkin,2626,10
Pumpkin,2627,10
Pumpkin,2628,10
Pumpkin,2629,9
Pumpkin,2630,13
Pumpkin,2631,7
Pumpkin,2632,10
Pumpkin,2633,13
Pumpkin,2634,18
Pumpkin,2635,8
Pumpkin,2636,13
Pumpkin,2637,9
Pumpkin,2638,11
Pumpkin,2639,16
Pumpkin,2640,11
Pumpkin,2641,7
Pumpkin,2642,11
Pumpkin,2643,9
Pumpkin,2644,11
Pumpkin,2645,8
Pumpkin,2646,8
Pumpkin,2647,9
Pumpkin,2648,9
Pumpkin,2649,8
Pumpkin,2650,7
Pumpkin,2651,10
Pumpkin,2652,11
Pumpkin,2653,10
Pumpkin,2654,10
Pumpkin,2655,10
Pumpkin,2656,11
Pumpkin,2657,13
Pumpkin,2658,9
Pumpkin,2659,11
Pumpkin,2660,13
Pumpkin,2661,14
Pumpkin,2662,7
Pumpkin,2663,10
Pumpkin,2664,10
Pumpkin,2665,8
Pumpkin,2666,7
Pumpkin,2667,10
Pumpkin,2668,9
Pumpkin,2669,10
Pumpkin,2670,9
Pumpkin,2671,10
Pumpkin,2672,9
Pumpkin,2673,9
Pumpkin,2674,12
Pumpkin,2675,12
Pumpkin,2676,8
Pumpkin,2677,9
Pumpkin,2678,12
Pumpkin,2679,7
Pumpkin,2680,10
Pumpkin,2681,9
Pumpkin,2682,8
Pumpkin,2683,7
Pumpkin,2684,11
Pumpkin,2685,8
Pumpkin,2686,10
Pumpkin,2687,11
Pumpkin,2688,10
Pumpkin,2689,10
Pumpkin,2690,11
Pumpkin,2691,10
Pumpkin,2692,9
Pumpkin,2693,12
Pumpkin,2694,9
Pumpkin,2695,12
Pumpkin,2696,12
Pumpkin,2697,9
Pumpkin,2698,10
Pumpkin,2699,9
Pumpkin,2700,9
Pumpkin,2701,11
Pumpkin,2702,8
Pumpkin,2703,9
Pumpkin,2704,13
Pumpkin,2705,11
Pumpkin,2706,13
Pumpkin,2707,7
Pumpkin,2708,8
Pumpkin,2709,9
Pumpkin,2710,18
Pumpkin,2711,9
Pumpkin,2712,9
Pumpkin,2713,9
Pumpkin,2714,11
Pumpkin,2715,10
Pumpkin,2716,7
Pumpkin,2717,7
Pumpkin,2718,11
Pumpkin,2719,13
Pumpkin,2720,9
Pumpkin,2721,7
Pumpkin,2722,10
Pumpkin,2723,13
Pumpkin,2724,7
Pumpkin,2725,9
Pumpkin,2726,14
Pumpkin,2727,9
Pumpkin,2728,15
Pumpkin,2729,11
Pumpkin,2730,13
Pumpkin,2731,9
Pumpkin,2732,13
Pumpkin,2733,11
Pumpkin,2734,12
Pumpkin,2735,12
Pumpkin,2736,10
Pumpkin,2737,12
Pumpkin,2738,7
Pumpkin,2739,10
Pumpkin,2740,8
Pumpkin,2741,11
Pumpkin,2742,10
Pumpkin,2743,11
Pumpkin,2744,13
Pumpkin,2745,8
Pumpkin,2746,10
Pumpkin,2747,7
Pumpkin,2748,10
Pumpkin,2749,13
Pumpkin,2750,10
Pumpkin,2751,10
Pumpkin,2752,11
Pumpkin,2753,11
Pumpkin,2754,13
Pumpkin,2755,8
Pumpkin,2756,9
Pumpkin,2757,9
Pumpkin,2758,8
Pumpkin,2759,9
Pumpkin,2760,14
Pumpkin,2761,10
Pumpkin,2762,13
Pumpkin,2763,11
Pumpkin,2764,9
Pumpkin,2765,9
Pumpkin,2766,8
Pumpkin,2767,9
Pumpkin,2768,7
Pumpkin,2769,11
Pumpkin,2770,10
Pumpkin,2771,9
Pumpkin,2772,10
Pumpkin,2773,9
Pumpkin,2774,14
Pumpkin,2775,8
Pumpkin,2776,9
Pumpkin,2777,10
Pumpkin,2778,8
Pumpkin,2779,9
Pumpkin,2780,12
Pumpkin,2781,10
Pumpkin,2782,8
Pumpkin,2783,11
Pumpkin,2784,10
Pumpkin,2785,8
Pumpkin,2786,7
Pumpkin,2787,9
Pumpkin,2788,9
Pumpkin,2789,11
Pumpkin,2790,9
Pumpkin,2791,11
Pumpkin,2792,8
Pumpkin,2793,18
Pumpkin,2794,10
Pumpkin,2795,11
Pumpkin,2796,10
Pumpkin,2797,8
Pumpkin,2798,10
Pumpkin,2799,14
Pumpkin,2800,7
Pumpkin,2801,11
Pumpkin,2802,9
Pumpkin,2803,9
Pumpkin,2804,8
Pumpkin,2805,9
Pumpkin,2806,9
Pumpkin,2807,9
Pumpkin,2808,12
Pumpkin,2809,8
Pumpkin,2810,9
Pumpkin,2811,8
Pumpkin,2812,13
Pumpkin,2813,8
Pumpkin,2814,15
Pumpkin,2815,12
Pumpkin,2816,10
Pumpkin,2817,9
Pumpkin,2818,12
Pumpkin,2819,11
Pumpkin,2820,11
Pumpkin,2821,8
Pumpkin,2822,10
Pumpkin,2823,13
Pumpkin,2824,14
Pumpkin,2825,7
Pumpkin,2826,11
Pumpkin,2827,11
Pumpkin,2828,7
Pumpkin,2829,12
Pumpkin,2830,7
Pumpkin,2831,10
Pumpkin,2832,9
Pumpkin,2833,8
Pumpkin,2834,9
Pumpkin,2835,14
Pumpkin,2836,11
Pumpkin,2837,7
Pumpkin,2838,15
Pumpkin,2839,11
Pumpkin,2840,8
Pumpkin,2841,12
Pumpkin,2842,8
Pumpkin,2843,11
Pumpkin,2844,13
Pumpkin,2845,12
Pumpkin,2846,13
Pumpkin,2847,11
Pumpkin,2848,11
Pumpkin,2849,8
Pumpkin,2850,12
Pumpkin,2851,12
Pumpkin,2852,9
Pumpkin,2853,12
Pumpkin,2854,8
Pumpkin,2855,12
Pumpkin,2856,8
Pumpkin,2857,7
Pumpkin,2858,10
Pumpkin,2859,10
Pumpkin,2860,14
Pumpkin,2861,11
Pumpkin,2862,16
Pumpkin,2863,11
Pumpkin,2864,10
Pumpkin,2865,7
Pumpkin,2866,9
Pumpkin,2867,10
Pumpkin,2868,7
Pumpkin,2869,9
Pumpkin,2870,14
Pumpkin,2871,10
Pumpkin,2872,8
Pumpkin,2873,7
Pumpkin,2874,8
Pumpkin,2875,10
Pumpkin,2876,9
Pumpkin,2877,12
Pumpkin,2878,9
Pumpkin,2879,10
Pumpkin,2880,18
Pumpkin,2881,9
Pumpkin,2882,10
Pumpkin,2883,9
Pumpkin,2884,9
Pumpkin,2885,9
Pumpkin,2886,8
Pumpkin,2887,16
Pumpkin,2888,9
Pumpkin,2889,10
Pumpkin,2890,11
Pumpkin,2891,9
Pumpkin,2892,11
Pumpkin,2893,10
Pumpkin,2894,10
Pumpkin,2895,14
Pumpkin,2896,8
Pumpkin,2897,8
Pumpkin,2898,9
Pumpkin,2899,11
Pumpkin,2900,8
Pumpkin,2901,17
Pumpkin,2902,10
Pumpkin,2903,8
Pumpkin,2904,9
Pumpkin,2905,9
Pumpkin,2906,10
Pumpkin,2907,14
Pumpkin,2908,12
Pumpkin,2909,11
Pumpkin,2910,7
Pumpkin,2911,9
Pumpkin,2912,11
Pumpkin,2913,9
Pumpkin,2914,10
Pumpkin,2915,9
Pumpkin,2916,10
Pumpkin,2917,9
Pumpkin,2918,10
Pumpkin,2919,8
Pumpkin,2920,14
Pumpkin,2921,14
Pumpkin,2922,11
Pumpkin,2923,12
Pumpkin,2924,7
Pumpkin,2925,12
Pumpkin,2926,11
Pumpkin,2927,16
Pumpkin,2928,9
Pumpkin,2929,12
Pumpkin,2930,12
Pumpkin,2931,9
Pumpkin,2932,8
Pumpkin,2933,14
Pumpkin,2934,11
Pumpkin,2935,11
Pumpkin,2936,10
Pumpkin,2937,9
Pumpkin,2938,12
Pumpkin,2939,8
Pumpkin,2940,8
Pumpkin,2941,12
Pumpkin,2942,14
Pumpkin,2943,8
Pumpkin,2944,9
Pumpkin,2945,9
Pumpkin,2946,9
Pumpkin,2947,7
Pumpkin,2948,10
Pumpkin,2949,10
Pumpkin,2950,12
Pumpkin,2951,7
Pumpkin,2952,12
Pumpkin,2953,8
Pumpkin,2954,10
Pumpkin,2955,9
Pumpkin,2956,9
Pumpkin,2957,11
Pumpkin,2958,11
Pumpkin,2959,10
Pumpkin,2960,8
Pumpkin,2961,12
Pumpkin,2962,10
Pumpkin,2963,11
Pumpkin,2964,13
Pumpkin,2965,11
Pumpkin,2966,10
Pumpkin,2967,11
Pumpkin,2968,14
Pumpkin,2969,12
Pumpkin,2970,9
Pumpkin,2971,7
Pumpkin,2972,9
Pumpkin,2973,10
Pumpkin,2974,11
Pumpkin,2975,9
Pumpkin,2976,13
Pumpkin,2977,15
Pumpkin,2978,12
Pumpkin,2979,7
Pumpkin,2980,10
Pumpkin,2981,7
Pumpkin,2982,10
Pumpkin,2983,9
Pumpkin,2984,8
Pumpkin,2985,7
Pumpkin,2986,12
Pumpkin,2987,14
Pumpkin,2988,9
Pumpkin,2989,8
Pumpkin,2990,10
Pumpkin,2991,11
Pumpkin,2992,9
Pumpkin,2993,10
Pumpkin,2994,14
Pumpkin,2995,10
Pumpkin,2996,11
Pumpkin,2997,9
Pumpkin,2998,11
Pumpkin,2999,8
Pumpkin Seeds,0,15
Pumpkin Seeds,1,18
Pumpkin Seeds,2,12
Pumpkin Seeds,3,18
Pumpkin Seeds,4,28
Pumpkin Seeds,5,16
Pumpkin Seeds,6,17
Pumpkin Seeds,7,35
Pumpkin Seeds,8,19
Pumpkin Seeds,9,18
Pumpkin Seeds,10,15
Pumpkin Seeds,11,24
Pumpkin Seeds,12,10
Pumpkin Seeds,13,22
Pumpkin Seeds,14,44
Pumpkin Seeds,15,23
Pumpkin Seeds,16,31
Pumpkin Seeds,17,13
Pumpkin Seeds,18,15
Pumpkin Seeds,19,15
Pumpkin Seeds,20,24
Pumpkin Seeds,21,33
Pumpkin Seeds,22,20
Pumpkin Seeds,23,25
Pumpkin Seeds,24,19
Pumpkin Seeds,25,22
Pumpkin Seeds,26,25
Pumpkin Seeds,27,11
Pumpkin Seeds,28,27
Pumpkin Seeds,29,19
Pumpkin Seeds,30,19
Pumpkin Seeds,31,20
Pumpkin Seeds,32,27
Pumpkin Seeds,33,17
Pumpkin Seeds,34,18
Pumpkin Seeds,35,22
Pumpkin Seeds,36,13
Pumpkin Seeds,37,24
Pumpkin Seeds,38,34
Pumpkin Seeds,39,19
Pumpkin Seeds,40,25
Pumpkin Seeds,41,15
Pumpkin Seeds,42,28
Pumpkin Seeds,43,19
Pumpkin Seeds,44,19
Pumpkin Seeds,45,15
Pumpkin Seeds,46,17
Pumpkin Seeds,47,12
Pumpkin Seeds,48,14
Pumpkin Seeds,49,17
Pumpkin Seeds,50,20
Pumpkin Seeds,51,19
Pumpkin Seeds,52,13
Pumpkin Seeds,53,21
Pumpkin Seeds,54,18
Pumpkin Seeds,55,24
Pumpkin Seeds,56,21
Pumpkin Seeds,57,26
Pumpkin Seeds,58,24
Pumpkin Seeds,59,37
Pumpkin Seeds,60,20
Pumpkin Seeds,61,13
Pumpkin Seeds,62,14
Pumpkin Seeds,63,20
Pumpkin Seeds,64,13
Pumpkin Seeds,65,13
Pumpkin Seeds,66,12
Pumpkin Seeds,67,26
Pumpkin Seeds,68,31
Pumpkin Seeds,69,27
Pumpkin Seeds,70,11
Pumpkin Seeds,71,33
Pumpkin Seeds,72,22
Pumpkin Seeds,73,24
Pumpkin Seeds,74,20
Pumpkin Seeds,75,27
Pumpkin Seeds,76,18
Pumpkin Seeds,77,15
Pumpkin Seeds,78,35
Pumpkin Seeds,79,22
Pumpkin Seeds,80,17
Pumpkin Seeds,81,19
Pumpkin Seeds,82,20
Pumpkin Seeds,83,18
Pumpkin Seeds,84,19
Pumpkin Seeds,85,19
Pumpkin Seeds,86,23
Pumpkin Seeds,87,11
Pumpkin Seeds,88,18
Pumpkin Seeds,89,24
Pumpkin Seeds,90,13
Pumpkin Seeds,91,35
Pumpkin Seeds,92,25
Pumpkin Seeds,93,26
Pumpkin Seeds,94,12
Pumpkin Seeds,95,14
Pumpkin Seeds,96,17
Pumpkin Seeds,97,26
Pumpkin Seeds,98,18
Pumpkin Seeds,99,20
Pumpkin Seeds,100,24
Pumpkin Seeds,101,14
Pumpkin Seeds,102,16
Pumpkin Seeds,103,30
Pumpkin Seeds,104,21
Pumpkin Seeds,105,25
Pumpkin Seeds,106,19
Pumpkin Seeds,107,32
Pumpkin Seeds,108,19
Pumpkin Seeds,109,21
Pumpkin Seeds,110,30
Pumpkin Seeds,111,18
Pumpkin Seeds,112,21
Pumpkin Seeds,113,17
Pumpkin Seeds,114,12
Pumpkin Seeds,115,18
Pumpkin Seeds,116,32
Pumpkin Seeds,117,17
Pumpkin Seeds,118,18
Pumpkin Seeds,119,22
Pumpkin Seeds,120,24
Pumpkin Seeds,121,24
Pumpkin Seeds,122,21
Pumpkin Seeds,123,30
Pumpkin Seeds,124,19
Pumpkin Seeds,125,15
Pumpkin Seeds,126,11
Pumpkin Seeds,127,19
Pumpkin Seeds,128,17
Pumpkin Seeds,129,21
Pumpkin Seeds,130,36
Pumpkin Seeds,131,24
Pumpkin Seeds,132,25
Pumpkin Seeds,133,19
Pumpkin Seeds,134,12
Pumpkin Seeds,135,46
Pumpkin Seeds,136,21
Pumpkin Seeds,137,30
Pumpkin Seeds,138,36
Pumpkin Seeds,139,21
Pumpkin Seeds,140,11
Pumpkin Seeds,141,21
Pumpkin Seeds,142,18
Pumpkin Seeds,143,26
Pumpkin Seeds,144,27
Pumpkin Seeds,145,19
Pumpkin Seeds,146,24
Pumpkin Seeds,147,30
Pumpkin Seeds,148,17
Pumpkin Seeds,149,18
Pumpkin Seeds,150,23
Pumpkin Seeds,151,16
Pumpkin Seeds,152,17
Pumpkin Seeds,153,25
Pumpkin Seeds,154,18
Pumpkin Seeds,155,18
Pumpkin Seeds,156,33
Pumpkin Seeds,157,20
Pumpkin Seeds,158,21
Pumpkin Seeds,159,17
Pumpkin Seeds,160,32
Pumpkin Seeds,161,23
Pumpkin Seeds,162,31
Pumpkin Seeds,163,14
Pumpkin Seeds,164,18
Pumpkin Seeds,165,25
Pumpkin Seeds,166,31
Pumpkin Seeds,167,17
Pumpkin Seeds,168,26
Pumpkin Seeds,169,19
Pumpkin Seeds,170,21
Pumpkin Seeds,171,19
Pumpkin Seeds,172,30
Pumpkin Seeds,173,23
Pumpkin Seeds,174,16
Pumpkin Seeds,175,26
Pumpkin Seeds,176,26
Pumpkin Seeds,177,16
Pumpkin Seeds,178,13
Pumpkin Seeds,179,32
Pumpkin Seeds,180,19
Pumpkin Seeds,181,30
Pumpkin Seeds,182,22
Pumpkin Seeds,183,35
Pumpkin Seeds,184,27
Pumpkin Seeds,185,10
Pumpkin Seeds,186,14
Pumpkin Seeds,187,23
Pumpkin Seeds,188,15
Pumpkin Seeds,189,15
Pumpkin Seeds,190,26
Pumpkin Seeds,191,13
Pumpkin Seeds,192,27
Pumpkin Seeds,193,19
Pumpkin Seeds,194,27
Pumpkin Seeds,195,10
Pumpkin Seeds,196,19
Pumpkin Seeds,197,22
Pumpkin Seeds,198,15
Pumpkin Seeds,199,17
Pumpkin Seeds,200,13
Pumpkin Seeds,201,37
Pumpkin Seeds,202,23
Pumpkin Seeds,203,33
Pumpkin Seeds,204,15
Pumpkin Seeds,205,26
Pumpkin Seeds,206,24
Pumpkin Seeds,207,21
Pumpkin Seeds,208,16
Pumpkin Seeds,209,31
Pumpkin Seeds,210,25
Pumpkin Seeds,211,26
Pumpkin Seeds,212,17
Pumpkin Seeds,213,10
Pumpkin Seeds,214,32
Pumpkin Seeds,215,13
Pumpkin Seeds,216,18
Pumpkin Seeds,217,13
Pumpkin Seeds,218,20
Pumpkin Seeds,219,28
Pumpkin Seeds,220,17
Pumpkin Seeds,221,16
Pumpkin Seeds,222,13
Pumpkin Seeds,223,15
Pumpkin Seeds,224,22
Pumpkin Seeds,225,38
Pumpkin Seeds,226,29
Pumpkin Seeds,227,13
Pumpkin Seeds,228,20
Pumpkin Seeds,229,10
Pumpkin Seeds,230,23
Pumpkin Seeds,231,13
Pumpkin Seeds,232,18
Pumpkin Seeds,233,17
Pumpkin Seeds,234,42
Pumpkin Seeds,235,11
Pumpkin Seeds,236,14
Pumpkin Seeds,237,24
Pumpkin Seeds,238,38
Pumpkin Seeds,239,21
Pumpkin Seeds,240,24
Pumpkin Seeds,241,23
Pumpkin Seeds,242,21
Pumpkin Seeds,243,34
Pumpkin Seeds,244,33
Pumpkin Seeds,245,24
Pumpkin Seeds,246,13
Pumpkin Seeds,247,28
Pumpkin Seeds,248,28
Pumpkin Seeds,249,12
Pumpkin Seeds,250,18
Pumpkin Seeds,251,16
Pumpkin Seeds,252,20
Pumpkin Seeds,253,14
Pumpkin Seeds,254,18
Pumpkin Seeds,255,29
Pumpkin Seeds,256,11
Pumpkin Seeds,257,23
Pumpkin Seeds,258,24
Pumpkin Seeds,259,9
Pumpkin Seeds,260,19
Pumpkin Seeds,261,31
Pumpkin Seeds,262,22
Pumpkin Seeds,263,19
Pumpkin Seeds,264,27
Pumpkin Seeds,265,21
Pumpkin Seeds,266,28
Pumpkin Seeds,267,13
Pumpkin Seeds,268,23
Pumpkin Seeds,269,18
Pumpkin Seeds,270,14
Pumpkin Seeds,271,19
Pumpkin Seeds,272,26
Pumpkin Seeds,273,19
Pumpkin Seeds,274,14
Pumpkin Seeds,275,12
Pumpkin Seeds,276,32
Pumpkin Seeds,277,16
Pumpkin Seeds,278,23
Pumpkin Seeds,279,17
Pumpkin Seeds,280,18
Pumpkin Seeds,281,12
Pumpkin Seeds,282,15
Pumpkin Seeds,283,20
Pumpkin Seeds,284,19
Pumpkin Seeds,285,17
Pumpkin Seeds,286,23
Pumpkin Seeds,287,24
Pumpkin Seeds,288,17
Pumpkin Seeds,289,19
Pumpkin Seeds,290,18
Pumpkin Seeds,291,13
Pumpkin Seeds,292,27
Pumpkin Seeds,293,20
Pumpkin Seeds,294,25
Pumpkin Seeds,295,15
Pumpkin Seeds,296,13
Pumpkin Seeds,297,19
Pumpkin Seeds,298,37
Pumpkin Seeds,299,22
Pumpkin Seeds,300,19
Pumpkin Seeds,301,32
Pumpkin Seeds,302,26
Pumpkin Seeds,303,18
Pumpkin Seeds,304,20
Pumpkin Seeds,305,17
Pumpkin Seeds,306,20
Pumpkin Seeds,307,25
Pumpkin Seeds,308,21
Pumpkin Seeds,309,18
Pumpkin Seeds,310,17
Pumpkin Seeds,311,13
Pumpkin Seeds,312,22
Pumpkin Seeds,313,9
Pumpkin Seeds,314,20
Pumpkin Seeds,315,18
Pumpkin Seeds,316,23
Pumpkin Seeds,317,38
Pumpkin Seeds,318,25
Pumpkin Seeds,319,51
Pumpkin Seeds,320,17
Pumpkin Seeds,321,18
Pumpkin Seeds,322,23
Pumpkin Seeds,323,29
Pumpkin Seeds,324,11
Pumpkin Seeds,325,15
Pumpkin Seeds,326,21
Pumpkin Seeds,327,23
Pumpkin Seeds,328,17
Pumpkin Seeds,329,25
Pumpkin Seeds,330,9
Pumpkin Seeds,331,21
Pumpkin Seeds,332,26
Pumpkin Seeds,333,19
Pumpkin Seeds,334,11
Pumpkin Seeds,335,24
Pumpkin Seeds,336,15
Pumpkin Seeds,337,26
Pumpkin Seeds,338,24
Pumpkin Seeds,339,15
Pumpkin Seeds,340,13
Pumpkin Seeds,341,24
Pumpkin Seeds,342,18
Pumpkin Seeds,343,29
Pumpkin Seeds,344,51
Pumpkin Seeds,345,11
Pumpkin Seeds,346,23
Pumpkin Seeds,347,23
Pumpkin Seeds,348,56
Pumpkin Seeds,349,14
Pumpkin Seeds,350,14
Pumpkin Seeds,351,20
Pumpkin Seeds,352,20
Pumpkin Seeds,353,24
Pumpkin Seeds,354,34
Pumpkin Seeds,355,21
Pumpkin Seeds,356,17
Pumpkin Seeds,357,17
Pumpkin Seeds,358,29
Pumpkin Seeds,359,28
Pumpkin Seeds,360,29
Pumpkin Seeds,361,20
Pumpkin Seeds,362,35
Pumpkin Seeds,363,17
Pumpkin Seeds,364,20
Pumpkin Seeds,365,18
Pumpkin Seeds,366,18
Pumpkin Seeds,367,21
Pumpkin Seeds,368,19
Pumpkin Seeds,369,23
Pumpkin Seeds,370,22
Pumpkin Seeds,371,22
Pumpkin Seeds,372,20
Pumpkin Seeds,373,34
Pumpkin Seeds,374,16
Pumpkin Seeds,375,32
Pumpkin Seeds,376,20
Pumpkin Seeds,377,12
Pumpkin Seeds,378,19
Pumpkin Seeds,379,20
Pumpkin Seeds,380,27
Pumpkin Seeds,381,17
Pumpkin Seeds,382,29
Pumpkin Seeds,383,18
Pumpkin Seeds,384,15
Pumpkin Seeds,385,19
Pumpkin Seeds,386,24
Pumpkin Seeds,387,30
Pumpkin Seeds,388,16
Pumpkin Seeds,389,30
Pumpkin Seeds,390,23
Pumpkin Seeds,391,24
Pumpkin Seeds,392,18
Pumpkin Seeds,393,23
Pumpkin Seeds,394,18
Pumpkin Seeds,395,14
Pumpkin Seeds,396,26
Pumpkin Seeds,397,14
Pumpkin Seeds,398,21
Pumpkin Seeds,399,23
Pumpkin Seeds,400,21
Pumpkin Seeds,401,22
Pumpkin Seeds,402,17
Pumpkin Seeds,403,20
Pumpkin Seeds,404,25
Pumpkin Seeds,405,19
Pumpkin Seeds,406,21
Pumpkin Seeds,407,11
Pumpkin Seeds,408,14
Pumpkin Seeds,409,18
Pumpkin Seeds,410,23
Pumpkin Seeds,411,11
Pumpkin Seeds,412,22
Pumpkin Seeds,413,18
Pumpkin Seeds,414,14
Pumpkin Seeds,415,11
Pumpkin Seeds,416,23
Pumpkin Seeds,417,18
Pumpkin Seeds,418,10
Pumpkin Seeds,419,10
Pumpkin Seeds,420,10
Pumpkin Seeds,421,23
Pumpkin Seeds,422,19
Pumpkin Seeds,423,13
Pumpkin Seeds,424,29
Pumpkin Seeds,425,22
Pumpkin Seeds,426,20
Pumpkin Seeds,427,22
Pumpkin Seeds,428,15
Pumpkin Seeds,429,23
Pumpkin Seeds,430,18
Pumpkin Seeds,431,15
Pumpkin Seeds,432,17
Pumpkin Seeds,433,23
Pumpkin Seeds,434,20
Pumpkin Seeds,435,21
Pumpkin Seeds,436,16
Pumpkin Seeds,437,22
Pumpkin Seeds,438,20
Pumpkin Seeds,439,26
Pumpkin Seeds,440,14
Pumpkin Seeds,441,35
Pumpkin Seeds,442,27
Pumpkin Seeds,443,26
Pumpkin Seeds,444,19
Pumpkin Seeds,445,18
Pumpkin Seeds,446,25
Pumpkin Seeds,447,37
Pumpkin Seeds,448,24
Pumpkin Seeds,449,16
Pumpkin Seeds,450,20
Pumpkin Seeds,451,23
Pumpkin Seeds,452,18
Pumpkin Seeds,453,15
Pumpkin Seeds,454,25
Pumpkin Seeds,455,24
Pumpkin Seeds,456,13
Pumpkin Seeds,457,15
Pumpkin Seeds,458,19
Pumpkin Seeds,459,16
Pumpkin Seeds,460,20
Pumpkin Seeds,461,21
Pumpkin Seeds,462,10
Pumpkin Seeds,463,18
Pumpkin Seeds,464,27
Pumpkin Seeds,465,16
Pumpkin Seeds,466,15
Pumpkin Seeds,467,18
Pumpkin Seeds,468,33
Pumpkin Seeds,469,18
Pumpkin Seeds,470,12
Pumpkin Seeds,471,25
Pumpkin Seeds,472,21
Pumpkin Seeds,473,30
Pumpkin Seeds,474,20
Pumpkin Seeds,475,23
Pumpkin Seeds,476,18
Pumpkin Seeds,477,18
Pumpkin Seeds,478,20
Pumpkin Seeds,479,23
Pumpkin Seeds,480,17
Pumpkin Seeds,481,14
Pumpkin Seeds,482,21
Pumpkin Seeds,483,11
Pumpkin Seeds,484,20
Pumpkin Seeds,485,23
Pumpkin Seeds,486,27
Pumpkin Seeds,487,17
Pumpkin Seeds,488,16
Pumpkin Seeds,489,13
Pumpkin Seeds,490,18
Pumpkin Seeds,491,16
Pumpkin Seeds,492,16
Pumpkin Seeds,493,31
Pumpkin Seeds,494,26
Pumpkin Seeds,495,38
Pumpkin Seeds,496,26
Pumpkin Seeds,497,17
Pumpkin Seeds,498,16
Pumpkin Seeds,499,16
Pumpkin Seeds,500,31
Pumpkin Seeds,501,25
Pumpkin Seeds,502,48
Pumpkin Seeds,503,20
Pumpkin Seeds,504,27
Pumpkin Seeds,505,22
Pumpkin Seeds,506,12
Pumpkin Seeds,507,19
Pumpkin Seeds,508,23
Pumpkin Seeds,509,20
Pumpkin Seeds,510,17
Pumpkin Seeds,511,13
Pumpkin Seeds,512,23
Pumpkin Seeds,513,19
Pumpkin Seeds,514,11
Pumpkin Seeds,515,13
Pumpkin Seeds,516,28
Pumpkin Seeds,517,19
Pumpkin Seeds,518,26
Pumpkin Seeds,519,17
Pumpkin Seeds,520,14
Pumpkin Seeds,521,11
Pumpkin Seeds,522,16
Pumpkin Seeds,523,15
Pumpkin Seeds,524,17
Pumpkin Seeds,525,17
Pumpkin Seeds,526,23
Pumpkin Seeds,527,19
Pumpkin Seeds,528,26
Pumpkin Seeds,529,32
Pumpkin Seeds,530,19
Pumpkin Seeds,531,23
Pumpkin Seeds,532,28
Pumpkin Seeds,533,20
Pumpkin Seeds,534,25
Pumpkin Seeds,535,7
Pumpkin Seeds,536,28
Pumpkin Seeds,537,28
Pumpkin Seeds,538,28
Pumpkin Seeds,539,28
Pumpkin Seeds,540,40
Pumpkin Seeds,541,20
Pumpkin Seeds,542,31
Pumpkin Seeds,543,23
Pumpkin Seeds,544,19
Pumpkin Seeds,545,30
Pumpkin Seeds,546,16
Pumpkin Seeds,547,34
Pumpkin Seeds,548,22
Pumpkin Seeds,549,16
Pumpkin Seeds,550,21
Pumpkin Seeds,551,18
Pumpkin Seeds,552,29
Pumpkin Seeds,553,25
Pumpkin Seeds,554,22
Pumpkin Seeds,555,25
Pumpkin Seeds,556,18
Pumpkin Seeds,557,14
Pumpkin Seeds,558,30
Pumpkin Seeds,559,27
Pumpkin Seeds,560,20
Pumpkin Seeds,561,12
Pumpkin Seeds,562,22
Pumpkin Seeds,563,19
Pumpkin Seeds,564,22
Pumpkin Seeds,565,38
Pumpkin Seeds,566,27
Pumpkin Seeds,567,22
Pumpkin Seeds,568,13
Pumpkin Seeds,569,35
Pumpkin Seeds,570,22
Pumpkin Seeds,571,27
Pumpkin Seeds,572,19
Pumpkin Seeds,573,17
Pumpkin Seeds,574,19
Pumpkin Seeds,575,12
Pumpkin Seeds,576,30
Pumpkin Seeds,577,16
Pumpkin Seeds,578,27
Pumpkin Seeds,579,24
Pumpkin Seeds,580,20
Pumpkin Seeds,581,28
Pumpkin Seeds,582,12
Pumpkin Seeds,583,39
Pumpkin Seeds,584,31
Pumpkin Seeds,585,27
Pumpkin Seeds,586,19
Pumpkin Seeds,587,19
Pumpkin Seeds,588,14
Pumpkin Seeds,589,31
Pumpkin Seeds,590,20
Pumpkin Seeds,591,24
Pumpkin Seeds,592,22
Pumpkin Seeds,593,17
Pumpkin Seeds,594,16
Pumpkin Seeds,595,40
Pumpkin Seeds,596,14
Pumpkin Seeds,597,33
Pumpkin Seeds,598,18
Pumpkin Seeds,599,16
Pumpkin Seeds,600,19
Pumpkin Seeds,601,18
Pumpkin Seeds,602,19
Pumpkin Seeds,603,21
Pumpkin Seeds,604,20
Pumpkin Seeds,605,20
Pumpkin Seeds,606,20
Pumpkin Seeds,607,26
Pumpkin Seeds,608,24
Pumpkin Seeds,609,17
Pumpkin Seeds,610,19
Pumpkin Seeds,611,25
Pumpkin Seeds,612,23
Pumpkin Seeds,613,21
Pumpkin Seeds,614,11
Pumpkin Seeds,615,21
Pumpkin Seeds,616,26
Pumpkin Seeds,617,19
Pumpkin Seeds,618,27
Pumpkin Seeds,619,17
Pumpkin Seeds,620,15
Pumpkin Seeds,621,17
Pumpkin Seeds,622,21
Pumpkin Seeds,623,25
Pumpkin Seeds,624,12
Pumpkin Seeds,625,22
Pumpkin Seeds,626,23
Pumpkin Seeds,627,27
Pumpkin Seeds,628,14
Pumpkin Seeds,629,24
Pumpkin Seeds,630,14
Pumpkin Seeds,631,23
Pumpkin Seeds,632,18
Pumpkin Seeds,633,27
Pumpkin Seeds,634,25
Pumpkin Seeds,635,25
Pumpkin Seeds,636,24
Pumpkin Seeds,637,11
Pumpkin Seeds,638,24
Pumpkin Seeds,639,25
Pumpkin Seeds,640,19
Pumpkin Seeds,641,27
Pumpkin Seeds,642,17
Pumpkin Seeds,643,20
Pumpkin Seeds,644,26
Pumpkin Seeds,645,25
Pumpkin Seeds,646,21
Pumpkin Seeds,647,20
Pumpkin Seeds,648,26
Pumpkin Seeds,649,31
Pumpkin Seeds,650,28
Pumpkin Seeds,651,30
Pumpkin Seeds,652,35
Pumpkin Seeds,653,33
Pumpkin Seeds,654,24
Pumpkin Seeds,655,28
Pumpkin Seeds,656,26
Pumpkin Seeds,657,36
Pumpkin Seeds,658,13
Pumpkin Seeds,659,29
Pumpkin Seeds,660,20
Pumpkin Seeds,661,28
Pumpkin Seeds,662,20
Pumpkin Seeds,663,26
Pumpkin Seeds,664,29
Pumpkin Seeds,665,10
Pumpkin Seeds,666,22
Pumpkin Seeds,667,16
Pumpkin Seeds,668,24
Pumpkin Seeds,669,19
Pumpkin Seeds,670,25
Pumpkin Seeds,671,17
Pumpkin Seeds,672,18
Pumpkin Seeds,673,13
Pumpkin Seeds,674,14
Pumpkin Seeds,675,34
Pumpkin Seeds,676,17
Pumpkin Seeds,677,18
Pumpkin Seeds,678,28
Pumpkin Seeds,679,22
Pumpkin Seeds,680,25
Pumpkin Seeds,681,19
Pumpkin Seeds,682,23
Pumpkin Seeds,683,25
Pumpkin Seeds,684,25
Pumpkin Seeds,685,15
Pumpkin Seeds,686,16
Pumpkin Seeds,687,19
Pumpkin Seeds,688,15
Pumpkin Seeds,689,16
Pumpkin Seeds,690,25
Pumpkin Seeds,691,17
Pumpkin Seeds,692,19
Pumpkin Seeds,693,35
Pumpkin Seeds,694,13
Pumpkin Seeds,695,34
Pumpkin Seeds,696,23
Pumpkin Seeds,697,37
Pumpkin Seeds,698,13
Pumpkin Seeds,699,22
Pumpkin Seeds,700,34
Pumpkin Seeds,701,24
Pumpkin Seeds,702,28
Pumpkin Seeds,703,22
Pumpkin Seeds,704,13
Pumpkin Seeds,705,33
Pumpkin Seeds,706,31
Pumpkin Seeds,707,23
Pumpkin Seeds,708,13
Pumpkin Seeds,709,15
Pumpkin Seeds,710,21
Pumpkin Seeds,711,12
Pumpkin Seeds,712,17
Pumpkin Seeds,713,16
Pumpkin Seeds,714,20
Pumpkin Seeds,715,17
Pumpkin Seeds,716,13
Pumpkin Seeds,717,26
Pumpkin Seeds,718,21
Pumpkin Seeds,719,13
Pumpkin Seeds,720,21
Pumpkin Seeds,721,22
Pumpkin Seeds,722,17
Pumpkin Seeds,723,21
Pumpkin Seeds,724,24
Pumpkin Seeds,725,22
Pumpkin Seeds,726,11
Pumpkin Seeds,727,24
Pumpkin Seeds,728,16
Pumpkin Seeds,729,18
Pumpkin Seeds,730,32
Pumpkin Seeds,731,12
Pumpkin Seeds,732,16
Pumpkin Seeds,733,15
Pumpkin Seeds,734,19
Pumpkin Seeds,735,27
Pumpkin Seeds,736,28
Pumpkin Seeds,737,22
Pumpkin Seeds,738,19
Pumpkin Seeds,739,10
Pumpkin Seeds,740,14
Pumpkin Seeds,741,34
Pumpkin Seeds,742,17
Pumpkin Seeds,743,16
Pumpkin Seeds,744,15
Pumpkin Seeds,745,20
Pumpkin Seeds,746,19
Pumpkin Seeds,747,24
Pumpkin Seeds,748,17
Pumpkin Seeds,749,15
Pumpkin Seeds,750,18
Pumpkin Seeds,751,29
Pumpkin Seeds,752,18
Pumpkin Seeds,753,23
Pumpkin Seeds,754,22
Pumpkin Seeds,755,16
Pumpkin Seeds,756,21
Pumpkin Seeds,757,23
Pumpkin Seeds,758,16
Pumpkin Seeds,759,16
Pumpkin Seeds,760,18
Pumpkin Seeds,761,16
Pumpkin Seeds,762,11
Pumpkin Seeds,763,18
Pumpkin Seeds,764,27
Pumpkin Seeds,765,15
Pumpkin Seeds,766,16
Pumpkin Seeds,767,13
Pumpkin Seeds,768,25
Pumpkin Seeds,769,19
Pumpkin Seeds,770,27
Pumpkin Seeds,771,21
Pumpkin Seeds,772,25
Pumpkin Seeds,773,18
Pumpkin Seeds,774,23
Pumpkin Seeds,775,21
Pumpkin Seeds,776,24
Pumpkin Seeds,777,14
Pumpkin Seeds,778,35
Pumpkin Seeds,779,15
Pumpkin Seeds,780,18
Pumpkin Seeds,781,21
Pumpkin Seeds,782,19
Pumpkin Seeds,783,10
Pumpkin Seeds,784,21
Pumpkin Seeds,785,15
Pumpkin Seeds,786,48
Pumpkin Seeds,787,19
Pumpkin Seeds,788,38
Pumpkin Seeds,789,19
Pumpkin Seeds,790,29
Pumpkin Seeds,791,22
Pumpkin Seeds,792,11
Pumpkin Seeds,793,26
Pumpkin Seeds,794,28
Pumpkin Seeds,795,13
Pumpkin Seeds,796,18
Pumpkin Seeds,797,15
Pumpkin Seeds,798,18
Pumpkin Seeds,799,28
Pumpkin Seeds,800,19
Pumpkin Seeds,801,53
Pumpkin Seeds,802,16
Pumpkin Seeds,803,28
Pumpkin Seeds,804,16
Pumpkin Seeds,805,21
Pumpkin Seeds,806,10
Pumpkin Seeds,807,21
Pumpkin Seeds,808,14
Pumpkin Seeds,809,26
Pumpkin Seeds,810,17
Pumpkin Seeds,811,20
Pumpkin Seeds,812,13
Pumpkin Seeds,813,11
Pumpkin Seeds,814,19
Pumpkin Seeds,815,16
Pumpkin Seeds,816,24
Pumpkin Seeds,817,12
Pumpkin Seeds,818,12
Pumpkin Seeds,819,19
Pumpkin Seeds,820,25
Pumpkin Seeds,821,19
Pumpkin Seeds,822,17
Pumpkin Seeds,823,31
Pumpkin Seeds,824,17
Pumpkin Seeds,825,12
Pumpkin Seeds,826,31
Pumpkin Seeds,827,13
Pumpkin Seeds,828,21
Pumpkin Seeds,829,30
Pumpkin Seeds,830,24
Pumpkin Seeds,831,24
Pumpkin Seeds,832,25
Pumpkin Seeds,833,11
Pumpkin Seeds,834,23
Pumpkin Seeds,835,27
Pumpkin Seeds,836,20
Pumpkin Seeds,837,21
Pumpkin Seeds,838,16
Pumpkin Seeds,839,39
Pumpkin Seeds,840,13
Pumpkin Seeds,841,17
Pumpkin Seeds,842,20
Pumpkin Seeds,843,17
Pumpkin Seeds,844,21
Pumpkin Seeds,845,24
Pumpkin Seeds,846,32
Pumpkin Seeds,847,23
Pumpkin Seeds,848,12
Pumpkin Seeds,849,14
Pumpkin Seeds,850,18
Pumpkin Seeds,851,18
Pumpkin Seeds,852,34
Pumpkin Seeds,853,12
Pumpkin Seeds,854,18
Pumpkin Seeds,855,19
Pumpkin Seeds,856,21
Pumpkin Seeds,857,11
Pumpkin Seeds,858,28
Pumpkin Seeds,859,19
Pumpkin Seeds,860,27
Pumpkin Seeds,861,15
Pumpkin Seeds,862,16
Pumpkin Seeds,863,21
Pumpkin Seeds,864,23
Pumpkin Seeds,865,14
Pumpkin Seeds,866,33
Pumpkin Seeds,867,27
Pumpkin Seeds,868,29
Pumpkin Seeds,869,16
Pumpkin Seeds,870,19
Pumpkin Seeds,871,19
Pumpkin Seeds,872,22
Pumpkin Seeds,873,15
Pumpkin Seeds,874,30
Pumpkin Seeds,875,34
Pumpkin Seeds,876,15
Pumpkin Seeds,877,13
Pumpkin Seeds,878,27
Pumpkin Seeds,879,24
Pumpkin Seeds,880,38
Pumpkin Seeds,881,25
Pumpkin Seeds,882,29
Pumpkin Seeds,883,16
Pumpkin Seeds,884,24
Pumpkin Seeds,885,17
Pumpkin Seeds,886,13
Pumpkin Seeds,887,22
Pumpkin Seeds,888,17
Pumpkin Seeds,889,21
Pumpkin Seeds,890,25
Pumpkin Seeds,891,24
Pumpkin Seeds,892,26
Pumpkin Seeds,893,27
Pumpkin Seeds,894,26
Pumpkin Seeds,895,20
Pumpkin Seeds,896,15
Pumpkin Seeds,897,18
Pumpkin Seeds,898,27
Pumpkin Seeds,899,28
Pumpkin Seeds,900,26
Pumpkin Seeds,901,23
Pumpkin Seeds,902,22
Pumpkin Seeds,903,25
Pumpkin Seeds,904,17
Pumpkin Seeds,905,24
Pumpkin Seeds,906,12
Pumpkin Seeds,907,22
Pumpkin Seeds,908,32
Pumpkin Seeds,909,28
Pumpkin Seeds,910,31
Pumpkin Seeds,911,17
Pumpkin Seeds,912,17
Pumpkin Seeds,913,17
Pumpkin Seeds,914,14
Pumpkin Seeds,915,14
Pumpkin Seeds,916,21
Pumpkin Seeds,917,36
Pumpkin Seeds,918,21
Pumpkin Seeds,919,14
Pumpkin Seeds,920,12
Pumpkin Seeds,921,12
Pumpkin Seeds,922,21
Pumpkin Seeds,923,12
Pumpkin Seeds,924,14
Pumpkin Seeds,925,21
Pumpkin Seeds,926,17
Pumpkin Seeds,927,21
Pumpkin Seeds,928,12
Pumpkin Seeds,929,23
Pumpkin Seeds,930,12
Pumpkin Seeds,931,22
Pumpkin Seeds,932,24
Pumpkin Seeds,933,19
Pumpkin Seeds,934,16
Pumpkin Seeds,935,21
Pumpkin Seeds,936,20
Pumpkin Seeds,937,13
Pumpkin Seeds,938,26
Pumpkin Seeds,939,17
Pumpkin Seeds,940,25
Pumpkin Seeds,941,20
Pumpkin Seeds,942,17
Pumpkin Seeds,943,19
Pumpkin Seeds,944,20
Pumpkin Seeds,945,24
Pumpkin Seeds,946,15
Pumpkin Seeds,947,25
Pumpkin Seeds,948,12
Pumpkin Seeds,949,29
Pumpkin Seeds,950,11
Pumpkin Seeds,951,17
Pumpkin Seeds,952,12
Pumpkin Seeds,953,17
Pumpkin Seeds,954,17
Pumpkin Seeds,955,10
Pumpkin Seeds,956,28
Pumpkin Seeds,957,24
Pumpkin Seeds,958,38
Pumpkin Seeds,959,28
Pumpkin Seeds,960,19
Pumpkin Seeds,961,16
Pumpkin Seeds,962,19
Pumpkin Seeds,963,23
Pumpkin Seeds,964,19
Pumpkin Seeds,965,13
Pumpkin Seeds,966,22
Pumpkin Seeds,967,16
Pumpkin Seeds,968,15
Pumpkin Seeds,969,21
Pumpkin Seeds,970,21
Pumpkin Seeds,971,21
Pumpkin Seeds,972,14
Pumpkin Seeds,973,28
Pumpkin Seeds,974,28
Pumpkin Seeds,975,24
Pumpkin Seeds,976,14
Pumpkin Seeds,977,18
Pumpkin Seeds,978,27
Pumpkin Seeds,979,22
Pumpkin Seeds,980,27
Pumpkin Seeds,981,21
Pumpkin Seeds,982,18
Pumpkin Seeds,983,30
Pumpkin Seeds,984,23
Pumpkin Seeds,985,13
Pumpkin Seeds,986,12
Pumpkin Seeds,987,25
Pumpkin Seeds,988,42
Pumpkin Seeds,989,23
Pumpkin Seeds,990,21
Pumpkin Seeds,991,23
Pumpkin Seeds,992,11
Pumpkin Seeds,993,16
Pumpkin Seeds,994,18
Pumpkin Seeds,995,8
Pumpkin Seeds,996,19
Pumpkin Seeds,997,25
Pumpkin Seeds,998,18
Pumpkin Seeds,999,14
Pumpkin Seeds,1000,28
Pumpkin Seeds,1001,12
Pumpkin Seeds,1002,17
Pumpkin Seeds,1003,36
Pumpkin Seeds,1004,12
Pumpkin Seeds,1005,12
Pumpkin Seeds,1006,12
Pumpkin Seeds,1007,24
Pumpkin Seeds,1008,18
Pumpkin Seeds,1009,31
Pumpkin Seeds,1010,15
Pumpkin Seeds,1011,18
Pumpkin Seeds,1012,18
Pumpkin Seeds,1013,10
Pumpkin Seeds,1014,18
Pumpkin Seeds,1015,21
Pumpkin Seeds,1016,20
Pumpkin Seeds,1017,17
Pumpkin Seeds,1018,44
Pumpkin Seeds,1019,16
Pumpkin Seeds,1020,18
Pumpkin Seeds,1021,23
Pumpkin Seeds,1022,9
Pumpkin Seeds,1023,18
Pumpkin Seeds,1024,21
Pumpkin Seeds,1025,13
Pumpkin Seeds,1026,22
Pumpkin Seeds,1027,25
Pumpkin Seeds,1028,18
Pumpkin Seeds,1029,22
Pumpkin Seeds,1030,25
Pumpkin Seeds,1031,17
Pumpkin Seeds,1032,26
Pumpkin Seeds,1033,35
Pumpkin Seeds,1034,33
Pumpkin Seeds,1035,10
Pumpkin Seeds,1036,19
Pumpkin Seeds,1037,26
Pumpkin Seeds,1038,11
Pumpkin Seeds,1039,24
Pumpkin Seeds,1040,19
Pumpkin Seeds,1041,23
Pumpkin Seeds,1042,33
Pumpkin Seeds,1043,41
Pumpkin Seeds,1044,13
Pumpkin Seeds,1045,29
Pumpkin Seeds,1046,19
Pumpkin Seeds,1047,30
Pumpkin Seeds,1048,12
Pumpkin Seeds,1049,32
Pumpkin Seeds,1050,27
Pumpkin Seeds,1051,17
Pumpkin Seeds,1052,29
Pumpkin Seeds,1053,22
Pumpkin Seeds,1054,19
Pumpkin Seeds,1055,11
Pumpkin Seeds,1056,18
Pumpkin Seeds,1057,27
Pumpkin Seeds,1058,16
Pumpkin Seeds,1059,15
Pumpkin Seeds,1060,19
Pumpkin Seeds,1061,12
Pumpkin Seeds,1062,20
Pumpkin Seeds,1063,38
Pumpkin Seeds,1064,22
Pumpkin Seeds,1065,27
Pumpkin Seeds,1066,10
Pumpkin Seeds,1067,29
Pumpkin Seeds,1068,27
Pumpkin Seeds,1069,23
Pumpkin Seeds,1070,22
Pumpkin Seeds,1071,33
Pumpkin Seeds,1072,19
Pumpkin Seeds,1073,12
Pumpkin Seeds,1074,13
Pumpkin Seeds,1075,19
Pumpkin Seeds,1076,22
Pumpkin Seeds,1077,25
Pumpkin Seeds,1078,11
Pumpkin Seeds,1079,22
Pumpkin Seeds,1080,24
Pumpkin Seeds,1081,31
Pumpkin Seeds,1082,16
Pumpkin Seeds,1083,35
Pumpkin Seeds,1084,20
Pumpkin Seeds,1085,18
Pumpkin Seeds,1086,31
Pumpkin Seeds,1087,18
Pumpkin Seeds,1088,30
Pumpkin Seeds,1089,15
Pumpkin Seeds,1090,21
Pumpkin Seeds,1091,18
Pumpkin Seeds,1092,11
Pumpkin Seeds,1093,34
Pumpkin Seeds,1094,29
Pumpkin Seeds,1095,18
Pumpkin Seeds,1096,18
Pumpkin Seeds,1097,22
Pumpkin Seeds,1098,20
Pumpkin Seeds,1099,31
Pumpkin Seeds,1100,19
Pumpkin Seeds,1101,14
Pumpkin Seeds,1102,23
Pumpkin Seeds,1103,9
Pumpkin Seeds,1104,18
Pumpkin Seeds,1105,16
Pumpkin Seeds,1106,28
Pumpkin Seeds,1107,34
Pumpkin Seeds,1108,14
Pumpkin Seeds,1109,14
Pumpkin Seeds,1110,14
Pumpkin Seeds,1111,24
Pumpkin Seeds,1112,23
Pumpkin Seeds,1113,22
Pumpkin Seeds,1114,22
Pumpkin Seeds,1115,23
Pumpkin Seeds,1116,13
Pumpkin Seeds,1117,23
Pumpkin Seeds,1118,22
Pumpkin Seeds,1119,21
Pumpkin Seeds,1120,26
Pumpkin Seeds,1121,15
Pumpkin Seeds,1122,22
Pumpkin Seeds,1123,32
Pumpkin Seeds,1124,15
Pumpkin Seeds,1125,21
Pumpkin Seeds,1126,28
Pumpkin Seeds,1127,20
Pumpkin Seeds,1128,16
Pumpkin Seeds,1129,33
Pumpkin Seeds,1130,26
Pumpkin Seeds,1131,31
Pumpkin Seeds,1132,24
Pumpkin Seeds,1133,24
Pumpkin Seeds,1134,30
Pumpkin Seeds,1135,16
Pumpkin Seeds,1136,25
Pumpkin Seeds,1137,15
Pumpkin Seeds,1138,21
Pumpkin Seeds,1139,18
Pumpkin Seeds,1140,10
Pumpkin Seeds,1141,24
Pumpkin Seeds,1142,17
Pumpkin Seeds,1143,19
Pumpkin Seeds,1144,20
Pumpkin Seeds,1145,23
Pumpkin Seeds,1146,34
Pumpkin Seeds,1147,18
Pumpkin Seeds,1148,21
Pumpkin Seeds,1149,25
Pumpkin Seeds,1150,17
Pumpkin Seeds,1151,25
Pumpkin Seeds,1152,22
Pumpkin Seeds,1153,16
Pumpkin Seeds,1154,23
Pumpkin Seeds,1155,22
Pumpkin Seeds,1156,19
Pumpkin Seeds,1157,22
Pumpkin Seeds,1158,11
Pumpkin Seeds,1159,18
Pumpkin Seeds,1160,18
Pumpkin Seeds,1161,18
Pumpkin Seeds,1162,30
Pumpkin Seeds,1163,19
Pumpkin Seeds,1164,29
Pumpkin Seeds,1165,30
Pumpkin Seeds,1166,20
Pumpkin Seeds,1167,13
Pumpkin Seeds,1168,12
Pumpkin Seeds,1169,14
Pumpkin Seeds,1170,35
Pumpkin Seeds,1171,18
Pumpkin Seeds,1172,24
Pumpkin Seeds,1173,16
Pumpkin Seeds,1174,26
Pumpkin Seeds,1175,19
Pumpkin Seeds,1176,11
Pumpkin Seeds,1177,14
Pumpkin Seeds,1178,23
Pumpkin Seeds,1179,13
Pumpkin Seeds,1180,23
Pumpkin Seeds,1181,17
Pumpkin Seeds,1182,21
Pumpkin Seeds,1183,12
Pumpkin Seeds,1184,15
Pumpkin Seeds,1185,16
Pumpkin Seeds,1186,23
Pumpkin Seeds,1187,27
Pumpkin Seeds,1188,54
Pumpkin Seeds,1189,28
Pumpkin Seeds,1190,33
Pumpkin Seeds,1191,24
Pumpkin Seeds,1192,38
Pumpkin Seeds,1193,25
Pumpkin Seeds,1194,18
Pumpkin Seeds,1195,24
Pumpkin Seeds,1196,21
Pumpkin Seeds,1197,36
Pumpkin Seeds,1198,20
Pumpkin Seeds,1199,21
Pumpkin Seeds,1200,13
Pumpkin Seeds,1201,19
Pumpkin Seeds,1202,14
Pumpkin Seeds,1203,25
Pumpkin Seeds,1204,18
Pumpkin Seeds,1205,18
Pumpkin Seeds,1206,18
Pumpkin Seeds,1207,14
Pumpkin Seeds,1208,11
Pumpkin Seeds,1209,18
Pumpkin Seeds,1210,28
Pumpkin Seeds,1211,23
Pumpkin Seeds,1212,15
Pumpkin Seeds,1213,13
Pumpkin Seeds,1214,18
Pumpkin Seeds,1215,23
Pumpkin Seeds,1216,14
Pumpkin Seeds,1217,20
Pumpkin Seeds,1218,11
Pumpkin Seeds,1219,20
Pumpkin Seeds,1220,25
Pumpkin Seeds,1221,12
Pumpkin Seeds,1222,28
Pumpkin Seeds,1223,18
Pumpkin Seeds,1224,22
Pumpkin Seeds,1225,24
Pumpkin Seeds,1226,17
Pumpkin Seeds,1227,33
Pumpkin Seeds,1228,26
Pumpkin Seeds,1229,16
Pumpkin Seeds,1230,18
Pumpkin Seeds,1231,37
Pumpkin Seeds,1232,39
Pumpkin Seeds,1233,29
Pumpkin Seeds,1234,18
Pumpkin Seeds,1235,34
Pumpkin Seeds,1236,16
Pumpkin Seeds,1237,25
Pumpkin Seeds,1238,37
Pumpkin Seeds,1239,28
Pumpkin Seeds,1240,16
Pumpkin Seeds,1241,30
Pumpkin Seeds,1242,20
Pumpkin Seeds,1243,24
Pumpkin Seeds,1244,26
Pumpkin Seeds,1245,21
Pumpkin Seeds,1246,20
Pumpkin Seeds,1247,20
Pumpkin Seeds,1248,28
Pumpkin Seeds,1249,16
Pumpkin Seeds,1250,42
Pumpkin Seeds,1251,19
Pumpkin Seeds,1252,13
Pumpkin Seeds,1253,15
Pumpkin Seeds,1254,13
Pumpkin Seeds,1255,9
Pumpkin Seeds,1256,19
Pumpkin Seeds,1257,14
Pumpkin Seeds,1258,12
Pumpkin Seeds,1259,18
Pumpkin Seeds,1260,38
Pumpkin Seeds,1261,24
Pumpkin Seeds,1262,17
Pumpkin Seeds,1263,17
Pumpkin Seeds,1264,15
Pumpkin Seeds,1265,20
Pumpkin Seeds,1266,15
Pumpkin Seeds,1267,10
Pumpkin Seeds,1268,32
Pumpkin Seeds,1269,30
Pumpkin Seeds,1270,14
Pumpkin Seeds,1271,47
Pumpkin Seeds,1272,26
Pumpkin Seeds,1273,17
Pumpkin Seeds,1274,20
Pumpkin Seeds,1275,33
Pumpkin Seeds,1276,12
Pumpkin Seeds,1277,32
Pumpkin Seeds,1278,14
Pumpkin Seeds,1279,29
Pumpkin Seeds,1280,20
Pumpkin Seeds,1281,27
Pumpkin Seeds,1282,19
Pumpkin Seeds,1283,13
Pumpkin Seeds,1284,19
Pumpkin Seeds,1285,19
Pumpkin Seeds,1286,24
Pumpkin Seeds,1287,40
Pumpkin Seeds,1288,15
Pumpkin Seeds,1289,21
Pumpkin Seeds,1290,27
Pumpkin Seeds,1291,33
Pumpkin Seeds,1292,12
Pumpkin Seeds,1293,14
Pumpkin Seeds,1294,23
Pumpkin Seeds,1295,13
Pumpkin Seeds,1296,10
Pumpkin Seeds,1297,21
Pumpkin Seeds,1298,25
Pumpkin Seeds,1299,15
Pumpkin Seeds,1300,22
Pumpkin Seeds,1301,13
Pumpkin Seeds,1302,23
Pumpkin Seeds,1303,26
Pumpkin Seeds,1304,22
Pumpkin Seeds,1305,28
Pumpkin Seeds,1306,23
Pumpkin Seeds,1307,21
Pumpkin Seeds,1308,13
Pumpkin Seeds,1309,13
Pumpkin Seeds,1310,14
Pumpkin Seeds,1311,16
Pumpkin Seeds,1312,17
Pumpkin Seeds,1313,12
Pumpkin Seeds,1314,13
Pumpkin Seeds,1315,42
Pumpkin Seeds,1316,26
Pumpkin Seeds,1317,13
Pumpkin Seeds,1318,22
Pumpkin Seeds,1319,17
Pumpkin Seeds,1320,29
Pumpkin Seeds,1321,19
Pumpkin Seeds,1322,22
Pumpkin Seeds,1323,22
Pumpkin Seeds,1324,22
Pumpkin Seeds,1325,14
Pumpkin Seeds,1326,20
Pumpkin Seeds,1327,28
Pumpkin Seeds,1328,18
Pumpkin Seeds,1329,23
Pumpkin Seeds,1330,24
Pumpkin Seeds,1331,28
Pumpkin Seeds,1332,20
Pumpkin Seeds,1333,29
Pumpkin Seeds,1334,25
Pumpkin Seeds,1335,22
Pumpkin Seeds,1336,17
Pumpkin Seeds,1337,20
Pumpkin Seeds,1338,18
Pumpkin Seeds,1339,25
Pumpkin Seeds,1340,25
Pumpkin Seeds,1341,22
Pumpkin Seeds,1342,15
Pumpkin Seeds,1343,22
Pumpkin Seeds,1344,15
Pumpkin Seeds,1345,20
Pumpkin Seeds,1346,20
Pumpkin Seeds,1347,17
Pumpkin Seeds,1348,19
Pumpkin Seeds,1349,15
Pumpkin Seeds,1350,30
Pumpkin Seeds,1351,18
Pumpkin Seeds,1352,9
Pumpkin Seeds,1353,31
Pumpkin Seeds,1354,16
Pumpkin Seeds,1355,20
Pumpkin Seeds,1356,14
Pumpkin Seeds,1357,16
Pumpkin Seeds,1358,18
Pumpkin Seeds,1359,19
Pumpkin Seeds,1360,20
Pumpkin Seeds,1361,14
Pumpkin Seeds,1362,18
Pumpkin Seeds,1363,30
Pumpkin Seeds,1364,29
Pumpkin Seeds,1365,11
Pumpkin Seeds,1366,35
Pumpkin Seeds,1367,19
Pumpkin Seeds,1368,21
Pumpkin Seeds,1369,31
Pumpkin Seeds,1370,18
Pumpkin Seeds,1371,13
Pumpkin Seeds,1372,23
Pumpkin Seeds,1373,18
Pumpkin Seeds,1374,15
Pumpkin Seeds,1375,18
Pumpkin Seeds,1376,47
Pumpkin Seeds,1377,20
Pumpkin Seeds,1378,24
Pumpkin Seeds,1379,12
Pumpkin Seeds,1380,26
Pumpkin Seeds,1381,28
Pumpkin Seeds,1382,18
Pumpkin Seeds,1383,23
Pumpkin Seeds,1384,42
Pumpkin Seeds,1385,20
Pumpkin Seeds,1386,15
Pumpkin Seeds,1387,19
Pumpkin Seeds,1388,21
Pumpkin Seeds,1389,30
Pumpkin Seeds,1390,27
Pumpkin Seeds,1391,8
Pumpkin Seeds,1392,25
Pumpkin Seeds,1393,20
Pumpkin Seeds,1394,16
Pumpkin Seeds,1395,19
Pumpkin Seeds,1396,24
Pumpkin Seeds,1397,34
Pumpkin Seeds,1398,29
Pumpkin Seeds,1399,25
Pumpkin Seeds,1400,26
Pumpkin Seeds,1401,13
Pumpkin Seeds,1402,22
Pumpkin Seeds,1403,20
Pumpkin Seeds,1404,26
Pumpkin Seeds,1405,18
Pumpkin Seeds,1406,17
Pumpkin Seeds,1407,22
Pumpkin Seeds,1408,15
Pumpkin Seeds,1409,19
Pumpkin Seeds,1410,22
Pumpkin Seeds,1411,14
Pumpkin Seeds,1412,29
Pumpkin Seeds,1413,15
Pumpkin Seeds,1414,26
Pumpkin Seeds,1415,19
Pumpkin Seeds,1416,20
Pumpkin Seeds,1417,21
Pumpkin Seeds,1418,14
Pumpkin Seeds,1419,23
Pumpkin Seeds,1420,31
Pumpkin Seeds,1421,22
Pumpkin Seeds,1422,16
Pumpkin Seeds,1423,14
Pumpkin Seeds,1424,18
Pumpkin Seeds,1425,21
Pumpkin Seeds,1426,32
Pumpkin Seeds,1427,18
Pumpkin Seeds,1428,24
Pumpkin Seeds,1429,33
Pumpkin Seeds,1430,19
Pumpkin Seeds,1431,16
Pumpkin Seeds,1432,22
Pumpkin Seeds,1433,19
Pumpkin Seeds,1434,25
Pumpkin Seeds,1435,12
Pumpkin Seeds,1436,19
Pumpkin Seeds,1437,29
Pumpkin Seeds,1438,20
Pumpkin Seeds,1439,37
Pumpkin Seeds,1440,17
Pumpkin Seeds,1441,10
Pumpkin Seeds,1442,24
Pumpkin Seeds,1443,21
Pumpkin Seeds,1444,18
Pumpkin Seeds,1445,11
Pumpkin Seeds,1446,11
Pumpkin Seeds,1447,14
Pumpkin Seeds,1448,29
Pumpkin Seeds,1449,21
Pumpkin Seeds,1450,12
Pumpkin Seeds,1451,16
Pumpkin Seeds,1452,15
Pumpkin Seeds,1453,31
Pumpkin Seeds,1454,26
Pumpkin Seeds,1455,16
Pumpkin Seeds,1456,25
Pumpkin Seeds,1457,26
Pumpkin Seeds,1458,27
Pumpkin Seeds,1459,13
Pumpkin Seeds,1460,30
Pumpkin Seeds,1461,18
Pumpkin Seeds,1462,32
Pumpkin Seeds,1463,19
Pumpkin Seeds,1464,20
Pumpkin Seeds,1465,12
Pumpkin Seeds,1466,23
Pumpkin Seeds,1467,15
Pumpkin Seeds,1468,20
Pumpkin Seeds,1469,16
Pumpkin Seeds,1470,11
Pumpkin Seeds,1471,22
Pumpkin Seeds,1472,12
Pumpkin Seeds,1473,20
Pumpkin Seeds,1474,13
Pumpkin Seeds,1475,22
Pumpkin Seeds,1476,19
Pumpkin Seeds,1477,32
Pumpkin Seeds,1478,40
Pumpkin Seeds,1479,33
Pumpkin Seeds,1480,13
Pumpkin Seeds,1481,17
Pumpkin Seeds,1482,23
Pumpkin Seeds,1483,31
Pumpkin Seeds,1484,29
Pumpkin Seeds,1485,19
Pumpkin Seeds,1486,17
Pumpkin Seeds,1487,23
Pumpkin Seeds,1488,28
Pumpkin Seeds,1489,21
Pumpkin Seeds,1490,27
Pumpkin Seeds,1491,31
Pumpkin Seeds,1492,16
Pumpkin Seeds,1493,13
Pumpkin Seeds,1494,15
Pumpkin Seeds,1495,17
Pumpkin Seeds,1496,27
Pumpkin Seeds,1497,12
Pumpkin Seeds,1498,16
Pumpkin Seeds,1499,16
Pumpkin Seeds,1500,28
Pumpkin Seeds,1501,25
Pumpkin Seeds,1502,26
Pumpkin Seeds,1503,15
Pumpkin Seeds,1504,21
Pumpkin Seeds,1505,12
Pumpkin Seeds,1506,28
Pumpkin Seeds,1507,14
Pumpkin Seeds,1508,18
Pumpkin Seeds,1509,25
Pumpkin Seeds,1510,20
Pumpkin Seeds,1511,18
Pumpkin Seeds,1512,32
Pumpkin Seeds,1513,26
Pumpkin Seeds,1514,23
Pumpkin Seeds,1515,23
Pumpkin Seeds,1516,30
Pumpkin Seeds,1517,19
Pumpkin Seeds,1518,14
Pumpkin Seeds,1519,51
Pumpkin Seeds,1520,24
Pumpkin Seeds,1521,21
Pumpkin Seeds,1522,12
Pumpkin Seeds,1523,22
Pumpkin Seeds,1524,18
Pumpkin Seeds,1525,27
Pumpkin Seeds,1526,16
Pumpkin Seeds,1527,15
Pumpkin Seeds,1528,11
Pumpkin Seeds,1529,15
Pumpkin Seeds,1530,20
Pumpkin Seeds,1531,20
Pumpkin Seeds,1532,18
Pumpkin Seeds,1533,12
Pumpkin Seeds,1534,17
Pumpkin Seeds,1535,29
Pumpkin Seeds,1536,26
Pumpkin Seeds,1537,27
Pumpkin Seeds,1538,14
Pumpkin Seeds,1539,13
Pumpkin Seeds,1540,30
Pumpkin Seeds,1541,13
Pumpkin Seeds,1542,16
Pumpkin Seeds,1543,36
Pumpkin Seeds,1544,35
Pumpkin Seeds,1545,14
Pumpkin Seeds,1546,18
Pumpkin Seeds,1547,26
Pumpkin Seeds,1548,27
Pumpkin Seeds,1549,19
Pumpkin Seeds,1550,15
Pumpkin Seeds,1551,24
Pumpkin Seeds,1552,19
Pumpkin Seeds,1553,16
Pumpkin Seeds,1554,20
Pumpkin Seeds,1555,19
Pumpkin Seeds,1556,28
Pumpkin Seeds,1557,22
Pumpkin Seeds,1558,17
Pumpkin Seeds,1559,25
Pumpkin Seeds,1560,30
Pumpkin Seeds,1561,21
Pumpkin Seeds,1562,22
Pumpkin Seeds,1563,9
Pumpkin Seeds,1564,22
Pumpkin Seeds,1565,19
Pumpkin Seeds,1566,18
Pumpkin Seeds,1567,21
Pumpkin Seeds,1568,16
Pumpkin Seeds,1569,23
Pumpkin Seeds,1570,21
Pumpkin Seeds,1571,23
Pumpkin Seeds,1572,18
Pumpkin Seeds,1573,27
Pumpkin Seeds,1574,15
Pumpkin Seeds,1575,22
Pumpkin Seeds,1576,33
Pumpkin Seeds,1577,20
Pumpkin Seeds,1578,13
Pumpkin Seeds,1579,28
Pumpkin Seeds,1580,28
Pumpkin Seeds,1581,14
Pumpkin Seeds,1582,24
Pumpkin Seeds,1583,17
Pumpkin Seeds,1584,10
Pumpkin Seeds,1585,28
Pumpkin Seeds,1586,28
Pumpkin Seeds,1587,14
Pumpkin Seeds,1588,23
Pumpkin Seeds,1589,24
Pumpkin Seeds,1590,31
Pumpkin Seeds,1591,17
Pumpkin Seeds,1592,19
Pumpkin Seeds,1593,11
Pumpkin Seeds,1594,29
Pumpkin Seeds,1595,14
Pumpkin Seeds,1596,23
Pumpkin Seeds,1597,37
Pumpkin Seeds,1598,15
Pumpkin Seeds,1599,19
Pumpkin Seeds,1600,24
Pumpkin Seeds,1601,23
Pumpkin Seeds,1602,16
Pumpkin Seeds,1603,20
Pumpkin Seeds,1604,11
Pumpkin Seeds,1605,35
Pumpkin Seeds,1606,15
Pumpkin Seeds,1607,17
Pumpkin Seeds,1608,25
Pumpkin Seeds,1609,33
Pumpkin Seeds,1610,28
Pumpkin Seeds,1611,15
Pumpkin Seeds,1612,21
Pumpkin Seeds,1613,16
Pumpkin Seeds,1614,13
Pumpkin Seeds,1615,18
Pumpkin Seeds,1616,29
Pumpkin Seeds,1617,40
Pumpkin Seeds,1618,13
Pumpkin Seeds,1619,23
Pumpkin Seeds,1620,12
Pumpkin Seeds,1621,10
Pumpkin Seeds,1622,22
Pumpkin Seeds,1623,20
Pumpkin Seeds,1624,17
Pumpkin Seeds,1625,27
Pumpkin Seeds,1626,21
Pumpkin Seeds,1627,24
Pumpkin Seeds,1628,24
Pumpkin Seeds,1629,27
Pumpkin Seeds,1630,27
Pumpkin Seeds,1631,13
Pumpkin Seeds,1632,22
Pumpkin Seeds,1633,32
Pumpkin Seeds,1634,21
Pumpkin Seeds,1635,10
Pumpkin Seeds,1636,23
Pumpkin Seeds,1637,26
Pumpkin Seeds,1638,37
Pumpkin Seeds,1639,21
Pumpkin Seeds,1640,23
Pumpkin Seeds,1641,30
Pumpkin Seeds,1642,24
Pumpkin Seeds,1643,12
Pumpkin Seeds,1644,29
Pumpkin Seeds,1645,23
Pumpkin Seeds,1646,23
Pumpkin Seeds,1647,20
Pumpkin Seeds,1648,27
Pumpkin Seeds,1649,27
Pumpkin Seeds,1650,23
Pumpkin Seeds,1651,41
Pumpkin Seeds,1652,22
Pumpkin Seeds,1653,21
Pumpkin Seeds,1654,33
Pumpkin Seeds,1655,18
Pumpkin Seeds,1656,18
Pumpkin Seeds,1657,27
Pumpkin Seeds,1658,19
Pumpkin Seeds,1659,23
Pumpkin Seeds,1660,35
Pumpkin Seeds,1661,28
Pumpkin Seeds,1662,16
Pumpkin Seeds,1663,17
Pumpkin Seeds,1664,28
Pumpkin Seeds,1665,22
Pumpkin Seeds,1666,24
Pumpkin Seeds,1667,16
Pumpkin Seeds,1668,19
Pumpkin Seeds,1669,17
Pumpkin Seeds,1670,23
Pumpkin Seeds,1671,24
Pumpkin Seeds,1672,23
Pumpkin Seeds,1673,18
Pumpkin Seeds,1674,24
Pumpkin Seeds,1675,18
Pumpkin Seeds,1676,17
Pumpkin Seeds,1677,25
Pumpkin Seeds,1678,21
Pumpkin Seeds,1679,29
Pumpkin Seeds,1680,27
Pumpkin Seeds,1681,15
Pumpkin Seeds,1682,19
Pumpkin Seeds,1683,25
Pumpkin Seeds,1684,13
Pumpkin Seeds,1685,12
Pumpkin Seeds,1686,43
Pumpkin Seeds,1687,28
Pumpkin Seeds,1688,15
Pumpkin Seeds,1689,28
Pumpkin Seeds,1690,19
Pumpkin Seeds,1691,20
Pumpkin Seeds,1692,20
Pumpkin Seeds,1693,18
Pumpkin Seeds,1694,13
Pumpkin Seeds,1695,16
Pumpkin Seeds,1696,18
Pumpkin Seeds,1697,14
Pumpkin Seeds,1698,13
Pumpkin Seeds,1699,14
Pumpkin Seeds,1700,19
Pumpkin Seeds,1701,11
Pumpkin Seeds,1702,18
Pumpkin Seeds,1703,37
Pumpkin Seeds,1704,28
Pumpkin Seeds,1705,19
Pumpkin Seeds,1706,14
Pumpkin Seeds,1707,21
Pumpkin Seeds,1708,25
Pumpkin Seeds,1709,41
Pumpkin Seeds,1710,15
Pumpkin Seeds,1711,17
Pumpkin Seeds,1712,17
Pumpkin Seeds,1713,12
Pumpkin Seeds,1714,11
Pumpkin Seeds,1715,22
Pumpkin Seeds,1716,18
Pumpkin Seeds,1717,24
Pumpkin Seeds,1718,27
Pumpkin Seeds,1719,30
Pumpkin Seeds,1720,35
Pumpkin Seeds,1721,19
Pumpkin Seeds,1722,15
Pumpkin Seeds,1723,11
Pumpkin Seeds,1724,30
Pumpkin Seeds,1725,24
Pumpkin Seeds,1726,16
Pumpkin Seeds,1727,23
Pumpkin Seeds,1728,13
Pumpkin Seeds,1729,17
Pumpkin Seeds,1730,18
Pumpkin Seeds,1731,26
Pumpkin Seeds,1732,34
Pumpkin Seeds,1733,27
Pumpkin Seeds,1734,24
Pumpkin Seeds,1735,19
Pumpkin Seeds,1736,18
Pumpkin Seeds,1737,29
Pumpkin Seeds,1738,14
Pumpkin Seeds,1739,10
Pumpkin Seeds,1740,27
Pumpkin Seeds,1741,17
Pumpkin Seeds,1742,11
Pumpkin Seeds,1743,28
Pumpkin Seeds,1744,35
Pumpkin Seeds,1745,20
Pumpkin Seeds,1746,39
Pumpkin Seeds,1747,21
Pumpkin Seeds,1748,31
Pumpkin Seeds,1749,10
Pumpkin Seeds,1750,30
Pumpkin Seeds,1751,22
Pumpkin Seeds,1752,73
Pumpkin Seeds,1753,21
Pumpkin Seeds,1754,21
Pumpkin Seeds,1755,17
Pumpkin Seeds,1756,19
Pumpkin Seeds,1757,17
Pumpkin Seeds,1758,39
Pumpkin Seeds,1759,40
Pumpkin Seeds,1760,17
Pumpkin Seeds,1761,26
Pumpkin Seeds,1762,24
Pumpkin Seeds,1763,15
Pumpkin Seeds,1764,20
Pumpkin Seeds,1765,16
Pumpkin Seeds,1766,17
Pumpkin Seeds,1767,14
Pumpkin Seeds,1768,24
Pumpkin Seeds,1769,21
Pumpkin Seeds,1770,32
Pumpkin Seeds,1771,24
Pumpkin Seeds,1772,13
Pumpkin Seeds,1773,29
Pumpkin Seeds,1774,20
Pumpkin Seeds,1775,14
Pumpkin Seeds,1776,12
Pumpkin Seeds,1777,14
Pumpkin Seeds,1778,33
Pumpkin Seeds,1779,29
Pumpkin Seeds,1780,20
Pumpkin Seeds,1781,23
Pumpkin Seeds,1782,24
Pumpkin Seeds,1783,15
Pumpkin Seeds,1784,22
Pumpkin Seeds,1785,9
Pumpkin Seeds,1786,21
Pumpkin Seeds,1787,19
Pumpkin Seeds,1788,28
Pumpkin Seeds,1789,21
Pumpkin Seeds,1790,20
Pumpkin Seeds,1791,31
Pumpkin Seeds,1792,19
Pumpkin Seeds,1793,38
Pumpkin Seeds,1794,12
Pumpkin Seeds,1795,19
Pumpkin Seeds,1796,21
Pumpkin Seeds,1797,37
Pumpkin Seeds,1798,14
Pumpkin Seeds,1799,23
Pumpkin Seeds,1800,12
Pumpkin Seeds,1801,24
Pumpkin Seeds,1802,33
Pumpkin Seeds,1803,26
Pumpkin Seeds,1804,19
Pumpkin Seeds,1805,20
Pumpkin Seeds,1806,10
Pumpkin Seeds,1807,24
Pumpkin Seeds,1808,14
Pumpkin Seeds,1809,24
Pumpkin Seeds,1810,18
Pumpkin Seeds,1811,17
Pumpkin Seeds,1812,29
Pumpkin Seeds,1813,22
Pumpkin Seeds,1814,21
Pumpkin Seeds,1815,24
Pumpkin Seeds,1816,17
Pumpkin Seeds,1817,24
Pumpkin Seeds,1818,30
Pumpkin Seeds,1819,13
Pumpkin Seeds,1820,44
Pumpkin Seeds,1821,19
Pumpkin Seeds,1822,25
Pumpkin Seeds,1823,24
Pumpkin Seeds,1824,15
Pumpkin Seeds,1825,21
Pumpkin Seeds,1826,23
Pumpkin Seeds,1827,18
Pumpkin Seeds,1828,24
Pumpkin Seeds,1829,17
Pumpkin Seeds,1830,26
Pumpkin Seeds,1831,27
Pumpkin Seeds,1832,15
Pumpkin Seeds,1833,11
Pumpkin Seeds,1834,26
Pumpkin Seeds,1835,19
Pumpkin Seeds,1836,15
Pumpkin Seeds,1837,13
Pumpkin Seeds,1838,17
Pumpkin Seeds,1839,19
Pumpkin Seeds,1840,16
Pumpkin Seeds,1841,11
Pumpkin Seeds,1842,23
Pumpkin Seeds,1843,16
Pumpkin Seeds,1844,21
Pumpkin Seeds,1845,27
Pumpkin Seeds,1846,16
Pumpkin Seeds,1847,18
Pumpkin Seeds,1848,15
Pumpkin Seeds,1849,12
Pumpkin Seeds,1850,13
Pumpkin Seeds,1851,28
Pumpkin Seeds,1852,27
Pumpkin Seeds,1853,18
Pumpkin Seeds,1854,30
Pumpkin Seeds,1855,17
Pumpkin Seeds,1856,17
Pumpkin Seeds,1857,40
Pumpkin Seeds,1858,28
Pumpkin Seeds,1859,26
Pumpkin Seeds,1860,23
Pumpkin Seeds,1861,29
Pumpkin Seeds,1862,30
Pumpkin Seeds,1863,25
Pumpkin Seeds,1864,26
Pumpkin Seeds,1865,32
Pumpkin Seeds,1866,20
Pumpkin Seeds,1867,16
Pumpkin Seeds,1868,13
Pumpkin Seeds,1869,35
Pumpkin Seeds,1870,22
Pumpkin Seeds,1871,18
Pumpkin Seeds,1872,22
Pumpkin Seeds,1873,23
Pumpkin Seeds,1874,28
Pumpkin Seeds,1875,37
Pumpkin Seeds,1876,15
Pumpkin Seeds,1877,21
Pumpkin Seeds,1878,16
Pumpkin Seeds,1879,32
Pumpkin Seeds,1880,19
Pumpkin Seeds,1881,16
Pumpkin Seeds,1882,19
Pumpkin Seeds,1883,22
Pumpkin Seeds,1884,9
Pumpkin Seeds,1885,21
Pumpkin Seeds,1886,16
Pumpkin Seeds,1887,20
Pumpkin Seeds,1888,13
Pumpkin Seeds,1889,23
Pumpkin Seeds,1890,18
Pumpkin Seeds,1891,11
Pumpkin Seeds,1892,22
Pumpkin Seeds,1893,50
Pumpkin Seeds,1894,18
Pumpkin Seeds,1895,16
Pumpkin Seeds,1896,28
Pumpkin Seeds,1897,23
Pumpkin Seeds,1898,18
Pumpkin Seeds,1899,20
Pumpkin Seeds,1900,16
Pumpkin Seeds,1901,18
Pumpkin Seeds,1902,38
Pumpkin Seeds,1903,20
Pumpkin Seeds,1904,21
Pumpkin Seeds,1905,16
Pumpkin Seeds,1906,19
Pumpkin Seeds,1907,28
Pumpkin Seeds,1908,27
Pumpkin Seeds,1909,24
Pumpkin Seeds,1910,14
Pumpkin Seeds,1911,23
Pumpkin Seeds,1912,39
Pumpkin Seeds,1913,15
Pumpkin Seeds,1914,27
Pumpkin Seeds,1915,15
Pumpkin Seeds,1916,23
Pumpkin Seeds,1917,14
Pumpkin Seeds,1918,30
Pumpkin Seeds,1919,29
Pumpkin Seeds,1920,18
Pumpkin Seeds,1921,24
Pumpkin Seeds,1922,45
Pumpkin Seeds,1923,30
Pumpkin Seeds,1924,17
Pumpkin Seeds,1925,21
Pumpkin Seeds,1926,10
Pumpkin Seeds,1927,13
Pumpkin Seeds,1928,16
Pumpkin Seeds,1929,15
Pumpkin Seeds,1930,18
Pumpkin Seeds,1931,27
Pumpkin Seeds,1932,20
Pumpkin Seeds,1933,16
Pumpkin Seeds,1934,14
Pumpkin Seeds,1935,17
Pumpkin Seeds,1936,33
Pumpkin Seeds,1937,15
Pumpkin Seeds,1938,17
Pumpkin Seeds,1939,20
Pumpkin Seeds,1940,25
Pumpkin Seeds,1941,14
Pumpkin Seeds,1942,21
Pumpkin Seeds,1943,11
Pumpkin Seeds,1944,18
Pumpkin Seeds,1945,31
Pumpkin Seeds,1946,12
Pumpkin Seeds,1947,30
Pumpkin Seeds,1948,32
Pumpkin Seeds,1949,15
Pumpkin Seeds,1950,31
Pumpkin Seeds,1951,30
Pumpkin Seeds,1952,35
Pumpkin Seeds,1953,38
Pumpkin Seeds,1954,19
Pumpkin Seeds,1955,18
Pumpkin Seeds,1956,26
Pumpkin Seeds,1957,13
Pumpkin Seeds,1958,33
Pumpkin Seeds,1959,22
Pumpkin Seeds,1960,27
Pumpkin Seeds,1961,18
Pumpkin Seeds,1962,17
Pumpkin Seeds,1963,25
Pumpkin Seeds,1964,24
Pumpkin Seeds,1965,25
Pumpkin Seeds,1966,15
Pumpkin Seeds,1967,16
Pumpkin Seeds,1968,19
Pumpkin Seeds,1969,16
Pumpkin Seeds,1970,15
Pumpkin Seeds,1971,17
Pumpkin Seeds,1972,26
Pumpkin Seeds,1973,18
Pumpkin Seeds,1974,16
Pumpkin Seeds,1975,15
Pumpkin Seeds,1976,24
Pumpkin Seeds,1977,12
Pumpkin Seeds,1978,23
Pumpkin Seeds,1979,27
Pumpkin Seeds,1980,30
Pumpkin Seeds,1981,12
Pumpkin Seeds,1982,14
Pumpkin Seeds,1983,15
Pumpkin Seeds,1984,19
Pumpkin Seeds,1985,18
Pumpkin Seeds,1986,24
Pumpkin Seeds,1987,12
Pumpkin Seeds,1988,32
Pumpkin Seeds,1989,14
Pumpkin Seeds,1990,18
Pumpkin Seeds,1991,26
Pumpkin Seeds,1992,27
Pumpkin Seeds,1993,22
Pumpkin Seeds,1994,24
Pumpkin Seeds,1995,31
Pumpkin Seeds,1996,22
Pumpkin Seeds,1997,17
Pumpkin Seeds,1998,35
Pumpkin Seeds,1999,23
Pumpkin Seeds,2000,15
Pumpkin Seeds,2001,23
Pumpkin Seeds,2002,29
Pumpkin Seeds,2003,22
Pumpkin Seeds,2004,15
Pumpkin Seeds,2005,37
Pumpkin Seeds,2006,30
Pumpkin Seeds,2007,16
Pumpkin Seeds,2008,13
Pumpkin Seeds,2009,33
Pumpkin Seeds,2010,19
Pumpkin Seeds,2011,16
Pumpkin Seeds,2012,24
Pumpkin Seeds,2013,16
Pumpkin Seeds,2014,16
Pumpkin Seeds,2015,14
Pumpkin Seeds,2016,15
Pumpkin Seeds,2017,22
Pumpkin Seeds,2018,16
Pumpkin Seeds,2019,14
Pumpkin Seeds,2020,12
Pumpkin Seeds,2021,36
Pumpkin Seeds,2022,26
Pumpkin Seeds,2023,17
Pumpkin Seeds,2024,24
Pumpkin Seeds,2025,22
Pumpkin Seeds,2026,27
Pumpkin Seeds,2027,26
Pumpkin Seeds,2028,36
Pumpkin Seeds,2029,31
Pumpkin Seeds,2030,11
Pumpkin Seeds,2031,24
Pumpkin Seeds,2032,11
Pumpkin Seeds,2033,27
Pumpkin Seeds,2034,21
Pumpkin Seeds,2035,20
Pumpkin Seeds,2036,25
Pumpkin Seeds,2037,19
Pumpkin Seeds,2038,35
Pumpkin Seeds,2039,17
Pumpkin Seeds,2040,23
Pumpkin Seeds,2041,30
Pumpkin Seeds,2042,21
Pumpkin Seeds,2043,35
Pumpkin Seeds,2044,39
Pumpkin Seeds,2045,25
Pumpkin Seeds,2046,15
Pumpkin Seeds,2047,27
Pumpkin Seeds,2048,18
Pumpkin Seeds,2049,17
Pumpkin Seeds,2050,19
Pumpkin Seeds,2051,24
Pumpkin Seeds,2052,26
Pumpkin Seeds,2053,17
Pumpkin Seeds,2054,24
Pumpkin Seeds,2055,14
Pumpkin Seeds,2056,14
Pumpkin Seeds,2057,12
Pumpkin Seeds,2058,17
Pumpkin Seeds,2059,19
Pumpkin Seeds,2060,20
Pumpkin Seeds,2061,21
Pumpkin Seeds,2062,20
Pumpkin Seeds,2063,13
Pumpkin Seeds,2064,19
Pumpkin Seeds,2065,18
Pumpkin Seeds,2066,22
Pumpkin Seeds,2067,23
Pumpkin Seeds,2068,32
Pumpkin Seeds,2069,26
Pumpkin Seeds,2070,20
Pumpkin Seeds,2071,22
Pumpkin Seeds,2072,15
Pumpkin Seeds,2073,22
Pumpkin Seeds,2074,23
Pumpkin Seeds,2075,14
Pumpkin Seeds,2076,29
Pumpkin Seeds,2077,14
Pumpkin Seeds,2078,24
Pumpkin Seeds,2079,24
Pumpkin Seeds,2080,24
Pumpkin Seeds,2081,16
Pumpkin Seeds,2082,25
Pumpkin Seeds,2083,33
Pumpkin Seeds,2084,23
Pumpkin Seeds,2085,18
Pumpkin Seeds,2086,18
Pumpkin Seeds,2087,24
Pumpkin Seeds,2088,15
Pumpkin Seeds,2089,15
Pumpkin Seeds,2090,27
Pumpkin Seeds,2091,25
Pumpkin Seeds,2092,17
Pumpkin Seeds,2093,18
Pumpkin Seeds,2094,26
Pumpkin Seeds,2095,18
Pumpkin Seeds,2096,23
Pumpkin Seeds,2097,23
Pumpkin Seeds,2098,27
Pumpkin Seeds,2099,20
Pumpkin Seeds,2100,12
Pumpkin Seeds,2101,9
Pumpkin Seeds,2102,25
Pumpkin Seeds,2103,23
Pumpkin Seeds,2104,21
Pumpkin Seeds,2105,24
Pumpkin Seeds,2106,21
Pumpkin Seeds,2107,25
Pumpkin Seeds,2108,23
Pumpkin Seeds,2109,25
Pumpkin Seeds,2110,9
Pumpkin Seeds,2111,17
Pumpkin Seeds,2112,31
Pumpkin Seeds,2113,17
Pumpkin Seeds,2114,20
Pumpkin Seeds,2115,19
Pumpkin Seeds,2116,22
Pumpkin Seeds,2117,18
Pumpkin Seeds,2118,22
Pumpkin Seeds,2119,26
Pumpkin Seeds,2120,16
Pumpkin Seeds,2121,29
Pumpkin Seeds,2122,24
Pumpkin Seeds,2123,17
Pumpkin Seeds,2124,32
Pumpkin Seeds,2125,30
Pumpkin Seeds,2126,26
Pumpkin Seeds,2127,44
Pumpkin Seeds,2128,14
Pumpkin Seeds,2129,24
Pumpkin Seeds,2130,13
Pumpkin Seeds,2131,14
Pumpkin Seeds,2132,41
Pumpkin Seeds,2133,32
Pumpkin Seeds,2134,28
Pumpkin Seeds,2135,22
Pumpkin Seeds,2136,15
Pumpkin Seeds,2137,15
Pumpkin Seeds,2138,29
Pumpkin Seeds,2139,18
Pumpkin Seeds,2140,19
Pumpkin Seeds,2141,14
Pumpkin Seeds,2142,28
Pumpkin Seeds,2143,35
Pumpkin Seeds,2144,20
Pumpkin Seeds,2145,23
Pumpkin Seeds,2146,16
Pumpkin Seeds,2147,10
Pumpkin Seeds,2148,21
Pumpkin Seeds,2149,15
Pumpkin Seeds,2150,11
Pumpkin Seeds,2151,28
Pumpkin Seeds,2152,17
Pumpkin Seeds,2153,10
Pumpkin Seeds,2154,17
Pumpkin Seeds,2155,15
Pumpkin Seeds,2156,15
Pumpkin Seeds,2157,19
Pumpkin Seeds,2158,27
Pumpkin Seeds,2159,19
Pumpkin Seeds,2160,21
Pumpkin Seeds,2161,27
Pumpkin Seeds,2162,12
Pumpkin Seeds,2163,22
Pumpkin Seeds,2164,18
Pumpkin Seeds,2165,14
Pumpkin Seeds,2166,18
Pumpkin Seeds,2167,18
Pumpkin Seeds,2168,19
Pumpkin Seeds,2169,20
Pumpkin Seeds,2170,13
Pumpkin Seeds,2171,21
Pumpkin Seeds,2172,34
Pumpkin Seeds,2173,26
Pumpkin Seeds,2174,15
Pumpkin Seeds,2175,12
Pumpkin Seeds,2176,23
Pumpkin Seeds,2177,29
Pumpkin Seeds,2178,27
Pumpkin Seeds,2179,17
Pumpkin Seeds,2180,29
Pumpkin Seeds,2181,20
Pumpkin Seeds,2182,14
Pumpkin Seeds,2183,18
Pumpkin Seeds,2184,16
Pumpkin Seeds,2185,24
Pumpkin Seeds,2186,15
Pumpkin Seeds,2187,14
Pumpkin Seeds,2188,20
Pumpkin Seeds,2189,27
Pumpkin Seeds,2190,33
Pumpkin Seeds,2191,36
Pumpkin Seeds,2192,34
Pumpkin Seeds,2193,24
Pumpkin Seeds,2194,24
Pumpkin Seeds,2195,12
Pumpkin Seeds,2196,22
Pumpkin Seeds,2197,22
Pumpkin Seeds,2198,21
Pumpkin Seeds,2199,14
Pumpkin Seeds,2200,11
Pumpkin Seeds,2201,10
Pumpkin Seeds,2202,20
Pumpkin Seeds,2203,29
Pumpkin Seeds,2204,30
Pumpkin Seeds,2205,25
Pumpkin Seeds,2206,24
Pumpkin Seeds,2207,23
Pumpkin Seeds,2208,26
Pumpkin Seeds,2209,26
Pumpkin Seeds,2210,13
Pumpkin Seeds,2211,24
Pumpkin Seeds,2212,19
Pumpkin Seeds,2213,25
Pumpkin Seeds,2214,22
Pumpkin Seeds,2215,28
Pumpkin Seeds,2216,28
Pumpkin Seeds,2217,26
Pumpkin Seeds,2218,35
Pumpkin Seeds,2219,19
Pumpkin Seeds,2220,16
Pumpkin Seeds,2221,24
Pumpkin Seeds,2222,24
Pumpkin Seeds,2223,25
Pumpkin Seeds,2224,22
Pumpkin Seeds,2225,19
Pumpkin Seeds,2226,23
Pumpkin Seeds,2227,29
Pumpkin Seeds,2228,19
Pumpkin Seeds,2229,20
Pumpkin Seeds,2230,13
Pumpkin Seeds,2231,21
Pumpkin Seeds,2232,14
Pumpkin Seeds,2233,19
Pumpkin Seeds,2234,17
Pumpkin Seeds,2235,22
Pumpkin Seeds,2236,16
Pumpkin Seeds,2237,42
Pumpkin Seeds,2238,23
Pumpkin Seeds,2239,24
Pumpkin Seeds,2240,16
Pumpkin Seeds,2241,19
Pumpkin Seeds,2242,22
Pumpkin Seeds,2243,18
Pumpkin Seeds,2244,22
Pumpkin Seeds,2245,42
Pumpkin Seeds,2246,19
Pumpkin Seeds,2247,21
Pumpkin Seeds,2248,17
Pumpkin Seeds,2249,21
Pumpkin Seeds,2250,17
Pumpkin Seeds,2251,20
Pumpkin Seeds,2252,17
Pumpkin Seeds,2253,18
Pumpkin Seeds,2254,40
Pumpkin Seeds,2255,23
Pumpkin Seeds,2256,18
Pumpkin Seeds,2257,27
Pumpkin Seeds,2258,18
Pumpkin Seeds,2259,25
Pumpkin Seeds,2260,14
Pumpkin Seeds,2261,20
Pumpkin Seeds,2262,25
Pumpkin Seeds,2263,19
Pumpkin Seeds,2264,27
Pumpkin Seeds,2265,21
Pumpkin Seeds,2266,39
Pumpkin Seeds,2267,28
Pumpkin Seeds,2268,15
Pumpkin Seeds,2269,15
Pumpkin Seeds,2270,23
Pumpkin Seeds,2271,25
Pumpkin Seeds,2272,18
Pumpkin Seeds,2273,12
Pumpkin Seeds,2274,20
Pumpkin Seeds,2275,18
Pumpkin Seeds,2276,13
Pumpkin Seeds,2277,17
Pumpkin Seeds,2278,15
Pumpkin Seeds,2279,27
Pumpkin Seeds,2280,13
Pumpkin Seeds,2281,26
Pumpkin Seeds,2282,25
Pumpkin Seeds,2283,32
Pumpkin Seeds,2284,29
Pumpkin Seeds,2285,28
Pumpkin Seeds,2286,31
Pumpkin Seeds,2287,15
Pumpkin Seeds,2288,21
Pumpkin Seeds,2289,26
Pumpkin Seeds,2290,31
Pumpkin Seeds,2291,28
Pumpkin Seeds,2292,16
Pumpkin Seeds,2293,25
Pumpkin Seeds,2294,15
Pumpkin Seeds,2295,25
Pumpkin Seeds,2296,19
Pumpkin Seeds,2297,25
Pumpkin Seeds,2298,15
Pumpkin Seeds,2299,13
Pumpkin Seeds,2300,14
Pumpkin Seeds,2301,13
Pumpkin Seeds,2302,26
Pumpkin Seeds,2303,18
Pumpkin Seeds,2304,33
Pumpkin Seeds,2305,37
Pumpkin Seeds,2306,28
Pumpkin Seeds,2307,16
Pumpkin Seeds,2308,39
Pumpkin Seeds,2309,21
Pumpkin Seeds,2310,12
Pumpkin Seeds,2311,8
Pumpkin Seeds,2312,26
Pumpkin Seeds,2313,15
Pumpkin Seeds,2314,12
Pumpkin Seeds,2315,35
Pumpkin Seeds,2316,18
Pumpkin Seeds,2317,14
Pumpkin Seeds,2318,19
Pumpkin Seeds,2319,12
Pumpkin Seeds,2320,22
Pumpkin Seeds,2321,23
Pumpkin Seeds,2322,11
Pumpkin Seeds,2323,23
Pumpkin Seeds,2324,19
Pumpkin Seeds,2325,18
Pumpkin Seeds,2326,15
Pumpkin Seeds,2327,23
Pumpkin Seeds,2328,15
Pumpkin Seeds,2329,9
Pumpkin Seeds,2330,12
Pumpkin Seeds,2331,28
Pumpkin Seeds,2332,12
Pumpkin Seeds,2333,24
Pumpkin Seeds,2334,14
Pumpkin Seeds,2335,14
Pumpkin Seeds,2336,21
Pumpkin Seeds,2337,25
Pumpkin Seeds,2338,26
Pumpkin Seeds,2339,16
Pumpkin Seeds,2340,17
Pumpkin Seeds,2341,21
Pumpkin Seeds,2342,19
Pumpkin Seeds,2343,18
Pumpkin Seeds,2344,29
Pumpkin Seeds,2345,21
Pumpkin Seeds,2346,17
Pumpkin Seeds,2347,19
Pumpkin Seeds,2348,16
Pumpkin Seeds,2349,27
Pumpkin Seeds,2350,12
Pumpkin Seeds,2351,18
Pumpkin Seeds,2352,31
Pumpkin Seeds,2353,24
Pumpkin Seeds,2354,20
Pumpkin Seeds,2355,13
Pumpkin Seeds,2356,21
Pumpkin Seeds,2357,26
Pumpkin Seeds,2358,19
Pumpkin Seeds,2359,27
Pumpkin Seeds,2360,23
Pumpkin Seeds,2361,21
Pumpkin Seeds,2362,20
Pumpkin Seeds,2363,9
Pumpkin Seeds,2364,27
Pumpkin Seeds,2365,25
Pumpkin Seeds,2366,15
Pumpkin Seeds,2367,14
Pumpkin Seeds,2368,20
Pumpkin Seeds,2369,17
Pumpkin Seeds,2370,10
Pumpkin Seeds,2371,17
Pumpkin Seeds,2372,18
Pumpkin Seeds,2373,17
Pumpkin Seeds,2374,13
Pumpkin Seeds,2375,19
Pumpkin Seeds,2376,25
Pumpkin Seeds,2377,11
Pumpkin Seeds,2378,23
Pumpkin Seeds,2379,17
Pumpkin Seeds,2380,20
Pumpkin Seeds,2381,18
Pumpkin Seeds,2382,28
Pumpkin Seeds,2383,22
Pumpkin Seeds,2384,27
Pumpkin Seeds,2385,25
Pumpkin Seeds,2386,18
Pumpkin Seeds,2387,23
Pumpkin Seeds,2388,22
Pumpkin Seeds,2389,27
Pumpkin Seeds,2390,14
Pumpkin Seeds,2391,19
Pumpkin Seeds,2392,30
Pumpkin Seeds,2393,14
Pumpkin Seeds,2394,18
Pumpkin Seeds,2395,16
Pumpkin Seeds,2396,17
Pumpkin Seeds,2397,22
Pumpkin Seeds,2398,14
Pumpkin Seeds,2399,29
Pumpkin Seeds,2400,11
Pumpkin Seeds,2401,19
Pumpkin Seeds,2402,33
Pumpkin Seeds,2403,20
Pumpkin Seeds,2404,19
Pumpkin Seeds,2405,31
Pumpkin Seeds,2406,20
Pumpkin Seeds,2407,26
Pumpkin Seeds,2408,11
Pumpkin Seeds,2409,20
Pumpkin Seeds,2410,20
Pumpkin Seeds,2411,28
Pumpkin Seeds,2412,35
Pumpkin Seeds,2413,21
Pumpkin Seeds,2414,19
Pumpkin Seeds,2415,13
Pumpkin Seeds,2416,23
Pumpkin Seeds,2417,26
Pumpkin Seeds,2418,17
Pumpkin Seeds,2419,23
Pumpkin Seeds,2420,22
Pumpkin Seeds,2421,12
Pumpkin Seeds,2422,36
Pumpkin Seeds,2423,22
Pumpkin Seeds,2424,24
Pumpkin Seeds,2425,30
Pumpkin Seeds,2426,29
Pumpkin Seeds,2427,29
Pumpkin Seeds,2428,17
Pumpkin Seeds,2429,21
Pumpkin Seeds,2430,11
Pumpkin Seeds,2431,10
Pumpkin Seeds,2432,12
Pumpkin Seeds,2433,15
Pumpkin Seeds,2434,23
Pumpkin Seeds,2435,21
Pumpkin Seeds,2436,30
Pumpkin Seeds,2437,13
Pumpkin Seeds,2438,9
Pumpkin Seeds,2439,18
Pumpkin Seeds,2440,28
Pumpkin Seeds,2441,31
Pumpkin Seeds,2442,16
Pumpkin Seeds,2443,30
Pumpkin Seeds,2444,42
Pumpkin Seeds,2445,10
Pumpkin Seeds,2446,17
Pumpkin Seeds,2447,15
Pumpkin Seeds,2448,21
Pumpkin Seeds,2449,14
Pumpkin Seeds,2450,26
Pumpkin Seeds,2451,26
Pumpkin Seeds,2452,21
Pumpkin Seeds,2453,13
Pumpkin Seeds,2454,15
Pumpkin Seeds,2455,22
Pumpkin Seeds,2456,13
Pumpkin Seeds,2457,21
Pumpkin Seeds,2458,16
Pumpkin Seeds,2459,25
Pumpkin Seeds,2460,15
Pumpkin Seeds,2461,19
Pumpkin Seeds,2462,16
Pumpkin Seeds,2463,25
Pumpkin Seeds,2464,17
Pumpkin Seeds,2465,14
Pumpkin Seeds,2466,19
Pumpkin Seeds,2467,16
Pumpkin Seeds,2468,27
Pumpkin Seeds,2469,15
Pumpkin Seeds,2470,25
Pumpkin Seeds,2471,17
Pumpkin Seeds,2472,20
Pumpkin Seeds,2473,21
Pumpkin Seeds,2474,23
Pumpkin Seeds,2475,19
Pumpkin Seeds,2476,19
Pumpkin Seeds,2477,17
Pumpkin Seeds,2478,12
Pumpkin Seeds,2479,28
Pumpkin Seeds,2480,20
Pumpkin Seeds,2481,26
Pumpkin Seeds,2482,8
Pumpkin Seeds,2483,15
Pumpkin Seeds,2484,18
Pumpkin Seeds,2485,17
Pumpkin Seeds,2486,12
Pumpkin Seeds,2487,21
Pumpkin Seeds,2488,19
Pumpkin Seeds,2489,19
Pumpkin Seeds,2490,23
Pumpkin Seeds,2491,29
Pumpkin Seeds,2492,24
Pumpkin Seeds,2493,14
Pumpkin Seeds,2494,13
Pumpkin Seeds,2495,13
Pumpkin Seeds,2496,12
Pumpkin Seeds,2497,33
Pumpkin Seeds,2498,23
Pumpkin Seeds,2499,18
Pumpkin Seeds,2500,19
Pumpkin Seeds,2501,19
Pumpkin Seeds,2502,21
Pumpkin Seeds,2503,23
Pumpkin Seeds,2504,16
Pumpkin Seeds,2505,21
Pumpkin Seeds,2506,21
Pumpkin Seeds,2507,17
Pumpkin Seeds,2508,11
Pumpkin Seeds,2509,34
Pumpkin Seeds,2510,20
Pumpkin Seeds,2511,17
Pumpkin Seeds,2512,18
Pumpkin Seeds,2513,14
Pumpkin Seeds,2514,15
Pumpkin Seeds,2515,13
Pumpkin Seeds,2516,27
Pumpkin Seeds,2517,30
Pumpkin Seeds,2518,19
Pumpkin Seeds,2519,25
Pumpkin Seeds,2520,11
Pumpkin Seeds,2521,20
Pumpkin Seeds,2522,26
Pumpkin Seeds,2523,19
Pumpkin Seeds,2524,19
Pumpkin Seeds,2525,24
Pumpkin Seeds,2526,20
Pumpkin Seeds,2527,20
Pumpkin Seeds,2528,18
Pumpkin Seeds,2529,21
Pumpkin Seeds,2530,15
Pumpkin Seeds,2531,20
Pumpkin Seeds,2532,18
Pumpkin Seeds,2533,16
Pumpkin Seeds,2534,20
Pumpkin Seeds,2535,14
Pumpkin Seeds,2536,16
Pumpkin Seeds,2537,16
Pumpkin Seeds,2538,25
Pumpkin Seeds,2539,15
Pumpkin Seeds,2540,22
Pumpkin Seeds,2541,17
Pumpkin Seeds,2542,18
Pumpkin Seeds,2543,26
Pumpkin Seeds,2544,20
Pumpkin Seeds,2545,17
Pumpkin Seeds,2546,14
Pumpkin Seeds,2547,21
Pumpkin Seeds,2548,13
Pumpkin Seeds,2549,15
Pumpkin Seeds,2550,14
Pumpkin Seeds,2551,19
Pumpkin Seeds,2552,17
Pumpkin Seeds,2553,31
Pumpkin Seeds,2554,16
Pumpkin Seeds,2555,24
Pumpkin Seeds,2556,22
Pumpkin Seeds,2557,30
Pumpkin Seeds,2558,22
Pumpkin Seeds,2559,22
Pumpkin Seeds,2560,26
Pumpkin Seeds,2561,20
Pumpkin Seeds,2562,17
Pumpkin Seeds,2563,20
Pumpkin Seeds,2564,14
Pumpkin Seeds,2565,20
Pumpkin Seeds,2566,21
Pumpkin Seeds,2567,25
Pumpkin Seeds,2568,23
Pumpkin Seeds,2569,20
Pumpkin Seeds,2570,17
Pumpkin Seeds,2571,19
Pumpkin Seeds,2572,21
Pumpkin Seeds,2573,19
Pumpkin Seeds,2574,21
Pumpkin Seeds,2575,16
Pumpkin Seeds,2576,13
Pumpkin Seeds,2577,11
Pumpkin Seeds,2578,35
Pumpkin Seeds,2579,13
Pumpkin Seeds,2580,15
Pumpkin Seeds,2581,19
Pumpkin Seeds,2582,22
Pumpkin Seeds,2583,12
Pumpkin Seeds,2584,25
Pumpkin Seeds,2585,22
Pumpkin Seeds,2586,44
Pumpkin Seeds,2587,23
Pumpkin Seeds,2588,27
Pumpkin Seeds,2589,19
Pumpkin Seeds,2590,16
Pumpkin Seeds,2591,16
Pumpkin Seeds,2592,31
Pumpkin Seeds,2593,22
Pumpkin Seeds,2594,15
Pumpkin Seeds,2595,8
Pumpkin Seeds,2596,20
Pumpkin Seeds,2597,15
Pumpkin Seeds,2598,23
Pumpkin Seeds,2599,15
Pumpkin Seeds,2600,33
Pumpkin Seeds,2601,17
Pumpkin Seeds,2602,20
Pumpkin Seeds,2603,20
Pumpkin Seeds,2604,15
Pumpkin Seeds,2605,27
Pumpkin Seeds,2606,16
Pumpkin Seeds,2607,21
Pumpkin Seeds,2608,26
Pumpkin Seeds,2609,24
Pumpkin Seeds,2610,19
Pumpkin Seeds,2611,25
Pumpkin Seeds,2612,19
Pumpkin Seeds,2613,19
Pumpkin Seeds,2614,22
Pumpkin Seeds,2615,17
Pumpkin Seeds,2616,22
Pumpkin Seeds,2617,23
Pumpkin Seeds,2618,18
Pumpkin Seeds,2619,18
Pumpkin Seeds,2620,23
Pumpkin Seeds,2621,14
Pumpkin Seeds,2622,16
Pumpkin Seeds,2623,23
Pumpkin Seeds,2624,15
Pumpkin Seeds,2625,12
Pumpkin Seeds,2626,22
Pumpkin Seeds,2627,25
Pumpkin Seeds,2628,21
Pumpkin Seeds,2629,20
Pumpkin Seeds,2630,20
Pumpkin Seeds,2631,34
Pumpkin Seeds,2632,31
Pumpkin Seeds,2633,24
Pumpkin Seeds,2634,20
Pumpkin Seeds,2635,26
Pumpkin Seeds,2636,11
Pumpkin Seeds,2637,20
Pumpkin Seeds,2638,15
Pumpkin Seeds,2639,19
Pumpkin Seeds,2640,14
Pumpkin Seeds,2641,31
Pumpkin Seeds,2642,19
Pumpkin Seeds,2643,19
Pumpkin Seeds,2644,18
Pumpkin Seeds,2645,21
Pumpkin Seeds,2646,12
Pumpkin Seeds,2647,16
Pumpkin Seeds,2648,24
Pumpkin Seeds,2649,19
Pumpkin Seeds,2650,25
Pumpkin Seeds,2651,15
Pumpkin Seeds,2652,22
Pumpkin Seeds,2653,30
Pumpkin Seeds,2654,13
Pumpkin Seeds,2655,29
Pumpkin Seeds,2656,27
Pumpkin Seeds,2657,26
Pumpkin Seeds,2658,37
Pumpkin Seeds,2659,28
Pumpkin Seeds,2660,9
Pumpkin Seeds,2661,51
Pumpkin Seeds,2662,14
Pumpkin Seeds,2663,13
Pumpkin Seeds,2664,34
Pumpkin Seeds,2665,26
Pumpkin Seeds,2666,24
Pumpkin Seeds,2667,19
Pumpkin Seeds,2668,13
Pumpkin Seeds,2669,18
Pumpkin Seeds,2670,16
Pumpkin Seeds,2671,35
Pumpkin Seeds,2672,24
Pumpkin Seeds,2673,26
Pumpkin Seeds,2674,22
Pumpkin Seeds,2675,31
Pumpkin Seeds,2676,25
Pumpkin Seeds,2677,40
Pumpkin Seeds,2678,18
Pumpkin Seeds,2679,18
Pumpkin Seeds,2680,28
Pumpkin Seeds,2681,21
Pumpkin Seeds,2682,25
Pumpkin Seeds,2683,21
Pumpkin Seeds,2684,18
Pumpkin Seeds,2685,16
Pumpkin Seeds,2686,29
Pumpkin Seeds,2687,26
Pumpkin Seeds,2688,15
Pumpkin Seeds,2689,16
Pumpkin Seeds,2690,15
Pumpkin Seeds,2691,24
Pumpkin Seeds,2692,25
Pumpkin Seeds,2693,18
Pumpkin Seeds,2694,20
Pumpkin Seeds,2695,25
Pumpkin Seeds,2696,19
Pumpkin Seeds,2697,19
Pumpkin Seeds,2698,22
Pumpkin Seeds,2699,21
Pumpkin Seeds,2700,12
Pumpkin Seeds,2701,30
Pumpkin Seeds,2702,16
Pumpkin Seeds,2703,17
Pumpkin Seeds,2704,13
Pumpkin Seeds,2705,26
Pumpkin Seeds,2706,24
Pumpkin Seeds,2707,35
Pumpkin Seeds,2708,14
Pumpkin Seeds,2709,33
Pumpkin Seeds,2710,11
Pumpkin Seeds,2711,20
Pumpkin Seeds,2712,12
Pumpkin Seeds,2713,18
Pumpkin Seeds,2714,16
Pumpkin Seeds,2715,24
Pumpkin Seeds,2716,27
Pumpkin Seeds,2717,21
Pumpkin Seeds,2718,19
Pumpkin Seeds,2719,11
Pumpkin Seeds,2720,22
Pumpkin Seeds,2721,10
Pumpkin Seeds,2722,26
Pumpkin Seeds,2723,28
Pumpkin Seeds,2724,27
Pumpkin Seeds,2725,34
Pumpkin Seeds,2726,23
Pumpkin Seeds,2727,18
Pumpkin Seeds,2728,17
Pumpkin Seeds,2729,26
Pumpkin Seeds,2730,12
Pumpkin Seeds,2731,21
Pumpkin Seeds,2732,19
Pumpkin Seeds,2733,18
Pumpkin Seeds,2734,17
Pumpkin Seeds,2735,10
Pumpkin Seeds,2736,15
Pumpkin Seeds,2737,24
Pumpkin Seeds,2738,32
Pumpkin Seeds,2739,22
Pumpkin Seeds,2740,22
Pumpkin Seeds,2741,34
Pumpkin Seeds,2742,32
Pumpkin Seeds,2743,12
Pumpkin Seeds,2744,28
Pumpkin Seeds,2745,43
Pumpkin Seeds,2746,32
Pumpkin Seeds,2747,26
Pumpkin Seeds,2748,14
Pumpkin Seeds,2749,21
Pumpkin Seeds,2750,13
Pumpkin Seeds,2751,11
Pumpkin Seeds,2752,20
Pumpkin Seeds,2753,34
Pumpkin Seeds,2754,24
Pumpkin Seeds,2755,18
Pumpkin Seeds,2756,30
Pumpkin Seeds,2757,34
Pumpkin Seeds,2758,33
Pumpkin Seeds,2759,23
Pumpkin Seeds,2760,15
Pumpkin Seeds,2761,12
Pumpkin Seeds,2762,30
Pumpkin Seeds,2763,20
Pumpkin Seeds,2764,17
Pumpkin Seeds,2765,29
Pumpkin Seeds,2766,31
Pumpkin Seeds,2767,24
Pumpkin Seeds,2768,24
Pumpkin Seeds,2769,33
Pumpkin Seeds,2770,10
Pumpkin Seeds,2771,13
Pumpkin Seeds,2772,14
Pumpkin Seeds,2773,21
Pumpkin Seeds,2774,19
Pumpkin Seeds,2775,19
Pumpkin Seeds,2776,15
Pumpkin Seeds,2777,21
Pumpkin Seeds,2778,12
Pumpkin Seeds,2779,8
Pumpkin Seeds,2780,13
Pumpkin Seeds,2781,29
Pumpkin Seeds,2782,28
Pumpkin Seeds,2783,18
Pumpkin Seeds,2784,32
Pumpkin Seeds,2785,28
Pumpkin Seeds,2786,18
Pumpkin Seeds,2787,9
Pumpkin Seeds,2788,16
Pumpkin Seeds,2789,26
Pumpkin Seeds,2790,11
Pumpkin Seeds,2791,19
Pumpkin Seeds,2792,17
Pumpkin Seeds,2793,17
Pumpkin Seeds,2794,31
Pumpkin Seeds,2795,12
Pumpkin Seeds,2796,17
Pumpkin Seeds,2797,11
Pumpkin Seeds,2798,19
Pumpkin Seeds,2799,29
Pumpkin Seeds,2800,32
Pumpkin Seeds,2801,9
Pumpkin Seeds,2802,18
Pumpkin Seeds,2803,15
Pumpkin Seeds,2804,38
Pumpkin Seeds,2805,20
Pumpkin Seeds,2806,18
Pumpkin Seeds,2807,22
Pumpkin Seeds,2808,20
Pumpkin Seeds,2809,10
Pumpkin Seeds,2810,12
Pumpkin Seeds,2811,18
Pumpkin Seeds,2812,22
Pumpkin Seeds,2813,21
Pumpkin Seeds,2814,18
Pumpkin Seeds,2815,27
Pumpkin Seeds,2816,19
Pumpkin Seeds,2817,17
Pumpkin Seeds,2818,11
Pumpkin Seeds,2819,27
Pumpkin Seeds,2820,25
Pumpkin Seeds,2821,13
Pumpkin Seeds,2822,16
Pumpkin Seeds,2823,20
Pumpkin Seeds,2824,20
Pumpkin Seeds,2825,17
Pumpkin Seeds,2826,26
Pumpkin Seeds,2827,19
Pumpkin Seeds,2828,21
Pumpkin Seeds,2829,22
Pumpkin Seeds,2830,21
Pumpkin Seeds,2831,16
Pumpkin Seeds,2832,22
Pumpkin Seeds,2833,18
Pumpkin Seeds,2834,12
Pumpkin Seeds,2835,16
Pumpkin Seeds,2836,20
Pumpkin Seeds,2837,24
Pumpkin Seeds,2838,19
Pumpkin Seeds,2839,20
Pumpkin Seeds,2840,14
Pumpkin Seeds,2841,35
Pumpkin Seeds,2842,26
Pumpkin Seeds,2843,33
Pumpkin Seeds,2844,20
Pumpkin Seeds,2845,33
Pumpkin Seeds,2846,25
Pumpkin Seeds,2847,15
Pumpkin Seeds,2848,26
Pumpkin Seeds,2849,24
Pumpkin Seeds,2850,18
Pumpkin Seeds,2851,22
Pumpkin Seeds,2852,24
Pumpkin Seeds,2853,15
Pumpkin Seeds,2854,25
Pumpkin Seeds,2855,37
Pumpkin Seeds,2856,22
Pumpkin Seeds,2857,15
Pumpkin Seeds,2858,31
Pumpkin Seeds,2859,16
Pumpkin Seeds,2860,21
Pumpkin Seeds,2861,15
Pumpkin Seeds,2862,25
Pumpkin Seeds,2863,22
Pumpkin Seeds,2864,19
Pumpkin Seeds,2865,23
Pumpkin Seeds,2866,18
Pumpkin Seeds,2867,17
Pumpkin Seeds,2868,23
Pumpkin Seeds,2869,15
Pumpkin Seeds,2870,22
Pumpkin Seeds,2871,13
Pumpkin Seeds,2872,19
Pumpkin Seeds,2873,14
Pumpkin Seeds,2874,15
Pumpkin Seeds,2875,25
Pumpkin Seeds,2876,11
Pumpkin Seeds,2877,45
Pumpkin Seeds,2878,20
Pumpkin Seeds,2879,16
Pumpkin Seeds,2880,13
Pumpkin Seeds,2881,13
Pumpkin Seeds,2882,20
Pumpkin Seeds,2883,18
Pumpkin Seeds,2884,30
Pumpkin Seeds,2885,15
Pumpkin Seeds,2886,12
Pumpkin Seeds,2887,15
Pumpkin Seeds,2888,15
Pumpkin Seeds,2889,25
Pumpkin Seeds,2890,9
Pumpkin Seeds,2891,17
Pumpkin Seeds,2892,19
Pumpkin Seeds,2893,19
Pumpkin Seeds,2894,25
Pumpkin Seeds,2895,24
Pumpkin Seeds,2896,19
Pumpkin Seeds,2897,26
Pumpkin Seeds,2898,18
Pumpkin Seeds,2899,42
Pumpkin Seeds,2900,13
Pumpkin Seeds,2901,21
Pumpkin Seeds,2902,21
Pumpkin Seeds,2903,21
Pumpkin Seeds,2904,20
Pumpkin Seeds,2905,11
Pumpkin Seeds,2906,22
Pumpkin Seeds,2907,11
Pumpkin Seeds,2908,35
Pumpkin Seeds,2909,22
Pumpkin Seeds,2910,18
Pumpkin Seeds,2911,27
Pumpkin Seeds,2912,19
Pumpkin Seeds,2913,21
Pumpkin Seeds,2914,16
Pumpkin Seeds,2915,29
Pumpkin Seeds,2916,23
Pumpkin Seeds,2917,18
Pumpkin Seeds,2918,23
Pumpkin Seeds,2919,13
Pumpkin Seeds,2920,16
Pumpkin Seeds,2921,12
Pumpkin Seeds,2922,20
Pumpkin Seeds,2923,23
Pumpkin Seeds,2924,15
Pumpkin Seeds,2925,24
Pumpkin Seeds,2926,21
Pumpkin Seeds,2927,36
Pumpkin Seeds,2928,23
Pumpkin Seeds,2929,17
Pumpkin Seeds,2930,21
Pumpkin Seeds,2931,19
Pumpkin Seeds,2932,29
Pumpkin Seeds,2933,33
Pumpkin Seeds,2934,29
Pumpkin Seeds,2935,31
Pumpkin Seeds,2936,17
Pumpkin Seeds,2937,19
Pumpkin Seeds,2938,36
Pumpkin Seeds,2939,21
Pumpkin Seeds,2940,21
Pumpkin Seeds,2941,22
Pumpkin Seeds,2942,23
Pumpkin Seeds,2943,16
Pumpkin Seeds,2944,25
Pumpkin Seeds,2945,25
Pumpkin Seeds,2946,13
Pumpkin Seeds,2947,14
Pumpkin Seeds,2948,28
Pumpkin Seeds,2949,14
Pumpkin Seeds,2950,13
Pumpkin Seeds,2951,13
Pumpkin Seeds,2952,11
Pumpkin Seeds,2953,20
Pumpkin Seeds,2954,19
Pumpkin Seeds,2955,15
Pumpkin Seeds,2956,22
Pumpkin Seeds,2957,20
Pumpkin Seeds,2958,20
Pumpkin Seeds,2959,24
Pumpkin Seeds,2960,10
Pumpkin Seeds,2961,26
Pumpkin Seeds,2962,23
Pumpkin Seeds,2963,21
Pumpkin Seeds,2964,25
Pumpkin Seeds,2965,21
Pumpkin Seeds,2966,18
Pumpkin Seeds,2967,18
Pumpkin Seeds,2968,18
Pumpkin Seeds,2969,15
Pumpkin Seeds,2970,20
Pumpkin Seeds,2971,20
Pumpkin Seeds,2972,29
Pumpkin Seeds,2973,19
Pumpkin Seeds,2974,21
Pumpkin Seeds,2975,12
Pumpkin Seeds,2976,25
Pumpkin Seeds,2977,16
Pumpkin Seeds,2978,19
Pumpkin Seeds,2979,26
Pumpkin Seeds,2980,13
Pumpkin Seeds,2981,7
Pumpkin Seeds,2982,20
Pumpkin Seeds,2983,17
Pumpkin Seeds,2984,21
Pumpkin Seeds,2985,22
Pumpkin Seeds,2986,30
Pumpkin Seeds,2987,18
Pumpkin Seeds,2988,16
Pumpkin Seeds,2989,19
Pumpkin Seeds,2990,26
Pumpkin Seeds,2991,12
Pumpkin Seeds,2992,17
Pumpkin Seeds,2993,24
Pumpkin Seeds,2994,20
Pumpkin Seeds,2995,16
Pumpkin Seeds,2996,11
Pumpkin Seeds,2997,31
Pumpkin Seeds,2998,10
Pumpkin Seeds,2999,19
Radish,0,16
Radish,1,8
Radish,2,12
Radish,3,10
Radish,4,8
Radish,5,8
Radish,6,8
Radish,7,11
Radish,8,10
Radish,9,9
Radish,10,10
Radish,11,9
Radish,12,10
Radish,13,10
Radish,14,20
Radish,15,10
Radish,16,8
Radish,17,8
Radish,18,12
Radish,19,15
Radish,20,11
Radish,21,16
Radish,22,8
Radish,23,12
Radish,24,10
Radish,25,10
Radish,26,11
Radish,27,12
Radish,28,12
Radish,29,8
Radish,30,12
Radish,31,18
Radish,32,8
Radish,33,8
Radish,34,16
Radish,35,14
Radish,36,11
Radish,37,10
Radish,38,9
Radish,39,10
Radish,40,9
Radish,41,7
Radish,42,11
Radish,43,12
Radish,44,16
Radish,45,7
Radish,46,9
Radish,47,8
Radish,48,15
Radish,49,11
Radish,50,12
Radish,51,8
Radish,52,11
Radish,53,13
Radish,54,10
Radish,55,9
Radish,56,10
Radish,57,11
Radish,58,11
Radish,59,10
Radish,60,8
Radish,61,10
Radish,62,12
Radish,63,10
Radish,64,9
Radish,65,14
Radish,66,10
Radish,67,11
Radish,68,9
Radish,69,8
Radish,70,11
Radish,71,9
Radish,72,12
Radish,73,11
Radish,74,11
Radish,75,11
Radish,76,12
Radish,77,11
Radish,78,12
Radish,79,10
Radish,80,15
Radish,81,14
Radish,82,14
Radish,83,14
Radish,84,9
Radish,85,8
Radish,86,9
Radish,87,10
Radish,88,8
Radish,89,8
Radish,90,11
Radish,91,11
Radish,92,9
Radish,93,8
Radish,94,8
Radish,95,10
Radish,96,8
Radish,97,12
Radish,98,9
Radish,99,11
Radish,100,8
Radish,101,9
Radish,102,10
Radish,103,13
Radish,104,9
Radish,105,10
Radish,106,7
Radish,107,12
Radish,108,10
Radish,109,11
Radish,110,9
Radish,111,8
Radish,112,10
Radish,113,9
Radish,114,8
Radish,115,8
Radish,116,10
Radish,117,8
Radish,118,12
Radish,119,13
Radish,120,8
Radish,121,7
Radish,122,8
Radish,123,11
Radish,124,9
Radish,125,9
Radish,126,16
Radish,127,9
Radish,128,13
Radish,129,13
Radish,130,12
Radish,131,12
Radish,132,11
Radish,133,12
Radish,134,8
Radish,135,14
Radish,136,16
Radish,137,11
Radish,138,9
Radish,139,10
Radish,140,10
Radish,141,11
Radish,142,10
Radish,143,7
Radish,144,12
Radish,145,11
Radish,146,10
Radish,147,12
Radish,148,8
Radish,149,8
Radish,150,15
Radish,151,9
Radish,152,14
Radish,153,8
Radish,154,11
Radish,155,7
Radish,156,9
Radish,157,12
Radish,158,9
Radish,159,14
Radish,160,10
Radish,161,9
Radish,162,9
Radish,163,14
Radish,164,9
Radish,165,10
Radish,166,12
Radish,167,10
Radish,168,13
Radish,169,11
Radish,170,11
Radish,171,9
Radish,172,10
Radish,173,11
Radish,174,12
Radish,175,12
Radish,176,7
Radish,177,12
Radish,178,8
Radish,179,12
Radish,180,7
Radish,181,12
Radish,182,13
Radish,183,7
Radish,184,9
Radish,185,11
Radish,186,13
Radish,187,8
Radish,188,9
Radish,189,7
Radish,190,8
Radish,191,10
Radish,192,9
Radish,193,10
Radish,194,9
Radish,195,8
Radish,196,7
Radish,197,9
Radish,198,8
Radish,199,9
Radish,200,13
Radish,201,10
Radish,202,8
Radish,203,10
Radish,204,9
Radish,205,12
Radish,206,10
Radish,207,9
Radish,208,16
Radish,209,12
Radish,210,10
Radish,211,10
Radish,212,7
Radish,213,10
Radish,214,11
Radish,215,10
Radish,216,11
Radish,217,7
Radish,218,7
Radish,219,7
Radish,220,7
Radish,221,13
Radish,222,8
Radish,223,10
Radish,224,9
Radish,225,10
Radish,226,9
Radish,227,7
Radish,228,8
Radish,229,11
Radish,230,9
Radish,231,12
Radish,232,13
Radish,233,11
Radish,234,8
Radish,235,18
Radish,236,8
Radish,237,8
Radish,238,8
Radish,239,8
Radish,240,7
Radish,241,7
Radish,242,8
Radish,243,10
Radish,244,9
Radish,245,18
Radish,246,11
Radish,247,8
Radish,248,10
Radish,249,12
Radish,250,11
Radish,251,9
Radish,252,8
Radish,253,9
Radish,254,9
Radish,255,7
Radish,256,9
Radish,257,10
Radish,258,16
Radish,259,10
Radish,260,8
Radish,261,8
Radish,262,11
Radish,263,7
Radish,264,13
Radish,265,10
Radish,266,8
Radish,267,9
Radish,268,15
Radish,269,7
Radish,270,12
Radish,271,8
Radish,272,12
Radish,273,10
Radish,274,7
Radish,275,8
Radish,276,9
Radish,277,16
Radish,278,7
Radish,279,16
Radish,280,18
Radish,281,12
Radish,282,8
Radish,283,13
Radish,284,9
Radish,285,9
Radish,286,8
Radish,287,9
Radish,288,9
Radish,289,7
Radish,290,10
Radish,291,11
Radish,292,8
Radish,293,8
Radish,294,11
Radish,295,11
Radish,296,11
Radish,297,9
Radish,298,12
Radish,299,12
Radish,300,9
Radish,301,15
Radish,302,12
Radish,303,9
Radish,304,10
Radish,305,11
Radish,306,10
Radish,307,10
Radish,308,11
Radish,309,12
Radish,310,9
Radish,311,7
Radish,312,11
Radish,313,12
Radish,314,11
Radish,315,7
Radish,316,8
Radish,317,8
Radish,318,10
Radish,319,9
Radish,320,11
Radish,321,10
Radish,322,11
Radish,323,9
Radish,324,9
Radish,325,12
Radish,326,10
Radish,327,9
Radish,328,10
Radish,329,9
Radish,330,10
Radish,331,7
Radish,332,15
Radish,333,11
Radish,334,10
Radish,335,9
Radish,336,17
Radish,337,10
Radish,338,11
Radish,339,9
Radish,340,7
Radish,341,9
Radish,342,10
Radish,343,10
Radish,344,8
Radish,345,10
Radish,346,11
Radish,347,12
Radish,348,11
Radish,349,8
Radish,350,13
Radish,351,10
Radish,352,11
Radish,353,12
Radish,354,12
Radish,355,13
Radish,356,9
Radish,357,7
Radish,358,9
Radish,359,9
Radish,360,8
Radish,361,10
Radish,362,9
Radish,363,8
Radish,364,11
Radish,365,12
Radish,366,8
Radish,367,13
Radish,368,10
Radish,369,12
Radish,370,11
Radish,371,15
Radish,372,10
Radish,373,8
Radish,374,10
Radish,375,11
Radish,376,10
Radish,377,8
Radish,378,7
Radish,379,11
Radish,380,11
Radish,381,16
Radish,382,14
Radish,383,11
Radish,384,9
Radish,385,9
Radish,386,12
Radish,387,10
Radish,388,9
Radish,389,8
Radish,390,9
Radish,391,8
Radish,392,8
Radish,393,10
Radish,394,11
Radish,395,11
Radish,396,11
Radish,397,8
Radish,398,9
Radish,399,10
Radish,400,7
Radish,401,8
Radish,402,8
Radish,403,8
Radish,404,9
Radish,405,8
Radish,406,10
Radish,407,8
Radish,408,11
Radish,409,9
Radish,410,9
Radish,411,10
Radish,412,14
Radish,413,9
Radish,414,12
Radish,415,15
Radish,416,9
Radish,417,11
Radish,418,12
Radish,419,8
Radish,420,13
Radish,421,10
Radish,422,12
Radish,423,8
Radish,424,7
Radish,425,8
Radish,426,13
Radish,427,10
Radish,428,12
Radish,429,7
Radish,430,9
Radish,431,9
Radish,432,9
Radish,433,18
Radish,434,11
Radish,435,7
Radish,436,9
Radish,437,8
Radish,438,9
Radish,439,10
Radish,440,10
Radish,441,8
Radish,442,11
Radish,443,11
Radish,444,8
Radish,445,9
Radish,446,9
Radish,447,10
Radish,448,11
Radish,449,11
Radish,450,9
Radish,451,8
Radish,452,12
Radish,453,12
Radish,454,11
Radish,455,10
Radish,456,8
Radish,457,12
Radish,458,9
Radish,459,8
Radish,460,8
Radish,461,7
Radish,462,8
Radish,463,7
Radish,464,15
Radish,465,10
Radish,466,10
Radish,467,10
Radish,468,9
Radish,469,10
Radish,470,7
Radish,471,9
Radish,472,8
Radish,473,10
Radish,474,11
Radish,475,8
Radish,476,12
Radish,477,11
Radish,478,9
Radish,479,8
Radish,480,11
Radish,481,9
Radish,482,9
Radish,483,8
Radish,484,7
Radish,485,9
Radish,486,10
Radish,487,9
Radish,488,7
Radish,489,10
Radish,490,8
Radish,491,13
Radish,492,8
Radish,493,10
Radish,494,11
Radish,495,7
Radish,496,8
Radish,497,11
Radish,498,10
Radish,499,15
Radish,500,14
Radish,501,9
Radish,502,8
Radish,503,11
Radish,504,13
Radish,505,10
Radish,506,9
Radish,507,7
Radish,508,12
Radish,509,9
Radish,510,11
Radish,511,12
Radish,512,10
Radish,513,8
Radish,514,13
Radish,515,8
Radish,516,9
Radish,517,11
Radish,518,8
Radish,519,10
Radish,520,8
Radish,521,9
Radish,522,9
Radish,523,8
Radish,524,12
Radish,525,9
Radish,526,9
Radish,527,11
Radish,528,12
Radish,529,15
Radish,530,11
Radish,531,15
Radish,532,7
Radish,533,8
Radish,534,11
Radish,535,8
Radish,536,16
Radish,537,11
Radish,538,12
Radish,539,8
Radish,540,9
Radish,541,9
Radish,542,8
Radish,543,8
Radish,544,13
Radish,545,10
Radish,546,13
Radish,547,11
Radish,548,9
Radish,549,12
Radish,550,11
Radish,551,9
Radish,552,7
Radish,553,18
Radish,554,8
Radish,555,10
Radish,556,12
Radish,557,12
Radish,558,8
Radish,559,8
Radish,560,10
Radish,561,8
Radish,562,9
Radish,563,11
Radish,564,9
Radish,565,8
Radish,566,9
Radish,567,10
Radish,568,12
Radish,569,8
Radish,570,10
Radish,571,9
Radish,572,15
Radish,573,9
Radish,574,8
Radish,575,9
Radish,576,14
Radish,577,9
Radish,578,11
Radish,579,8
Radish,580,8
Radish,581,9
Radish,582,13
Radish,583,12
Radish,584,9
Radish,585,8
Radish,586,11
Radish,587,12
Radish,588,11
Radish,589,8
Radish,590,9
Radish,591,10
Radish,592,10
Radish,593,14
Radish,594,14
Radish,595,7
Radish,596,11
Radish,597,10
Radish,598,7
Radish,599,10
Radish,600,9
Radish,601,9
Radish,602,10
Radish,603,8
Radish,604,10
Radish,605,16
Radish,606,11
Radish,607,13
Radish,608,7
Radish,609,9
Radish,610,8
Radish,611,15
Radish,612,9
Radish,613,12
Radish,614,8
Radish,615,11
Radish,616,11
Radish,617,9
Radish,618,10
Radish,619,11
Radish,620,7
Radish,621,18
Radish,622,10
Radish,623,11
Radish,624,9
Radish,625,9
Radish,626,8
Radish,627,8
Radish,628,12
Radish,629,8
Radish,630,12
Radish,631,9
Radish,632,9
Radish,633,12
Radish,634,8
Radish,635,10
Radish,636,8
Radish,637,8
Radish,638,8
Radish,639,10
Radish,640,11
Radish,641,8
Radish,642,11
Radish,643,16
Radish,644,13
Radish,645,9
Radish,646,13
Radish,647,10
Radish,648,9
Radish,649,8
Radish,650,12
Radish,651,12
Radish,652,10
Radish,653,11
Radish,654,9
Radish,655,13
Radish,656,14
Radish,657,13
Radish,658,9
Radish,659,13
Radish,660,7
Radish,661,13
Radish,662,10
Radish,663,9
Radish,664,8
Radish,665,13
Radish,666,12
Radish,667,10
Radish,668,11
Radish,669,14
Radish,670,8
Radish,671,9
Radish,672,7
Radish,673,7
Radish,674,10
Radish,675,16
Radish,676,10
Radish,677,7
Radish,678,11
Radish,679,9
Radish,680,13
Radish,681,8
Radish,682,9
Radish,683,14
Radish,684,8
Radish,685,14
Radish,686,8
Radish,687,14
Radish,688,9
Radish,689,13
Radish,690,14
Radish,691,13
Radish,692,9
Radish,693,11
Radish,694,10
Radish,695,7
Radish,696,14
Radish,697,14
Radish,698,10
Radish,699,8
Radish,700,13
Radish,701,7
Radish,702,10
Radish,703,8
Radish,704,13
Radish,705,9
Radish,706,8
Radish,707,11
Radish,708,13
Radish,709,8
Radish,710,10
Radish,711,8
Radish,712,10
Radish,713,10
Radish,714,11
Radish,715,9
Radish,716,7
Radish,717,8
Radish,718,9
Radish,719,12
Radish,720,9
Radish,721,8
Radish,722,9
Radish,723,11
Radish,724,14
Radish,725,12
Radish,726,9
Radish,727,9
Radish,728,13
Radish,729,9
Radish,730,8
Radish,731,12
Radish,732,10
Radish,733,15
Radish,734,9
Radish,735,10
Radish,736,11
Radish,737,12
Radish,738,11
Radish,739,9
Radish,740,8
Radish,741,11
Radish,742,10
Radish,743,12
Radish,744,11
Radish,745,9
Radish,746,7
Radish,747,12
Radish,748,12
Radish,749,11
Radish,750,12
Radish,751,10
Radish,752,7
Radish,753,10
Radish,754,9
Radish,755,10
Radish,756,16
Radish,757,9
Radish,758,9
Radish,759,10
Radish,760,8
Radish,761,8
Radish,762,8
Radish,763,9
Radish,764,10
Radish,765,11
Radish,766,12
Radish,767,10
Radish,768,8
Radish,769,16
Radish,770,10
Radish,771,12
Radish,772,10
Radish,773,8
Radish,774,13
Radish,775,15
Radish,776,9
Radish,777,11
Radish,778,11
Radish,779,11
Radish,780,12
Radish,781,13
Radish,782,12
Radish,783,8
Radish,784,8
Radish,785,10
Radish,786,10
Radish,787,9
Radish,788,9
Radish,789,8
Radish,790,11
Radish,791,15
Radish,792,12
Radish,793,9
Radish,794,8
Radish,795,11
Radish,796,14
Radish,797,10
Radish,798,13
Radish,799,12
Radish,800,10
Radish,801,8
Radish,802,11
Radish,803,12
Radish,804,10
Radish,805,10
Radish,806,15
Radish,807,12
Radish,808,8
Radish,809,13
Radish,810,8
Radish,811,11
Radish,812,11
Radish,813,12
Radish,814,12
Radish,815,14
Radish,816,9
Radish,817,10
Radish,818,9
Radish,819,8
Radish,820,9
Radish,821,8
Radish,822,7
Radish,823,11
Radish,824,10
Radish,825,7
Radish,826,7
Radish,827,9
Radish,828,7
Radish,829,10
Radish,830,8
Radish,831,14
Radish,832,14
Radish,833,10
Radish,834,12
Radish,835,7
Radish,836,10
Radish,837,8
Radish,838,9
Radish,839,10
Radish,840,9
Radish,841,11
Radish,842,12
Radish,843,11
Radish,844,11
Radish,845,8
Radish,846,7
Radish,847,12
Radish,848,10
Radish,849,8
Radish,850,9
Radish,851,12
Radish,852,13
Radish,853,8
Radish,854,10
Radish,855,8
Radish,856,10
Radish,857,11
Radish,858,14
Radish,859,7
Radish,860,9
Radish,861,9
Radish,862,13
Radish,863,10
Radish,864,7
Radish,865,11
Radish,866,8
Radish,867,8
Radish,868,10
Radish,869,8
Radish,870,10
Radish,871,11
Radish,872,12
Radish,873,10
Radish,874,10
Radish,875,11
Radish,876,12
Radish,877,12
Radish,878,12
Radish,879,9
Radish,880,14
Radish,881,9
Radish,882,8
Radish,883,17
Radish,884,13
Radish,885,10
Radish,886,16
Radish,887,11
Radish,888,12
Radish,889,8
Radish,890,8
Radish,891,11
Radish,892,11
Radish,893,12
Radish,894,9
Radish,895,9
Radish,896,7
Radish,897,11
Radish,898,12
Radish,899,13
Radish,900,7
Radish,901,7
Radish,902,7
Radish,903,7
Radish,904,13
Radish,905,12
Radish,906,12
Radish,907,9
Radish,908,14
Radish,909,12
Radish,910,9
Radish,911,12
Radish,912,10
Radish,913,8
Radish,914,8
Radish,915,11
Radish,916,12
Radish,917,11
Radish,918,12
Radish,919,11
Radish,920,9
Radish,921,9
Radish,922,10
Radish,923,7
Radish,924,9
Radish,925,15
Radish,926,12
Radish,927,9
Radish,928,11
Radish,929,10
Radish,930,13
Radish,931,9
Radish,932,8
Radish,933,7
Radish,934,15
Radish,935,8
Radish,936,8
Radish,937,9
Radish,938,13
Radish,939,11
Radish,940,9
Radish,941,14
Radish,942,14
Radish,943,9
Radish,944,7
Radish,945,8
Radish,946,12
Radish,947,14
Radish,948,7
Radish,949,16
Radish,950,9
Radish,951,10
Radish,952,8
Radish,953,10
Radish,954,9
Radish,955,8
Radish,956,14
Radish,957,11
Radish,958,7
Radish,959,11
Radish,960,10
Radish,961,8
Radish,962,11
Radish,963,8
Radish,964,9
Radish,965,9
Radish,966,8
Radish,967,9
Radish,968,11
Radish,969,12
Radish,970,13
Radish,971,10
Radish,972,12
Radish,973,10
Radish,974,7
Radish,975,10
Radish,976,14
Radish,977,7
Radish,978,10
Radish,979,9
Radish,980,13
Radish,981,10
Radish,982,9
Radish,983,8
Radish,984,10
Radish,985,8
Radish,986,10
Radish,987,11
Radish,988,11
Radish,989,11
Radish,990,8
Radish,991,9
Radish,992,12
Radish,993,10
Radish,994,12
Radish,995,11
Radish,996,14
Radish,997,12
Radish,998,9
Radish,999,11
Radish,1000,13
Radish,1001,11
Radish,1002,21
Radish,1003,9
Radish,1004,9
Radish,1005,14
Radish,1006,10
Radish,1007,9
Radish,1008,8
Radish,1009,10
Radish,1010,8
Radish,1011,9
Radish,1012,7
Radish,1013,7
Radish,1014,9
Radish,1015,14
Radish,1016,8
Radish,1017,7
Radish,1018,9
Radish,1019,18
Radish,1020,12
Radish,1021,11
Radish,1022,11
Radish,1023,14
Radish,1024,13
Radish,1025,13
Radish,1026,10
Radish,1027,12
Radish,1028,13
Radish,1029,8
Radish,1030,10
Radish,1031,11
Radish,1032,9
Radish,1033,9
Radish,1034,10
Radish,1035,11
Radish,1036,9
Radish,1037,10
Radish,1038,7
Radish,1039,7
Radish,1040,8
Radish,1041,11
Radish,1042,13
Radish,1043,8
Radish,1044,12
Radish,1045,14
Radish,1046,11
Radish,1047,15
Radish,1048,10
Radish,1049,12
Radish,1050,12
Radish,1051,10
Radish,1052,9
Radish,1053,9
Radish,1054,9
Radish,1055,10
Radish,1056,9
Radish,1057,10
Radish,1058,8
Radish,1059,11
Radish,1060,8
Radish,1061,10
Radish,1062,8
Radish,1063,9
Radish,1064,8
Radish,1065,7
Radish,1066,12
Radish,1067,23
Radish,1068,12
Radish,1069,7
Radish,1070,10
Radish,1071,8
Radish,1072,8
Radish,1073,10
Radish,1074,11
Radish,1075,11
Radish,1076,14
Radish,1077,8
Radish,1078,11
Radish,1079,9
Radish,1080,13
Radish,1081,7
Radish,1082,11
Radish,1083,8
Radish,1084,11
Radish,1085,9
Radish,1086,8
Radish,1087,9
Radish,1088,8
Radish,1089,10
Radish,1090,12
Radish,1091,13
Radish,1092,12
Radish,1093,9
Radish,1094,11
Radish,1095,10
Radish,1096,9
Radish,1097,7
Radish,1098,9
Radish,1099,10
Radish,1100,11
Radish,1101,7
Radish,1102,9
Radish,1103,13
Radish,1104,8
Radish,1105,9
Radish,1106,12
Radish,1107,7
Radish,1108,8
Radish,1109,8
Radish,1110,13
Radish,1111,9
Radish,1112,9
Radish,1113,10
Radish,1114,8
Radish,1115,9
Radish,1116,11
Radish,1117,8
Radish,1118,10
Radish,1119,13
Radish,1120,9
Radish,1121,13
Radish,1122,13
Radish,1123,8
Radish,1124,9
Radish,1125,10
Radish,1126,10
Radish,1127,8
Radish,1128,11
Radish,1129,8
Radish,1130,13
Radish,1131,9
Radish,1132,10
Radish,1133,13
Radish,1134,14
Radish,1135,8
Radish,1136,10
Radish,1137,11
Radish,1138,8
Radish,1139,9
Radish,1140,8
Radish,1141,9
Radish,1142,14
Radish,1143,15
Radish,1144,13
Radish,1145,7
Radish,1146,14
Radish,1147,9
Radish,1148,14
Radish,1149,11
Radish,1150,7
Radish,1151,11
Radish,1152,8
Radish,1153,11
Radish,1154,13
Radish,1155,11
Radish,1156,16
Radish,1157,14
Radish,1158,10
Radish,1159,11
Radish,1160,15
Radish,1161,11
Radish,1162,14
Radish,1163,12
Radish,1164,12
Radish,1165,11
Radish,1166,11
Radish,1167,8
Radish,1168,12
Radish,1169,13
Radish,1170,12
Radish,1171,15
Radish,1172,10
Radish,1173,12
Radish,1174,9
Radish,1175,8
Radish,1176,12
Radish,1177,10
Radish,1178,8
Radish,1179,9
Radish,1180,8
Radish,1181,11
Radish,1182,16
Radish,1183,9
Radish,1184,8
Radish,1185,11
Radish,1186,9
Radish,1187,10
Radish,1188,9
Radish,1189,13
Radish,1190,13
Radish,1191,9
Radish,1192,10
Radish,1193,10
Radish,1194,14
Radish,1195,10
Radish,1196,10
Radish,1197,8
Radish,1198,15
Radish,1199,9
Radish,1200,8
Radish,1201,7
Radish,1202,13
Radish,1203,13
Radish,1204,10
Radish,1205,11
Radish,1206,9
Radish,1207,10
Radish,1208,8
Radish,1209,11
Radish,1210,9
Radish,1211,9
Radish,1212,12
Radish,1213,14
Radish,1214,11
Radish,1215,8
Radish,1216,12
Radish,1217,11
Radish,1218,7
Radish,1219,11
Radish,1220,9
Radish,1221,9
Radish,1222,11
Radish,1223,11
Radish,1224,8
Radish,1225,7
Radish,1226,9
Radish,1227,11
Radish,1228,7
Radish,1229,9
Radish,1230,9
Radish,1231,9
Radish,1232,15
Radish,1233,9
Radish,1234,11
Radish,1235,8
Radish,1236,10
Radish,1237,12
Radish,1238,15
Radish,1239,13
Radish,1240,12
Radish,1241,8
Radish,1242,10
Radish,1243,14
Radish,1244,9
Radish,1245,9
Radish,1246,13
Radish,1247,10
Radish,1248,10
Radish,1249,9
Radish,1250,8
Radish,1251,10
Radish,1252,8
Radish,1253,12
Radish,1254,12
Radish,1255,12
Radish,1256,9
Radish,1257,9
Radish,1258,8
Radish,1259,10
Radish,1260,8
Radish,1261,14
Radish,1262,9
Radish,1263,10
Radish,1264,14
Radish,1265,11
Radish,1266,10
Radish,1267,9
Radish,1268,9
Radish,1269,9
Radish,1270,9
Radish,1271,7
Radish,1272,8
Radish,1273,17
Radish,1274,11
Radish,1275,8
Radish,1276,9
Radish,1277,8
Radish,1278,8
Radish,1279,11
Radish,1280,13
Radish,1281,11
Radish,1282,8
Radish,1283,9
Radish,1284,10
Radish,1285,14
Radish,1286,9
Radish,1287,8
Radish,1288,14
Radish,1289,12
Radish,1290,9
Radish,1291,11
Radish,1292,14
Radish,1293,12
Radish,1294,10
Radish,1295,11
Radish,1296,10
Radish,1297,10
Radish,1298,9
Radish,1299,9
Radish,1300,9
Radish,1301,11
Radish,1302,10
Radish,1303,9
Radish,1304,8
Radish,1305,8
Radish,1306,18
Radish,1307,9
Radish,1308,10
Radish,1309,12
Radish,1310,7
Radish,1311,13
Radish,1312,7
Radish,1313,9
Radish,1314,8
Radish,1315,10
Radish,1316,9
Radish,1317,12
Radish,1318,8
Radish,1319,10
Radish,1320,13
Radish,1321,14
Radish,1322,14
Radish,1323,7
Radish,1324,12
Radish,1325,9
Radish,1326,12
Radish,1327,11
Radish,1328,9
Radish,1329,7
Radish,1330,10
Radish,1331,10
Radish,1332,10
Radish,1333,8
Radish,1334,7
Radish,1335,12
Radish,1336,10
Radish,1337,14
Radish,1338,13
Radish,1339,9
Radish,1340,8
Radish,1341,10
Radish,1342,8
Radish,1343,7
Radish,1344,15
Radish,1345,9
Radish,1346,11
Radish,1347,9
Radish,1348,12
Radish,1349,13
Radish,1350,7
Radish,1351,12
Radish,1352,14
Radish,1353,9
Radish,1354,13
Radish,1355,14
Radish,1356,8
Radish,1357,9
Radish,1358,12
Radish,1359,8
Radish,1360,9
Radish,1361,8
Radish,1362,11
Radish,1363,10
Radish,1364,8
Radish,1365,13
Radish,1366,9
Radish,1367,11
Radish,1368,9
Radish,1369,10
Radish,1370,10
Radish,1371,9
Radish,1372,8
Radish,1373,9
Radish,1374,7
Radish,1375,9
Radish,1376,11
Radish,1377,9
Radish,1378,12
Radish,1379,8
Radish,1380,11
Radish,1381,10
Radish,1382,8
Radish,1383,12
Radish,1384,8
Radish,1385,9
Radish,1386,9
Radish,1387,7
Radish,1388,7
Radish,1389,8
Radish,1390,9
Radish,1391,12
Radish,1392,8
Radish,1393,10
Radish,1394,10
Radish,1395,10
Radish,1396,11
Radish,1397,11
Radish,1398,14
Radish,1399,7
Radish,1400,12
Radish,1401,8
Radish,1402,14
Radish,1403,10
Radish,1404,11
Radish,1405,12
Radish,1406,13
Radish,1407,8
Radish,1408,13
Radish,1409,10
Radish,1410,11
Radish,1411,10
Radish,1412,8
Radish,1413,7
Radish,1414,12
Radish,1415,8
Radish,1416,13
Radish,1417,10
Radish,1418,14
Radish,1419,10
Radish,1420,11
Radish,1421,11
Radish,1422,9
Radish,1423,7
Radish,1424,15
Radish,1425,7
Radish,1426,9
Radish,1427,9
Radish,1428,10
Radish,1429,10
Radish,1430,9
Radish,1431,8
Radish,1432,8
Radish,1433,11
Radish,1434,9
Radish,1435,12
Radish,1436,11
Radish,1437,9
Radish,1438,16
Radish,1439,11
Radish,1440,9
Radish,1441,11
Radish,1442,12
Radish,1443,14
Radish,1444,13
Radish,1445,9
Radish,1446,10
Radish,1447,7
Radish,1448,16
Radish,1449,9
Radish,1450,9
Radish,1451,7
Radish,1452,8
Radish,1453,10
Radish,1454,9
Radish,1455,10
Radish,1456,9
Radish,1457,9
Radish,1458,8
Radish,1459,11
Radish,1460,11
Radish,1461,10
Radish,1462,11
Radish,1463,8
Radish,1464,10
Radish,1465,14
Radish,1466,9
Radish,1467,14
Radish,1468,11
Radish,1469,13
Radish,1470,8
Radish,1471,17
Radish,1472,12
Radish,1473,7
Radish,1474,9
Radish,1475,9
Radish,1476,11
Radish,1477,12
Radish,1478,11
Radish,1479,9
Radish,1480,10
Radish,1481,12
Radish,1482,7
Radish,1483,9
Radish,1484,10
Radish,1485,8
Radish,1486,9
Radish,1487,11
Radish,1488,8
Radish,1489,9
Radish,1490,11
Radish,1491,9
Radish,1492,13
Radish,1493,10
Radish,1494,10
Radish,1495,11
Radish,1496,8
Radish,1497,11
Radish,1498,14
Radish,1499,8
Radish,1500,8
Radish,1501,16
Radish,1502,8
Radish,1503,12
Radish,1504,10
Radish,1505,9
Radish,1506,10
Radish,1507,11
Radish,1508,10
Radish,1509,7
Radish,1510,11
Radish,1511,9
Radish,1512,11
Radish,1513,8
Radish,1514,11
Radish,1515,13
Radish,1516,10
Radish,1517,9
Radish,1518,11
Radish,1519,8
Radish,1520,11
Radish,1521,10
Radish,1522,14
Radish,1523,8
Radish,1524,12
Radish,1525,8
Radish,1526,8
Radish,1527,10
Radish,1528,11
Radish,1529,12
Radish,1530,13
Radish,1531,8
Radish,1532,13
Radish,1533,16
Radish,1534,9
Radish,1535,8
Radish,1536,14
Radish,1537,11
Radish,1538,9
Radish,1539,10
Radish,1540,12
Radish,1541,11
Radish,1542,10
Radish,1543,16
Radish,1544,9
Radish,1545,11
Radish,1546,9
Radish,1547,9
Radish,1548,8
Radish,1549,7
Radish,1550,7
Radish,1551,10
Radish,1552,10
Radish,1553,7
Radish,1554,12
Radish,1555,19
Radish,1556,11
Radish,1557,10
Radish,1558,9
Radish,1559,8
Radish,1560,10
Radish,1561,12
Radish,1562,13
Radish,1563,12
Radish,1564,15
Radish,1565,10
Radish,1566,8
Radish,1567,16
Radish,1568,10
Radish,1569,9
Radish,1570,7
Radish,1571,9
Radish,1572,12
Radish,1573,9
Radish,1574,11
Radish,1575,10
Radish,1576,14
Radish,1577,9
Radish,1578,10
Radish,1579,10
Radish,1580,11
Radish,1581,11
Radish,1582,8
Radish,1583,9
Radish,1584,14
Radish,1585,13
Radish,1586,11
Radish,1587,10
Radish,1588,7
Radish,1589,12
Radish,1590,12
Radish,1591,12
Radish,1592,9
Radish,1593,8
Radish,1594,12
Radish,1595,9
Radish,1596,8
Radish,1597,10
Radish,1598,9
Radish,1599,18
Radish,1600,10
Radish,1601,10
Radish,1602,9
Radish,1603,11
Radish,1604,10
Radish,1605,9
Radish,1606,10
Radish,1607,12
Radish,1608,16
Radish,1609,9
Radish,1610,11
Radish,1611,15
Radish,1612,8
Radish,1613,9
Radish,1614,9
Radish,1615,10
Radish,1616,12
Radish,1617,7
Radish,1618,8
Radish,1619,10
Radish,1620,10
Radish,1621,10
Radish,1622,9
Radish,1623,9
Radish,1624,12
Radish,1625,11
Radish,1626,9
Radish,1627,12
Radish,1628,8
Radish,1629,13
Radish,1630,11
Radish,1631,7
Radish,1632,9
Radish,1633,9
Radish,1634,8
Radish,1635,10
Radish,1636,10
Radish,1637,7
Radish,1638,8
Radish,1639,9
Radish,1640,21
Radish,1641,10
Radish,1642,13
Radish,1643,10
Radish,1644,13
Radish,1645,8
Radish,1646,16
Radish,1647,14
Radish,1648,13
Radish,1649,9
Radish,1650,11
Radish,1651,10
Radish,1652,13
Radish,1653,15
Radish,1654,8
Radish,1655,10
Radish,1656,10
Radish,1657,10
Radish,1658,9
Radish,1659,13
Radish,1660,9
Radish,1661,14
Radish,1662,8
Radish,1663,11
Radish,1664,8
Radish,1665,8
Radish,1666,11
Radish,1667,8
Radish,1668,10
Radish,1669,15
Radish,1670,9
Radish,1671,11
Radish,1672,7
Radish,1673,7
Radish,1674,10
Radish,1675,8
Radish,1676,7
Radish,1677,11
Radish,1678,12
Radish,1679,10
Radish,1680,10
Radish,1681,8
Radish,1682,11
Radish,1683,12
Radish,1684,12
Radish,1685,7
Radish,1686,9
Radish,1687,11
Radish,1688,10
Radish,1689,8
Radish,1690,8
Radish,1691,9
Radish,1692,10
Radish,1693,8
Radish,1694,12
Radish,1695,14
Radish,1696,10
Radish,1697,12
Radish,1698,7
Radish,1699,9
Radish,1700,13
Radish,1701,10
Radish,1702,8
Radish,1703,7
Radish,1704,10
Radish,1705,12
Radish,1706,11
Radish,1707,10
Radish,1708,15
Radish,1709,11
Radish,1710,10
Radish,1711,8
Radish,1712,9
Radish,1713,15
Radish,1714,9
Radish,1715,9
Radish,1716,10
Radish,1717,7
Radish,1718,8
Radish,1719,10
Radish,1720,9
Radish,1721,8
Radish,1722,11
Radish,1723,13
Radish,1724,11
Radish,1725,11
Radish,1726,12
Radish,1727,8
Radish,1728,10
Radish,1729,11
Radish,1730,13
Radish,1731,11
Radish,1732,15
Radish,1733,8
Radish,1734,13
Radish,1735,14
Radish,1736,10
Radish,1737,9
Radish,1738,9
Radish,1739,7
Radish,1740,10
Radish,1741,7
Radish,1742,11
Radish,1743,16
Radish,1744,11
Radish,1745,10
Radish,1746,8
Radish,1747,12
Radish,1748,14
Radish,1749,10
Radish,1750,7
Radish,1751,12
Radish,1752,10
Radish,1753,8
Radish,1754,8
Radish,1755,15
Radish,1756,11
Radish,1757,7
Radish,1758,11
Radish,1759,11
Radish,1760,10
Radish,1761,11
Radish,1762,10
Radish,1763,11
Radish,1764,14
Radish,1765,13
Radish,1766,11
Radish,1767,11
Radish,1768,13
Radish,1769,8
Radish,1770,13
Radish,1771,11
Radish,1772,12
Radish,1773,9
Radish,1774,10
Radish,1775,8
Radish,1776,9
Radish,1777,10
Radish,1778,11
Radish,1779,10
Radish,1780,12
Radish,1781,10
Radish,1782,9
Radish,1783,11
Radish,1784,15
Radish,1785,11
Radish,1786,12
Radish,1787,10
Radish,1788,8
Radish,1789,8
Radish,1790,10
Radish,1791,10
Radish,1792,10
Radish,1793,18
Radish,1794,14
Radish,1795,7
Radish,1796,8
Radish,1797,9
Radish,1798,13
Radish,1799,7
Radish,1800,10
Radish,1801,9
Radish,1802,10
Radish,1803,7
Radish,1804,16
Radish,1805,8
Radish,1806,10
Radish,1807,11
Radish,1808,18
Radish,1809,8
Radish,1810,8
Radish,1811,13
Radish,1812,9
Radish,1813,11
Radish,1814,11
Radish,1815,11
Radish,1816,9
Radish,1817,13
Radish,1818,11
Radish,1819,11
Radish,1820,8
Radish,1821,10
Radish,1822,7
Radish,1823,9
Radish,1824,12
Radish,1825,12
Radish,1826,10
Radish,1827,10
Radish,1828,11
Radish,1829,8
Radish,1830,9
Radish,1831,9
Radish,1832,14
Radish,1833,12
Radish,1834,8
Radish,1835,11
Radish,1836,7
Radish,1837,10
Radish,1838,8
Radish,1839,11
Radish,1840,11
Radish,1841,13
Radish,1842,14
Radish,1843,11
Radish,1844,8
Radish,1845,7
Radish,1846,11
Radish,1847,11
Radish,1848,10
Radish,1849,10
Radish,1850,9
Radish,1851,8
Radish,1852,14
Radish,1853,8
Radish,1854,13
Radish,1855,12
Radish,1856,9
Radish,1857,8
Radish,1858,12
Radish,1859,16
Radish,1860,9
Radish,1861,10
Radish,1862,9
Radish,1863,10
Radish,1864,10
Radish,1865,12
Radish,1866,10
Radish,1867,9
Radish,1868,8
Radish,1869,7
Radish,1870,14
Radish,1871,13
Radish,1872,9
Radish,1873,11
Radish,1874,11
Radish,1875,9
Radish,1876,8
Radish,1877,8
Radish,1878,18
Radish,1879,8
Radish,1880,10
Radish,1881,10
Radish,1882,15
Radish,1883,9
Radish,1884,13
Radish,1885,7
Radish,1886,10
Radish,1887,9
Radish,1888,9
Radish,1889,9
Radish,1890,14
Radish,1891,10
Radish,1892,11
Radish,1893,11
Radish,1894,8
Radish,1895,9
Radish,1896,10
Radish,1897,15
Radish,1898,11
Radish,1899,7
Radish,1900,9
Radish,1901,11
Radish,1902,12
Radish,1903,8
Radish,1904,9
Radish,1905,11
Radish,1906,13
Radish,1907,8
Radish,1908,8
Radish,1909,8
Radish,1910,9
Radish,1911,11
Radish,1912,9
Radish,1913,10
Radish,1914,12
Radish,1915,16
Radish,1916,14
Radish,1917,9
Radish,1918,9
Radish,1919,7
Radish,1920,14
Radish,1921,10
Radish,1922,10
Radish,1923,12
Radish,1924,9
Radish,1925,12
Radish,1926,7
Radish,1927,7
Radish,1928,11
Radish,1929,10
Radish,1930,10
Radish,1931,8
Radish,1932,7
Radish,1933,8
Radish,1934,9
Radish,1935,11
Radish,1936,12
Radish,1937,10
Radish,1938,11
Radish,1939,11
Radish,1940,9
Radish,1941,9
Radish,1942,10
Radish,1943,7
Radish,1944,13
Radish,1945,9
Radish,1946,11
Radish,1947,7
Radish,1948,11
Radish,1949,8
Radish,1950,11
Radish,1951,9
Radish,1952,8
Radish,1953,11
Radish,1954,9
Radish,1955,12
Radish,1956,9
Radish,1957,11
Radish,1958,13
Radish,1959,11
Radish,1960,8
Radish,1961,9
Radish,1962,10
Radish,1963,11
Radish,1964,12
Radish,1965,11
Radish,1966,11
Radish,1967,12
Radish,1968,10
Radish,1969,12
Radish,1970,13
Radish,1971,12
Radish,1972,9
Radish,1973,8
Radish,1974,12
Radish,1975,9
Radish,1976,12
Radish,1977,10
Radish,1978,9
Radish,1979,9
Radish,1980,15
Radish,1981,8
Radish,1982,9
Radish,1983,9
Radish,1984,9
Radish,1985,10
Radish,1986,9
Radish,1987,9
Radish,1988,10
Radish,1989,12
Radish,1990,16
Radish,1991,10
Radish,1992,9
Radish,1993,16
Radish,1994,9
Radish,1995,10
Radish,1996,11
Radish,1997,12
Radish,1998,14
Radish,1999,9
Radish,2000,11
Radish,2001,10
Radish,2002,10
Radish,2003,8
Radish,2004,10
Radish,2005,12
Radish,2006,12
Radish,2007,9
Radish,2008,9
Radish,2009,11
Radish,2010,13
Radish,2011,12
Radish,2012,10
Radish,2013,11
Radish,2014,10
Radish,2015,8
Radish,2016,12
Radish,2017,9
Radish,2018,8
Radish,2019,9
Radish,2020,12
Radish,2021,8
Radish,2022,11
Radish,2023,11
Radish,2024,11
Radish,2025,11
Radish,2026,8
Radish,2027,15
Radish,2028,9
Radish,2029,8
Radish,2030,11
Radish,2031,8
Radish,2032,10
Radish,2033,12
Radish,2034,9
Radish,2035,8
Radish,2036,9
Radish,2037,8
Radish,2038,7
Radish,2039,10
Radish,2040,10
Radish,2041,9
Radish,2042,8
Radish,2043,8
Radish,2044,9
Radish,2045,12
Radish,2046,12
Radish,2047,9
Radish,2048,8
Radish,2049,7
Radish,2050,7
Radish,2051,9
Radish,2052,12
Radish,2053,14
Radish,2054,8
Radish,2055,10
Radish,2056,7
Radish,2057,10
Radish,2058,9
Radish,2059,8
Radish,2060,9
Radish,2061,9
Radish,2062,11
Radish,2063,9
Radish,2064,10
Radish,2065,14
Radish,2066,12
Radish,2067,7
Radish,2068,11
Radish,2069,8
Radish,2070,15
Radish,2071,8
Radish,2072,9
Radish,2073,9
Radish,2074,11
Radish,2075,10
Radish,2076,12
Radish,2077,10
Radish,2078,10
Radish,2079,8
Radish,2080,13
Radish,2081,8
Radish,2082,9
Radish,2083,10
Radish,2084,9
Radish,2085,7
Radish,2086,10
Radish,2087,8
Radish,2088,14
Radish,2089,7
Radish,2090,14
Radish,2091,7
Radish,2092,11
Radish,2093,8
Radish,2094,9
Radish,2095,8
Radish,2096,12
Radish,2097,10
Radish,2098,15
Radish,2099,12
Radish,2100,10
Radish,2101,12
Radish,2102,9
Radish,2103,9
Radish,2104,7
Radish,2105,10
Radish,2106,7
Radish,2107,13
Radish,2108,9
Radish,2109,9
Radish,2110,12
Radish,2111,7
Radish,2112,11
Radish,2113,11
Radish,2114,7
Radish,2115,10
Radish,2116,15
Radish,2117,10
Radish,2118,9
Radish,2119,13
Radish,2120,9
Radish,2121,10
Radish,2122,10
Radish,2123,9
Radish,2124,15
Radish,2125,13
Radish,2126,10
Radish,2127,15
Radish,2128,9
Radish,2129,8
Radish,2130,8
Radish,2131,10
Radish,2132,8
Radish,2133,7
Radish,2134,9
Radish,2135,10
Radish,2136,13
Radish,2137,9
Radish,2138,13
Radish,2139,9
Radish,2140,10
Radish,2141,9
Radish,2142,13
Radish,2143,11
Radish,2144,9
Radish,2145,14
Radish,2146,8
Radish,2147,11
Radish,2148,11
Radish,2149,8
Radish,2150,9
Radish,2151,11
Radish,2152,10
Radish,2153,14
Radish,2154,14
Radish,2155,11
Radish,2156,9
Radish,2157,13
Radish,2158,12
Radish,2159,9
Radish,2160,8
Radish,2161,13
Radish,2162,11
Radish,2163,8
Radish,2164,10
Radish,2165,10
Radish,2166,12
Radish,2167,7
Radish,2168,13
Radish,2169,9
Radish,2170,15
Radish,2171,10
Radish,2172,11
Radish,2173,11
Radish,2174,8
Radish,2175,8
Radish,2176,11
Radish,2177,7
Radish,2178,12
Radish,2179,10
Radish,2180,14
Radish,2181,9
Radish,2182,10
Radish,2183,10
Radish,2184,11
Radish,2185,10
Radish,2186,12
Radish,2187,10
Radish,2188,8
Radish,2189,9
Radish,2190,10
Radish,2191,12
Radish,2192,9
Radish,2193,7
Radish,2194,12
Radish,2195,8
Radish,2196,11
Radish,2197,9
Radish,2198,9
Radish,2199,9
Radish,2200,7
Radish,2201,13
Radish,2202,8
Radish,2203,7
Radish,2204,10
Radish,2205,11
Radish,2206,9
Radish,2207,9
Radish,2208,20
Radish,2209,13
Radish,2210,11
Radish,2211,7
Radish,2212,11
Radish,2213,7
Radish,2214,7
Radish,2215,9
Radish,2216,10
Radish,2217,10
Radish,2218,12
Radish,2219,9
Radish,2220,10
Radish,2221,12
Radish,2222,9
Radish,2223,7
Radish,2224,12
Radish,2225,11
Radish,2226,13
Radish,2227,15
Radish,2228,9
Radish,2229,9
Radish,2230,10
Radish,2231,9
Radish,2232,11
Radish,2233,10
Radish,2234,8
Radish,2235,10
Radish,2236,10
Radish,2237,10
Radish,2238,14
Radish,2239,9
Radish,2240,16
Radish,2241,10
Radish,2242,9
Radish,2243,11
Radish,2244,10
Radish,2245,12
Radish,2246,12
Radish,2247,13
Radish,2248,12
Radish,2249,8
Radish,2250,11
Radish,2251,7
Radish,2252,8
Radish,2253,8
Radish,2254,7
Radish,2255,11
Radish,2256,11
Radish,2257,12
Radish,2258,8
Radish,2259,11
Radish,2260,8
Radish,2261,10
Radish,2262,8
Radish,2263,12
Radish,2264,9
Radish,2265,9
Radish,2266,15
Radish,2267,10
Radish,2268,9
Radish,2269,8
Radish,2270,7
Radish,2271,9
Radish,2272,8
Radish,2273,8
Radish,2274,12
Radish,2275,9
Radish,2276,8
Radish,2277,11
Radish,2278,9
Radish,2279,7
Radish,2280,10
Radish,2281,10
Radish,2282,7
Radish,2283,13
Radish,2284,12
Radish,2285,9
Radish,2286,10
Radish,2287,11
Radish,2288,14
Radish,2289,10
Radish,2290,8
Radish,2291,11
Radish,2292,8
Radish,2293,11
Radish,2294,8
Radish,2295,10
Radish,2296,9
Radish,2297,12
Radish,2298,10
Radish,2299,14
Radish,2300,11
Radish,2301,12
Radish,2302,10
Radish,2303,9
Radish,2304,10
Radish,2305,12
Radish,2306,13
Radish,2307,10
Radish,2308,7
Radish,2309,13
Radish,2310,12
Radish,2311,8
Radish,2312,8
Radish,2313,10
Radish,2314,12
Radish,2315,10
Radish,2316,14
Radish,2317,9
Radish,2318,9
Radish,2319,10
Radish,2320,12
Radish,2321,9
Radish,2322,8
Radish,2323,11
Radish,2324,11
Radish,2325,10
Radish,2326,11
Radish,2327,9
Radish,2328,15
Radish,2329,9
Radish,2330,9
Radish,2331,12
Radish,2332,9
Radish,2333,9
Radish,2334,10
Radish,2335,17
Radish,2336,13
Radish,2337,10
Radish,2338,15
Radish,2339,9
Radish,2340,9
Radish,2341,7
Radish,2342,11
Radish,2343,8
Radish,2344,11
Radish,2345,12
Radish,2346,12
Radish,2347,11
Radish,2348,13
Radish,2349,10
Radish,2350,11
Radish,2351,11
Radish,2352,10
Radish,2353,8
Radish,2354,13
Radish,2355,8
Radish,2356,11
Radish,2357,11
Radish,2358,7
Radish,2359,13
Radish,2360,12
Radish,2361,11
Radish,2362,11
Radish,2363,10
Radish,2364,10
Radish,2365,9
Radish,2366,11
Radish,2367,11
Radish,2368,9
Radish,2369,9
Radish,2370,11
Radish,2371,10
Radish,2372,10
Radish,2373,9
Radish,2374,11
Radish,2375,14
Radish,2376,8
Radish,2377,17
Radish,2378,10
Radish,2379,9
Radish,2380,8
Radish,2381,13
Radish,2382,10
Radish,2383,8
Radish,2384,11
Radish,2385,8
Radish,2386,7
Radish,2387,12
Radish,2388,10
Radish,2389,11
Radish,2390,11
Radish,2391,7
Radish,2392,8
Radish,2393,11
Radish,2394,10
Radish,2395,10
Radish,2396,11
Radish,2397,9
Radish,2398,9
Radish,2399,8
Radish,2400,10
Radish,2401,8
Radish,2402,8
Radish,2403,13
Radish,2404,9
Radish,2405,9
Radish,2406,11
Radish,2407,13
Radish,2408,10
Radish,2409,9
Radish,2410,11
Radish,2411,10
Radish,2412,11
Radish,2413,9
Radish,2414,9
Radish,2415,15
Radish,2416,9
Radish,2417,9
Radish,2418,8
Radish,2419,21
Radish,2420,8
Radish,2421,9
Radish,2422,9
Radish,2423,11
Radish,2424,12
Radish,2425,10
Radish,2426,9
Radish,2427,9
Radish,2428,8
Radish,2429,9
Radish,2430,9
Radish,2431,12
Radish,2432,9
Radish,2433,9
Radish,2434,12
Radish,2435,11
Radish,2436,7
Radish,2437,8
Radish,2438,10
Radish,2439,11
Radish,2440,15
Radish,2441,7
Radish,2442,9
Radish,2443,8
Radish,2444,11
Radish,2445,8
Radish,2446,10
Radish,2447,15
Radish,2448,7
Radish,2449,10
Radish,2450,14
Radish,2451,10
Radish,2452,12
Radish,2453,7
Radish,2454,9
Radish,2455,8
Radish,2456,8
Radish,2457,9
Radish,2458,9
Radish,2459,17
Radish,2460,11
Radish,2461,14
Radish,2462,9
Radish,2463,10
Radish,2464,12
Radish,2465,9
Radish,2466,8
Radish,2467,9
Radish,2468,9
Radish,2469,13
Radish,2470,7
Radish,2471,12
Radish,2472,7
Radish,2473,7
Radish,2474,9
Radish,2475,10
Radish,2476,9
Radish,2477,7
Radish,2478,10
Radish,2479,8
Radish,2480,10
Radish,2481,8
Radish,2482,12
Radish,2483,9
Radish,2484,7
Radish,2485,10
Radish,2486,8
Radish,2487,14
Radish,2488,11
Radish,2489,9
Radish,2490,9
Radish,2491,8
Radish,2492,9
Radish,2493,11
Radish,2494,11
Radish,2495,10
Radish,2496,7
Radish,2497,9
Radish,2498,14
Radish,2499,7
Radish,2500,16
Radish,2501,11
Radish,2502,13
Radish,2503,12
Radish,2504,8
Radish,2505,7
Radish,2506,13
Radish,2507,9
Radish,2508,10
Radish,2509,12
Radish,2510,11
Radish,2511,9
Radish,2512,9
Radish,2513,17
Radish,2514,11
Radish,2515,8
Radish,2516,9
Radish,2517,7
Radish,2518,9
Radish,2519,8
Radish,2520,7
Radish,2521,8
Radish,2522,12
Radish,2523,10
Radish,2524,10
Radish,2525,8
Radish,2526,9
Radish,2527,11
Radish,2528,13
Radish,2529,9
Radish,2530,9
Radish,2531,7
Radish,2532,9
Radish,2533,11
Radish,2534,10
Radish,2535,7
Radish,2536,7
Radish,2537,9
Radish,2538,8
Radish,2539,7
Radish,2540,10
Radish,2541,13
Radish,2542,8
Radish,2543,15
Radish,2544,12
Radish,2545,10
Radish,2546,13
Radish,2547,14
Radish,2548,9
Radish,2549,8
Radish,2550,10
Radish,2551,13
Radish,2552,11
Radish,2553,15
Radish,2554,10
Radish,2555,11
Radish,2556,10
Radish,2557,9
Radish,2558,12
Radish,2559,8
Radish,2560,7
Radish,2561,10
Radish,2562,9
Radish,2563,10
Radish,2564,9
Radish,2565,14
Radish,2566,8
Radish,2567,7
Radish,2568,14
Radish,2569,8
Radish,2570,9
Radish,2571,16
Radish,2572,9
Radish,2573,8
Radish,2574,11
Radish,2575,10
Radish,2576,11
Radish,2577,8
Radish,2578,14
Radish,2579,9
Radish,2580,13
Radish,2581,12
Radish,2582,14
Radish,2583,15
Radish,2584,14
Radish,2585,7
Radish,2586,10
Radish,2587,9
Radish,2588,11
Radish,2589,7
Radish,2590,15
Radish,2591,11
Radish,2592,13
Radish,2593,11
Radish,2594,9
Radish,2595,10
Radish,2596,8
Radish,2597,9
Radish,2598,10
Radish,2599,9
Radish,2600,12
Radish,2601,13
Radish,2602,11
Radish,2603,8
Radish,2604,11
Radish,2605,9
Radish,2606,10
Radish,2607,13
Radish,2608,9
Radish,2609,11
Radish,2610,7
Radish,2611,12
Radish,2612,8
Radish,2613,8
Radish,2614,11
Radish,2615,11
Radish,2616,10
Radish,2617,10
Radish,2618,8
Radish,2619,10
Radish,2620,12
Radish,2621,9
Radish,2622,9
Radish,2623,10
Radish,2624,7
Radish,2625,14
Radish,2626,10
Radish,2627,11
Radish,2628,9
Radish,2629,13
Radish,2630,11
Radish,2631,9
Radish,2632,7
Radish,2633,12
Radish,2634,8
Radish,2635,8
Radish,2636,10
Radish,2637,12
Radish,2638,10
Radish,2639,10
Radish,2640,8
Radish,2641,11
Radish,2642,9
Radish,2643,9
Radish,2644,14
Radish,2645,12
Radish,2646,11
Radish,2647,11
Radish,2648,10
Radish,2649,11
Radish,2650,9
Radish,2651,11
Radish,2652,9
Radish,2653,11
Radish,2654,8
Radish,2655,13
Radish,2656,10
Radish,2657,11
Radish,2658,12
Radish,2659,11
Radish,2660,12
Radish,2661,15
Radish,2662,10
Radish,2663,10
Radish,2664,10
Radish,2665,9
Radish,2666,11
Radish,2667,9
Radish,2668,7
Radish,2669,10
Radish,2670,9
Radish,2671,10
Radish,2672,15
Radish,2673,12
Radish,2674,10
Radish,2675,11
Radish,2676,9
Radish,2677,11
Radish,2678,8
Radish,2679,10
Radish,2680,9
Radish,2681,14
Radish,2682,8
Radish,2683,11
Radish,2684,9
Radish,2685,8
Radish,2686,15
Radish,2687,8
Radish,2688,10
Radish,2689,10
Radish,2690,7
Radish,2691,9
Radish,2692,9
Radish,2693,9
Radish,2694,10
Radish,2695,10
Radish,2696,12
Radish,2697,9
Radish,2698,11
Radish,2699,8
Radish,2700,12
Radish,2701,10
Radish,2702,8
Radish,2703,9
Radish,2704,8
Radish,2705,10
Radish,2706,8
Radish,2707,12
Radish,2708,9
Radish,2709,8
Radish,2710,8
Radish,2711,12
Radish,2712,12
Radish,2713,14
Radish,2714,8
Radish,2715,7
Radish,2716,8
Radish,2717,18
Radish,2718,10
Radish,2719,8
Radish,2720,8
Radish,2721,11
Radish,2722,12
Radish,2723,9
Radish,2724,7
Radish,2725,10
Radish,2726,12
Radish,2727,7
Radish,2728,9
Radish,2729,11
Radish,2730,9
Radish,2731,8
Radish,2732,12
Radish,2733,10
Radish,2734,9
Radish,2735,11
Radish,2736,9
Radish,2737,13
Radish,2738,11
Radish,2739,9
Radish,2740,11
Radish,2741,13
Radish,2742,8
Radish,2743,8
Radish,2744,16
Radish,2745,13
Radish,2746,11
Radish,2747,8
Radish,2748,15
Radish,2749,10
Radish,2750,9
Radish,2751,11
Radish,2752,11
Radish,2753,9
Radish,2754,12
Radish,2755,9
Radish,2756,8
Radish,2757,8
Radish,2758,9
Radish,2759,7
Radish,2760,13
Radish,2761,9
Radish,2762,8
Radish,2763,9
Radish,2764,9
Radish,2765,10
Radish,2766,9
Radish,2767,12
Radish,2768,11
Radish,2769,12
Radish,2770,7
Radish,2771,9
Radish,2772,7
Radish,2773,12
Radish,2774,8
Radish,2775,20
Radish,2776,15
Radish,2777,11
Radish,2778,8
Radish,2779,11
Radish,2780,7
Radish,2781,8
Radish,2782,9
Radish,2783,20
Radish,2784,9
Radish,2785,10
Radish,2786,9
Radish,2787,10
Radish,2788,9
Radish,2789,8
Radish,2790,9
Radish,2791,8
Radish,2792,8
Radish,2793,9
Radish,2794,9
Radish,2795,8
Radish,2796,13
Radish,2797,10
Radish,2798,9
Radish,2799,13
Radish,2800,13
Radish,2801,9
Radish,2802,10
Radish,2803,9
Radish,2804,11
Radish,2805,11
Radish,2806,15
Radish,2807,13
Radish,2808,9
Radish,2809,9
Radish,2810,14
Radish,2811,11
Radish,2812,12
Radish,2813,8
Radish,2814,11
Radish,2815,9
Radish,2816,9
Radish,2817,10
Radish,2818,7
Radish,2819,13
Radish,2820,11
Radish,2821,12
Radish,2822,11
Radish,2823,7
Radish,2824,9
Radish,2825,10
Radish,2826,10
Radish,2827,11
Radish,2828,11
Radish,2829,10
Radish,2830,9
Radish,2831,7
Radish,2832,9
Radish,2833,8
Radish,2834,11
Radish,2835,12
Radish,2836,9
Radish,2837,10
Radish,2838,9
Radish,2839,9
Radish,2840,10
Radish,2841,12
Radish,2842,10
Radish,2843,8
Radish,2844,10
Radish,2845,9
Radish,2846,9
Radish,2847,10
Radish,2848,14
Radish,2849,9
Radish,2850,7
Radish,2851,10
Radish,2852,8
Radish,2853,11
Radish,2854,9
Radish,2855,11
Radish,2856,9
Radish,2857,12
Radish,2858,10
Radish,2859,11
Radish,2860,9
Radish,2861,12
Radish,2862,9
Radish,2863,7
Radish,2864,9
Radish,2865,21
Radish,2866,12
Radish,2867,10
Radish,2868,10
Radish,2869,10
Radish,2870,7
Radish,2871,9
Radish,2872,11
Radish,2873,11
Radish,2874,10
Radish,2875,14
Radish,2876,8
Radish,2877,10
Radish,2878,8
Radish,2879,10
Radish,2880,11
Radish,2881,14
Radish,2882,12
Radish,2883,11
Radish,2884,8
Radish,2885,13
Radish,2886,9
Radish,2887,12
Radish,2888,7
Radish,2889,11
Radish,2890,12
Radish,2891,8
Radish,2892,11
Radish,2893,8
Radish,2894,12
Radish,2895,7
Radish,2896,9
Radish,2897,8
Radish,2898,16
Radish,2899,11
Radish,2900,12
Radish,2901,12
Radish,2902,8
Radish,2903,8
Radish,2904,13
Radish,2905,14
Radish,2906,13
Radish,2907,8
Radish,2908,8
Radish,2909,9
Radish,2910,11
Radish,2911,10
Radish,2912,10
Radish,2913,10
Radish,2914,7
Radish,2915,11
Radish,2916,10
Radish,2917,14
Radish,2918,8
Radish,2919,10
Radish,2920,14
Radish,2921,10
Radish,2922,11
Radish,2923,11
Radish,2924,9
Radish,2925,15
Radish,2926,8
Radish,2927,10
Radish,2928,9
Radish,2929,7
Radish,2930,8
Radish,2931,11
Radish,2932,12
Radish,2933,12
Radish,2934,11
Radish,2935,12
Radish,2936,7
Radish,2937,7
Radish,2938,8
Radish,2939,13
Radish,2940,11
Radish,2941,8
Radish,2942,12
Radish,2943,9
Radish,2944,7
Radish,2945,12
Radish,2946,8
Radish,2947,9
Radish,2948,9
Radish,2949,7
Radish,2950,11
Radish,2951,12
Radish,2952,13
Radish,2953,7
Radish,2954,10
Radish,2955,12
Radish,2956,9
Radish,2957,12
Radish,2958,12
Radish,2959,12
Radish,2960,10
Radish,2961,10
Radish,2962,11
Radish,2963,19
Radish,2964,8
Radish,2965,9
Radish,2966,8
Radish,2967,8
Radish,2968,11
Radish,2969,12
Radish,2970,9
Radish,2971,11
Radish,2972,7
Radish,2973,9
Radish,2974,10
Radish,2975,7
Radish,2976,11
Radish,2977,8
Radish,2978,11
Radish,2979,8
Radish,2980,9
Radish,2981,12
Radish,2982,11
Radish,2983,7
Radish,2984,11
Radish,2985,9
Radish,2986,14
Radish,2987,9
Radish,2988,13
Radish,2989,11
Radish,2990,8
Radish,2991,11
Radish,2992,11
Radish,2993,7
Radish,2994,8
Radish,2995,11
Radish,2996,10
Radish,2997,9
Radish,2998,11
Radish,2999,9
Radish Seeds,0,29
Radish Seeds,1,22
Radish Seeds,2,20
Radish Seeds,3,18
Radish Seeds,4,17
Radish Seeds,5,20
Radish Seeds,6,15
Radish Seeds,7,28
Radish Seeds,8,22
Radish Seeds,9,24
Radish Seeds,10,28
Radish Seeds,11,23
Radish Seeds,12,20
Radish Seeds,13,15
Radish Seeds,14,35
Radish Seeds,15,20
Radish Seeds,16,13
Radish Seeds,17,19
Radish Seeds,18,18
Radish Seeds,19,17
Radish Seeds,20,16
Radish Seeds,21,20
Radish Seeds,22,18
Radish Seeds,23,22
Radish Seeds,24,10
Radish Seeds,25,16
Radish Seeds,26,30
Radish Seeds,27,16
Radish Seeds,28,15
Radish Seeds,29,24
Radish Seeds,30,12
Radish Seeds,31,14
Radish Seeds,32,22
Radish Seeds,33,16
Radish Seeds,34,26
Radish Seeds,35,17
Radish Seeds,36,14
Radish Seeds,37,18
Radish Seeds,38,10
Radish Seeds,39,15
Radish Seeds,40,11
Radish Seeds,41,19
Radish Seeds,42,18
Radish Seeds,43,33
Radish Seeds,44,18
Radish Seeds,45,30
Radish Seeds,46,22
Radish Seeds,47,23
Radish Seeds,48,19
Radish Seeds,49,24
Radish Seeds,50,20
Radish Seeds,51,15
Radish Seeds,52,16
Radish Seeds,53,10
Radish Seeds,54,30
Radish Seeds,55,31
Radish Seeds,56,19
Radish Seeds,57,25
Radish Seeds,58,15
Radish Seeds,59,25
Radish Seeds,60,33
Radish Seeds,61,16
Radish Seeds,62,15
Radish Seeds,63,14
Radish Seeds,64,23
Radish Seeds,65,24
Radish Seeds,66,25
Radish Seeds,67,23
Radish Seeds,68,18
Radish Seeds,69,17
Radish Seeds,70,38
Radish Seeds,71,13
Radish Seeds,72,21
Radish Seeds,73,24
Radish Seeds,74,15
Radish Seeds,75,17
Radish Seeds,76,27
Radish Seeds,77,15
Radish Seeds,78,25
Radish Seeds,79,16
Radish Seeds,80,14
Radish Seeds,81,20
Radish Seeds,82,30
Radish Seeds,83,14
Radish Seeds,84,20
Radish Seeds,85,11
Radish Seeds,86,32
Radish Seeds,87,23
Radish Seeds,88,14
Radish Seeds,89,24
Radish Seeds,90,33
Radish Seeds,91,20
Radish Seeds,92,13
Radish Seeds,93,29
Radish Seeds,94,30
Radish Seeds,95,19
Radish Seeds,96,27
Radish Seeds,97,8
Radish Seeds,98,25
Radish Seeds,99,18
Radish Seeds,100,33
Radish Seeds,101,23
Radish Seeds,102,17
Radish Seeds,103,30
Radish Seeds,104,26
Radish Seeds,105,19
Radish Seeds,106,29
Radish Seeds,107,15
Radish Seeds,108,18
Radish Seeds,109,28
Radish Seeds,110,15
Radish Seeds,111,26
Radish Seeds,112,31
Radish Seeds,113,21
Radish Seeds,114,24
Radish Seeds,115,17
Radish Seeds,116,23
Radish Seeds,117,12
Radish Seeds,118,24
Radish Seeds,119,11
Radish Seeds,120,20
Radish Seeds,121,21
Radish Seeds,122,23
Radish Seeds,123,17
Radish Seeds,124,12
Radish Seeds,125,35
Radish Seeds,126,20
Radish Seeds,127,29
Radish Seeds,128,21
Radish Seeds,129,15
Radish Seeds,130,28
Radish Seeds,131,17
Radish Seeds,132,47
Radish Seeds,133,17
Radish Seeds,134,28
Radish Seeds,135,25
Radish Seeds,136,20
Radish Seeds,137,35
Radish Seeds,138,18
Radish Seeds,139,24
Radish Seeds,140,18
Radish Seeds,141,17
Radish Seeds,142,28
Radish Seeds,143,23
Radish Seeds,144,24
Radish Seeds,145,28
Radish Seeds,146,26
Radish Seeds,147,17
Radish Seeds,148,12
Radish Seeds,149,27
Radish Seeds,150,20
Radish Seeds,151,24
Radish Seeds,152,10
Radish Seeds,153,23
Radish Seeds,154,17
Radish Seeds,155,12
Radish Seeds,156,25
Radish Seeds,157,29
Radish Seeds,158,27
Radish Seeds,159,22
Radish Seeds,160,22
Radish Seeds,161,23
Radish Seeds,162,19
Radish Seeds,163,12
Radish Seeds,164,23
Radish Seeds,165,19
Radish Seeds,166,32
Radish Seeds,167,16
Radish Seeds,168,15
Radish Seeds,169,18
Radish Seeds,170,22
Radish Seeds,171,15
Radish Seeds,172,19
Radish Seeds,173,29
Radish Seeds,174,23
Radish Seeds,175,8
Radish Seeds,176,18
Radish Seeds,177,18
Radish Seeds,178,27
Radish Seeds,179,20
Radish Seeds,180,17
Radish Seeds,181,20
Radish Seeds,182,33
Radish Seeds,183,10
Radish Seeds,184,27
Radish Seeds,185,27
Radish Seeds,186,14
Radish Seeds,187,14
Radish Seeds,188,20
Radish Seeds,189,14
Radish Seeds,190,27
Radish Seeds,191,21
Radish Seeds,192,12
Radish Seeds,193,30
Radish Seeds,194,19
Radish Seeds,195,13
Radish Seeds,196,17
Radish Seeds,197,19
Radish Seeds,198,22
Radish Seeds,199,25
Radish Seeds,200,25
Radish Seeds,201,25
Radish Seeds,202,34
Radish Seeds,203,18
Radish Seeds,204,18
Radish Seeds,205,24
Radish Seeds,206,9
Radish Seeds,207,17
Radish Seeds,208,27
Radish Seeds,209,23
Radish Seeds,210,36
Radish Seeds,211,21
Radish Seeds,212,20
Radish Seeds,213,12
Radish Seeds,214,13
Radish Seeds,215,17
Radish Seeds,216,17
Radish Seeds,217,14
Radish Seeds,218,15
Radish Seeds,219,14
Radish Seeds,220,25
Radish Seeds,221,16
Radish Seeds,222,25
Radish Seeds,223,11
Radish Seeds,224,18
Radish Seeds,225,12
Radish Seeds,226,14
Radish Seeds,227,13
Radish Seeds,228,20
Radish Seeds,229,21
Radish Seeds,230,15
Radish Seeds,231,22
Radish Seeds,232,22
Radish Seeds,233,14
Radish Seeds,234,16
Radish Seeds,235,26
Radish Seeds,236,27
Radish Seeds,237,26
Radish Seeds,238,23
Radish Seeds,239,18
Radish Seeds,240,23
Radish Seeds,241,18
Radish Seeds,242,18
Radish Seeds,243,15
Radish Seeds,244,30
Radish Seeds,245,22
Radish Seeds,246,14
Radish Seeds,247,21
Radish Seeds,248,40
Radish Seeds,249,29
Radish Seeds,250,25
Radish Seeds,251,15
Radish Seeds,252,10
Radish Seeds,253,22
Radish Seeds,254,18
Radish Seeds,255,16
Radish Seeds,256,9
Radish Seeds,257,18
Radish Seeds,258,11
Radish Seeds,259,16
Radish Seeds,260,18
Radish Seeds,261,11
Radish Seeds,262,24
Radish Seeds,263,12
Radish Seeds,264,15
Radish Seeds,265,12
Radish Seeds,266,14
Radish Seeds,267,27
Radish Seeds,268,23
Radish Seeds,269,24
Radish Seeds,270,28
Radish Seeds,271,17
Radish Seeds,272,18
Radish Seeds,273,23
Radish Seeds,274,18
Radish Seeds,275,19
Radish Seeds,276,13
Radish Seeds,277,19
Radish Seeds,278,24
Radish Seeds,279,12
Radish Seeds,280,16
Radish Seeds,281,21
Radish Seeds,282,35
Radish Seeds,283,15
Radish Seeds,284,16
Radish Seeds,285,23
Radish Seeds,286,28
Radish Seeds,287,19
Radish Seeds,288,32
Radish Seeds,289,24
Radish Seeds,290,20
Radish Seeds,291,23
Radish Seeds,292,18
Radish Seeds,293,32
Radish Seeds,294,15
Radish Seeds,295,27
Radish Seeds,296,15
Radish Seeds,297,12
Radish Seeds,298,14
Radish Seeds,299,13
Radish Seeds,300,35
Radish Seeds,301,19
Radish Seeds,302,9
Radish Seeds,303,27
Radish Seeds,304,38
Radish Seeds,305,34
Radish Seeds,306,11
Radish Seeds,307,9
Radish Seeds,308,12
Radish Seeds,309,12
Radish Seeds,310,14
Radish Seeds,311,26
Radish Seeds,312,13
Radish Seeds,313,19
Radish Seeds,314,17
Radish Seeds,315,10
Radish Seeds,316,12
Radish Seeds,317,26
Radish Seeds,318,14
Radish Seeds,319,11
Radish Seeds,320,25
Radish Seeds,321,17
Radish Seeds,322,13
Radish Seeds,323,21
Radish Seeds,324,11
Radish Seeds,325,19
Radish Seeds,326,16
Radish Seeds,327,12
Radish Seeds,328,17
Radish Seeds,329,20
Radish Seeds,330,21
Radish Seeds,331,22
Radish Seeds,332,18
Radish Seeds,333,15
Radish Seeds,334,26
Radish Seeds,335,15
Radish Seeds,336,21
Radish Seeds,337,15
Radish Seeds,338,29
Radish Seeds,339,23
Radish Seeds,340,30
Radish Seeds,341,18
Radish Seeds,342,16
Radish Seeds,343,12
Radish Seeds,344,23
Radish Seeds,345,23
Radish Seeds,346,12
Radish Seeds,347,31
Radish Seeds,348,18
Radish Seeds,349,27
Radish Seeds,350,33
Radish Seeds,351,41
Radish Seeds,352,17
Radish Seeds,353,23
Radish Seeds,354,12
Radish Seeds,355,24
Radish Seeds,356,27
Radish Seeds,357,20
Radish Seeds,358,34
Radish Seeds,359,18
Radish Seeds,360,13
Radish Seeds,361,27
Radish Seeds,362,12
Radish Seeds,363,22
Radish Seeds,364,19
Radish Seeds,365,23
Radish Seeds,366,13
Radish Seeds,367,35
Radish Seeds,368,16
Radish Seeds,369,25
Radish Seeds,370,15
Radish Seeds,371,27
Radish Seeds,372,9
Radish Seeds,373,24
Radish Seeds,374,18
Radish Seeds,375,36
Radish Seeds,376,31
Radish Seeds,377,33
Radish Seeds,378,27
Radish Seeds,379,19
Radish Seeds,380,15
Radish Seeds,381,30
Radish Seeds,382,12
Radish Seeds,383,25
Radish Seeds,384,31
Radish Seeds,385,17
Radish Seeds,386,41
Radish Seeds,387,17
Radish Seeds,388,23
Radish Seeds,389,48
Radish Seeds,390,14
Radish Seeds,391,33
Radish Seeds,392,20
Radish Seeds,393,39
Radish Seeds,394,20
Radish Seeds,395,15
Radish Seeds,396,13
Radish Seeds,397,17
Radish Seeds,398,28
Radish Seeds,399,21
Radish Seeds,400,14
Radish Seeds,401,29
Radish Seeds,402,16
Radish Seeds,403,19
Radish Seeds,404,22
Radish Seeds,405,18
Radish Seeds,406,11
Radish Seeds,407,33
Radish Seeds,408,21
Radish Seeds,409,18
Radish Seeds,410,13
Radish Seeds,411,15
Radish Seeds,412,19
Radish Seeds,413,14
Radish Seeds,414,20
Radish Seeds,415,18
Radish Seeds,416,19
Radish Seeds,417,25
Radish Seeds,418,15
Radish Seeds,419,17
Radish Seeds,420,8
Radish Seeds,421,19
Radish Seeds,422,33
Radish Seeds,423,12
Radish Seeds,424,36
Radish Seeds,425,13
Radish Seeds,426,15
Radish Seeds,427,14
Radish Seeds,428,18
Radish Seeds,429,23
Radish Seeds,430,9
Radish Seeds,431,29
Radish Seeds,432,22
Radish Seeds,433,19
Radish Seeds,434,17
Radish Seeds,435,13
Radish Seeds,436,18
Radish Seeds,437,23
Radish Seeds,438,17
Radish Seeds,439,26
Radish Seeds,440,20
Radish Seeds,441,39
Radish Seeds,442,13
Radish Seeds,443,20
Radish Seeds,444,26
Radish Seeds,445,14
Radish Seeds,446,20
Radish Seeds,447,26
Radish Seeds,448,31
Radish Seeds,449,14
Radish Seeds,450,20
Radish Seeds,451,21
Radish Seeds,452,44
Radish Seeds,453,49
Radish Seeds,454,33
Radish Seeds,455,24
Radish Seeds,456,30
Radish Seeds,457,14
Radish Seeds,458,19
Radish Seeds,459,25
Radish Seeds,460,23
Radish Seeds,461,45
Radish Seeds,462,18
Radish Seeds,463,24
Radish Seeds,464,26
Radish Seeds,465,21
Radish Seeds,466,24
Radish Seeds,467,17
Radish Seeds,468,15
Radish Seeds,469,26
Radish Seeds,470,31
Radish Seeds,471,15
Radish Seeds,472,11
Radish Seeds,473,13
Radish Seeds,474,16
Radish Seeds,475,29
Radish Seeds,476,18
Radish Seeds,477,14
Radish Seeds,478,13
Radish Seeds,479,15
Radish Seeds,480,23
Radish Seeds,481,20
Radish Seeds,482,16
Radish Seeds,483,24
Radish Seeds,484,34
Radish Seeds,485,18
Radish Seeds,486,29
Radish Seeds,487,24
Radish Seeds,488,27
Radish Seeds,489,25
Radish Seeds,490,11
Radish Seeds,491,29
Radish Seeds,492,18
Radish Seeds,493,25
Radish Seeds,494,23
Radish Seeds,495,14
Radish Seeds,496,22
Radish Seeds,497,15
Radish Seeds,498,14
Radish Seeds,499,20
Radish Seeds,500,31
Radish Seeds,501,18
Radish Seeds,502,10
Radish Seeds,503,14
Radish Seeds,504,22
Radish Seeds,505,19
Radish Seeds,506,27
Radish Seeds,507,19
Radish Seeds,508,18
Radish Seeds,509,19
Radish Seeds,510,30
Radish Seeds,511,23
Radish Seeds,512,24
Radish Seeds,513,14
Radish Seeds,514,24
Radish Seeds,515,40
Radish Seeds,516,19
Radish Seeds,517,15
Radish Seeds,518,15
Radish Seeds,519,25
Radish Seeds,520,26
Radish Seeds,521,16
Radish Seeds,522,16
Radish Seeds,523,12
Radish Seeds,524,14
Radish Seeds,525,24
Radish Seeds,526,24
Radish Seeds,527,12
Radish Seeds,528,13
Radish Seeds,529,14
Radish Seeds,530,13
Radish Seeds,531,16
Radish Seeds,532,40
Radish Seeds,533,33
Radish Seeds,534,32
Radish Seeds,535,13
Radish Seeds,536,17
Radish Seeds,537,23
Radish Seeds,538,13
Radish Seeds,539,22
Radish Seeds,540,20
Radish Seeds,541,32
Radish Seeds,542,52
Radish Seeds,543,22
Radish Seeds,544,30
Radish Seeds,545,25
Radish Seeds,546,16
Radish Seeds,547,29
Radish Seeds,548,25
Radish Seeds,549,17
Radish Seeds,550,24
Radish Seeds,551,16
Radish Seeds,552,16
Radish Seeds,553,21
Radish Seeds,554,12
Radish Seeds,555,23
Radish Seeds,556,34
Radish Seeds,557,10
Radish Seeds,558,20
Radish Seeds,559,30
Radish Seeds,560,19
Radish Seeds,561,15
Radish Seeds,562,28
Radish Seeds,563,23
Radish Seeds,564,19
Radish Seeds,565,30
Radish Seeds,566,13
Radish Seeds,567,29
Radish Seeds,568,17
Radish Seeds,569,22
Radish Seeds,570,31
Radish Seeds,571,12
Radish Seeds,572,10
Radish Seeds,573,15
Radish Seeds,574,11
Radish Seeds,575,13
Radish Seeds,576,22
Radish Seeds,577,25
Radish Seeds,578,32
Radish Seeds,579,15
Radish Seeds,580,20
Radish Seeds,581,9
Radish Seeds,582,29
Radish Seeds,583,27
Radish Seeds,584,17
Radish Seeds,585,39
Radish Seeds,586,11
Radish Seeds,587,11
Radish Seeds,588,36
Radish Seeds,589,9
Radish Seeds,590,26
Radish Seeds,591,8
Radish Seeds,592,12
Radish Seeds,593,17
Radish Seeds,594,34
Radish Seeds,595,20
Radish Seeds,596,12
Radish Seeds,597,22
Radish Seeds,598,47
Radish Seeds,599,29
Radish Seeds,600,20
Radish Seeds,601,16
Radish Seeds,602,27
Radish Seeds,603,16
Radish Seeds,604,24
Radish Seeds,605,32
Radish Seeds,606,14
Radish Seeds,607,13
Radish Seeds,608,41
Radish Seeds,609,16
Radish Seeds,610,17
Radish Seeds,611,20
Radish Seeds,612,16
Radish Seeds,613,16
Radish Seeds,614,22
Radish Seeds,615,16
Radish Seeds,616,27
Radish Seeds,617,30
Radish Seeds,618,13
Radish Seeds,619,25
Radish Seeds,620,33
Radish Seeds,621,24
Radish Seeds,622,14
Radish Seeds,623,19
Radish Seeds,624,15
Radish Seeds,625,27
Radish Seeds,626,26
Radish Seeds,627,17
Radish Seeds,628,14
Radish Seeds,629,24
Radish Seeds,630,24
Radish Seeds,631,19
Radish Seeds,632,29
Radish Seeds,633,18
Radish Seeds,634,27
Radish Seeds,635,27
Radish Seeds,636,14
Radish Seeds,637,20
Radish Seeds,638,35
Radish Seeds,639,9
Radish Seeds,640,19
Radish Seeds,641,16
Radish Seeds,642,19
Radish Seeds,643,20
Radish Seeds,644,27
Radish Seeds,645,42
Radish Seeds,646,19
Radish Seeds,647,31
Radish Seeds,648,18
Radish Seeds,649,13
Radish Seeds,650,20
Radish Seeds,651,13
Radish Seeds,652,22
Radish Seeds,653,30
Radish Seeds,654,36
Radish Seeds,655,18
Radish Seeds,656,24
Radish Seeds,657,17
Radish Seeds,658,13
Radish Seeds,659,24
Radish Seeds,660,13
Radish Seeds,661,20
Radish Seeds,662,27
Radish Seeds,663,28
Radish Seeds,664,24
Radish Seeds,665,17
Radish Seeds,666,24
Radish Seeds,667,14
Radish Seeds,668,19
Radish Seeds,669,14
Radish Seeds,670,29
Radish Seeds,671,31
Radish Seeds,672,18
Radish Seeds,673,23
Radish Seeds,674,25
Radish Seeds,675,11
Radish Seeds,676,15
Radish Seeds,677,20
Radish Seeds,678,23
Radish Seeds,679,22
Radish Seeds,680,21
Radish Seeds,681,24
Radish Seeds,682,21
Radish Seeds,683,16
Radish Seeds,684,38
Radish Seeds,685,25
Radish Seeds,686,44
Radish Seeds,687,20
Radish Seeds,688,16
Radish Seeds,689,37
Radish Seeds,690,16
Radish Seeds,691,12
Radish Seeds,692,16
Radish Seeds,693,12
Radish Seeds,694,25
Radish Seeds,695,18
Radish Seeds,696,30
Radish Seeds,697,32
Radish Seeds,698,29
Radish Seeds,699,19
Radish Seeds,700,11
Radish Seeds,701,28
Radish Seeds,702,22
Radish Seeds,703,21
Radish Seeds,704,15
Radish Seeds,705,22
Radish Seeds,706,17
Radish Seeds,707,21
Radish Seeds,708,25
Radish Seeds,709,11
Radish Seeds,710,18
Radish Seeds,711,14
Radish Seeds,712,23
Radish Seeds,713,17
Radish Seeds,714,25
Radish Seeds,715,25
Radish Seeds,716,12
Radish Seeds,717,17
Radish Seeds,718,15
Radish Seeds,719,21
Radish Seeds,720,27
Radish Seeds,721,25
Radish Seeds,722,31
Radish Seeds,723,16
Radish Seeds,724,22
Radish Seeds,725,26
Radish Seeds,726,37
Radish Seeds,727,11
Radish Seeds,728,24
Radish Seeds,729,23
Radish Seeds,730,16
Radish Seeds,731,15
Radish Seeds,732,17
Radish Seeds,733,16
Radish Seeds,734,26
Radish Seeds,735,20
Radish Seeds,736,17
Radish Seeds,737,10
Radish Seeds,738,23
Radish Seeds,739,16
Radish Seeds,740,46
Radish Seeds,741,19
Radish Seeds,742,23
Radish Seeds,743,18
Radish Seeds,744,21
Radish Seeds,745,26
Radish Seeds,746,16
Radish Seeds,747,20
Radish Seeds,748,23
Radish Seeds,749,19
Radish Seeds,750,22
Radish Seeds,751,31
Radish Seeds,752,20
Radish Seeds,753,25
Radish Seeds,754,16
Radish Seeds,755,22
Radish Seeds,756,21
Radish Seeds,757,28
Radish Seeds,758,17
Radish Seeds,759,21
Radish Seeds,760,20
Radish Seeds,761,13
Radish Seeds,762,22
Radish Seeds,763,13
Radish Seeds,764,19
Radish Seeds,765,16
Radish Seeds,766,27
Radish Seeds,767,14
Radish Seeds,768,30
Radish Seeds,769,27
Radish Seeds,770,20
Radish Seeds,771,28
Radish Seeds,772,18
Radish Seeds,773,10
Radish Seeds,774,25
Radish Seeds,775,19
Radish Seeds,776,19
Radish Seeds,777,20
Radish Seeds,778,26
Radish Seeds,779,28
Radish Seeds,780,26
Radish Seeds,781,17
Radish Seeds,782,16
Radish Seeds,783,22
Radish Seeds,784,13
Radish Seeds,785,23
Radish Seeds,786,24
Radish Seeds,787,31
Radish Seeds,788,25
Radish Seeds,789,24
Radish Seeds,790,17
Radish Seeds,791,23
Radish Seeds,792,19
Radish Seeds,793,18
Radish Seeds,794,23
Radish Seeds,795,13
Radish Seeds,796,18
Radish Seeds,797,33
Radish Seeds,798,19
Radish Seeds,799,18
Radish Seeds,800,25
Radish Seeds,801,14
Radish Seeds,802,21
Radish Seeds,803,17
Radish Seeds,804,12
Radish Seeds,805,15
Radish Seeds,806,16
Radish Seeds,807,17
Radish Seeds,808,22
Radish Seeds,809,14
Radish Seeds,810,19
Radish Seeds,811,26
Radish Seeds,812,19
Radish Seeds,813,13
Radish Seeds,814,10
Radish Seeds,815,21
Radish Seeds,816,17
Radish Seeds,817,26
Radish Seeds,818,20
Radish Seeds,819,16
Radish Seeds,820,14
Radish Seeds,821,15
Radish Seeds,822,15
Radish Seeds,823,23
Radish Seeds,824,23
Radish Seeds,825,10
Radish Seeds,826,15
Radish Seeds,827,21
Radish Seeds,828,26
Radish Seeds,829,23
Radish Seeds,830,22
Radish Seeds,831,20
Radish Seeds,832,30
Radish Seeds,833,13
Radish Seeds,834,17
Radish Seeds,835,8
Radish Seeds,836,21
Radish Seeds,837,16
Radish Seeds,838,12
Radish Seeds,839,20
Radish Seeds,840,19
Radish Seeds,841,17
Radish Seeds,842,10
Radish Seeds,843,15
Radish Seeds,844,29
Radish Seeds,845,26
Radish Seeds,846,25
Radish Seeds,847,21
Radish Seeds,848,12
Radish Seeds,849,29
Radish Seeds,850,25
Radish Seeds,851,31
Radish Seeds,852,20
Radish Seeds,853,16
Radish Seeds,854,31
Radish Seeds,855,17
Radish Seeds,856,18
Radish Seeds,857,29
Radish Seeds,858,24
Radish Seeds,859,20
Radish Seeds,860,21
Radish Seeds,861,12
Radish Seeds,862,22
Radish Seeds,863,19
Radish Seeds,864,27
Radish Seeds,865,14
Radish Seeds,866,34
Radish Seeds,867,12
Radish Seeds,868,13
Radish Seeds,869,20
Radish Seeds,870,20
Radish Seeds,871,12
Radish Seeds,872,21
Radish Seeds,873,16
Radish Seeds,874,16
Radish Seeds,875,15
Radish Seeds,876,20
Radish Seeds,877,16
Radish Seeds,878,28
Radish Seeds,879,17
Radish Seeds,880,22
Radish Seeds,881,17
Radish Seeds,882,29
Radish Seeds,883,27
Radish Seeds,884,11
Radish Seeds,885,21
Radish Seeds,886,20
Radish Seeds,887,24
Radish Seeds,888,16
Radish Seeds,889,32
Radish Seeds,890,15
Radish Seeds,891,16
Radish Seeds,892,17
Radish Seeds,893,12
Radish Seeds,894,16
Radish Seeds,895,18
Radish Seeds,896,20
Radish Seeds,897,20
Radish Seeds,898,18
Radish Seeds,899,18
Radish Seeds,900,16
Radish Seeds,901,14
Radish Seeds,902,21
Radish Seeds,903,19
Radish Seeds,904,19
Radish Seeds,905,17
Radish Seeds,906,22
Radish Seeds,907,27
Radish Seeds,908,29
Radish Seeds,909,28
Radish Seeds,910,25
Radish Seeds,911,27
Radish Seeds,912,9
Radish Seeds,913,29
Radish Seeds,914,25
Radish Seeds,915,30
Radish Seeds,916,16
Radish Seeds,917,15
Radish Seeds,918,14
Radish Seeds,919,29
Radish Seeds,920,26
Radish Seeds,921,26
Radish Seeds,922,16
Radish Seeds,923,21
Radish Seeds,924,14
Radish Seeds,925,13
Radish Seeds,926,18
Radish Seeds,927,19
Radish Seeds,928,20
Radish Seeds,929,26
Radish Seeds,930,34
Radish Seeds,931,17
Radish Seeds,932,34
Radish Seeds,933,13
Radish Seeds,934,24
Radish Seeds,935,14
Radish Seeds,936,17
Radish Seeds,937,23
Radish Seeds,938,18
Radish Seeds,939,25
Radish Seeds,940,23
Radish Seeds,941,17
Radish Seeds,942,23
Radish Seeds,943,18
Radish Seeds,944,38
Radish Seeds,945,26
Radish Seeds,946,22
Radish Seeds,947,19
Radish Seeds,948,19
Radish Seeds,949,20
Radish Seeds,950,30
Radish Seeds,951,17
Radish Seeds,952,24
Radish Seeds,953,32
Radish Seeds,954,14
Radish Seeds,955,21
Radish Seeds,956,18
Radish Seeds,957,15
Radish Seeds,958,16
Radish Seeds,959,16
Radish Seeds,960,24
Radish Seeds,961,19
Radish Seeds,962,30
Radish Seeds,963,35
Radish Seeds,964,22
Radish Seeds,965,10
Radish Seeds,966,18
Radish Seeds,967,27
Radish Seeds,968,16
Radish Seeds,969,11
Radish Seeds,970,15
Radish Seeds,971,32
Radish Seeds,972,16
Radish Seeds,973,24
Radish Seeds,974,17
Radish Seeds,975,17
Radish Seeds,976,28
Radish Seeds,977,20
Radish Seeds,978,25
Radish Seeds,979,25
Radish Seeds,980,12
Radish Seeds,981,17
Radish Seeds,982,17
Radish Seeds,983,25
Radish Seeds,984,13
Radish Seeds,985,12
Radish Seeds,986,27
Radish Seeds,987,18
Radish Seeds,988,16
Radish Seeds,989,26
Radish Seeds,990,19
Radish Seeds,991,34
Radish Seeds,992,27
Radish Seeds,993,17
Radish Seeds,994,20
Radish Seeds,995,20
Radish Seeds,996,19
Radish Seeds,997,19
Radish Seeds,998,31
Radish Seeds,999,15
Radish Seeds,1000,33
Radish Seeds,1001,20
Radish Seeds,1002,12
Radish Seeds,1003,16
Radish Seeds,1004,26
Radish Seeds,1005,27
Radish Seeds,1006,23
Radish Seeds,1007,24
Radish Seeds,1008,25
Radish Seeds,1009,13
Radish Seeds,1010,17
Radish Seeds,1011,36
Radish Seeds,1012,19
Radish Seeds,1013,21
Radish Seeds,1014,28
Radish Seeds,1015,17
Radish Seeds,1016,19
Radish Seeds,1017,16
Radish Seeds,1018,20
Radish Seeds,1019,26
Radish Seeds,1020,13
Radish Seeds,1021,19
Radish Seeds,1022,19
Radish Seeds,1023,9
Radish Seeds,1024,20
Radish Seeds,1025,17
Radish Seeds,1026,22
Radish Seeds,1027,17
Radish Seeds,1028,27
Radish Seeds,1029,20
Radish Seeds,1030,11
Radish Seeds,1031,14
Radish Seeds,1032,11
Radish Seeds,1033,13
Radish Seeds,1034,10
Radish Seeds,1035,19
Radish Seeds,1036,15
Radish Seeds,1037,16
Radish Seeds,1038,29
Radish Seeds,1039,16
Radish Seeds,1040,21
Radish Seeds,1041,20
Radish Seeds,1042,27
Radish Seeds,1043,18
Radish Seeds,1044,22
Radish Seeds,1045,16
Radish Seeds,1046,26
Radish Seeds,1047,17
Radish Seeds,1048,22
Radish Seeds,1049,33
Radish Seeds,1050,37
Radish Seeds,1051,23
Radish Seeds,1052,16
Radish Seeds,1053,14
Radish Seeds,1054,21
Radish Seeds,1055,31
Radish Seeds,1056,13
Radish Seeds,1057,20
Radish Seeds,1058,13
Radish Seeds,1059,14
Radish Seeds,1060,17
Radish Seeds,1061,20
Radish Seeds,1062,25
Radish Seeds,1063,16
Radish Seeds,1064,24
Radish Seeds,1065,25
Radish Seeds,1066,12
Radish Seeds,1067,37
Radish Seeds,1068,17
Radish Seeds,1069,23
Radish Seeds,1070,22
Radish Seeds,1071,24
Radish Seeds,1072,21
Radish Seeds,1073,13
Radish Seeds,1074,22
Radish Seeds,1075,19
Radish Seeds,1076,22
Radish Seeds,1077,13
Radish Seeds,1078,15
Radish Seeds,1079,22
Radish Seeds,1080,18
Radish Seeds,1081,12
Radish Seeds,1082,34
Radish Seeds,1083,25
Radish Seeds,1084,24
Radish Seeds,1085,18
Radish Seeds,1086,19
Radish Seeds,1087,12
Radish Seeds,1088,20
Radish Seeds,1089,17
Radish Seeds,1090,25
Radish Seeds,1091,9
Radish Seeds,1092,23
Radish Seeds,1093,33
Radish Seeds,1094,23
Radish Seeds,1095,20
Radish Seeds,1096,25
Radish Seeds,1097,16
Radish Seeds,1098,21
Radish Seeds,1099,17
Radish Seeds,1100,10
Radish Seeds,1101,10
Radish Seeds,1102,22
Radish Seeds,1103,38
Radish Seeds,1104,24
Radish Seeds,1105,19
Radish Seeds,1106,14
Radish Seeds,1107,26
Radish Seeds,1108,12
Radish Seeds,1109,17
Radish Seeds,1110,18
Radish Seeds,1111,21
Radish Seeds,1112,18
Radish Seeds,1113,20
Radish Seeds,1114,24
Radish Seeds,1115,28
Radish Seeds,1116,22
Radish Seeds,1117,25
Radish Seeds,1118,25
Radish Seeds,1119,26
Radish Seeds,1120,19
Radish Seeds,1121,16
Radish Seeds,1122,10
Radish Seeds,1123,20
Radish Seeds,1124,16
Radish Seeds,1125,17
Radish Seeds,1126,25
Radish Seeds,1127,29
Radish Seeds,1128,20
Radish Seeds,1129,38
Radish Seeds,1130,22
Radish Seeds,1131,22
Radish Seeds,1132,15
Radish Seeds,1133,21
Radish Seeds,1134,28
Radish Seeds,1135,23
Radish Seeds,1136,29
Radish Seeds,1137,27
Radish Seeds,1138,26
Radish Seeds,1139,21
Radish Seeds,1140,31
Radish Seeds,1141,15
Radish Seeds,1142,24
Radish Seeds,1143,29
Radish Seeds,1144,20
Radish Seeds,1145,22
Radish Seeds,1146,19
Radish Seeds,1147,16
Radish Seeds,1148,17
Radish Seeds,1149,12
Radish Seeds,1150,22
Radish Seeds,1151,19
Radish Seeds,1152,21
Radish Seeds,1153,28
Radish Seeds,1154,18
Radish Seeds,1155,35
Radish Seeds,1156,21
Radish Seeds,1157,24
Radish Seeds,1158,26
Radish Seeds,1159,20
Radish Seeds,1160,21
Radish Seeds,1161,13
Radish Seeds,1162,14
Radish Seeds,1163,11
Radish Seeds,1164,32
Radish Seeds,1165,16
Radish Seeds,1166,24
Radish Seeds,1167,25
Radish Seeds,1168,25
Radish Seeds,1169,24
Radish Seeds,1170,19
Radish Seeds,1171,23
Radish Seeds,1172,13
Radish Seeds,1173,24
Radish Seeds,1174,14
Radish Seeds,1175,23
Radish Seeds,1176,36
Radish Seeds,1177,19
Radish Seeds,1178,26
Radish Seeds,1179,21
Radish Seeds,1180,13
Radish Seeds,1181,11
Radish Seeds,1182,23
Radish Seeds,1183,22
Radish Seeds,1184,12
Radish Seeds,1185,15
Radish Seeds,1186,16
Radish Seeds,1187,22
Radish Seeds,1188,24
Radish Seeds,1189,18
Radish Seeds,1190,18
Radish Seeds,1191,18
Radish Seeds,1192,23
Radish Seeds,1193,11
Radish Seeds,1194,33
Radish Seeds,1195,30
Radish Seeds,1196,22
Radish Seeds,1197,9
Radish Seeds,1198,39
Radish Seeds,1199,15
Radish Seeds,1200,17
Radish Seeds,1201,17
Radish Seeds,1202,30
Radish Seeds,1203,27
Radish Seeds,1204,14
Radish Seeds,1205,15
Radish Seeds,1206,22
Radish Seeds,1207,14
Radish Seeds,1208,13
Radish Seeds,1209,29
Radish Seeds,1210,16
Radish Seeds,1211,19
Radish Seeds,1212,21
Radish Seeds,1213,21
Radish Seeds,1214,21
Radish Seeds,1215,17
Radish Seeds,1216,24
Radish Seeds,1217,13
Radish Seeds,1218,20
Radish Seeds,1219,21
Radish Seeds,1220,24
Radish Seeds,1221,14
Radish Seeds,1222,18
Radish Seeds,1223,27
Radish Seeds,1224,19
Radish Seeds,1225,25
Radish Seeds,1226,36
Radish Seeds,1227,18
Radish Seeds,1228,17
Radish Seeds,1229,37
Radish Seeds,1230,29
Radish Seeds,1231,28
Radish Seeds,1232,17
Radish Seeds,1233,21
Radish Seeds,1234,21
Radish Seeds,1235,11
Radish Seeds,1236,19
Radish Seeds,1237,20
Radish Seeds,1238,15
Radish Seeds,1239,17
Radish Seeds,1240,34
Radish Seeds,1241,46
Radish Seeds,1242,21
Radish Seeds,1243,17
Radish Seeds,1244,23
Radish Seeds,1245,18
Radish Seeds,1246,31
Radish Seeds,1247,35
Radish Seeds,1248,33
Radish Seeds,1249,13
Radish Seeds,1250,23
Radish Seeds,1251,27
Radish Seeds,1252,13
Radish Seeds,1253,12
Radish Seeds,1254,23
Radish Seeds,1255,21
Radish Seeds,1256,21
Radish Seeds,1257,27
Radish Seeds,1258,14
Radish Seeds,1259,22
Radish Seeds,1260,24
Radish Seeds,1261,18
Radish Seeds,1262,21
Radish Seeds,1263,21
Radish Seeds,1264,22
Radish Seeds,1265,18
Radish Seeds,1266,23
Radish Seeds,1267,15
Radish Seeds,1268,21
Radish Seeds,1269,17
Radish Seeds,1270,23
Radish Seeds,1271,10
Radish Seeds,1272,25
Radish Seeds,1273,19
Radish Seeds,1274,21
Radish Seeds,1275,14
Radish Seeds,1276,17
Radish Seeds,1277,19
Radish Seeds,1278,18
Radish Seeds,1279,24
Radish Seeds,1280,17
Radish Seeds,1281,22
Radish Seeds,1282,23
Radish Seeds,1283,18
Radish Seeds,1284,19
Radish Seeds,1285,23
Radish Seeds,1286,29
Radish Seeds,1287,22
Radish Seeds,1288,23
Radish Seeds,1289,21
Radish Seeds,1290,20
Radish Seeds,1291,17
Radish Seeds,1292,14
Radish Seeds,1293,20
Radish Seeds,1294,26
Radish Seeds,1295,27
Radish Seeds,1296,15
Radish Seeds,1297,24
Radish Seeds,1298,14
Radish Seeds,1299,16
Radish Seeds,1300,12
Radish Seeds,1301,28
Radish Seeds,1302,11
Radish Seeds,1303,18
Radish Seeds,1304,30
Radish Seeds,1305,10
Radish Seeds,1306,20
Radish Seeds,1307,30
Radish Seeds,1308,23
Radish Seeds,1309,37
Radish Seeds,1310,20
Radish Seeds,1311,16
Radish Seeds,1312,15
Radish Seeds,1313,24
Radish Seeds,1314,12
Radish Seeds,1315,18
Radish Seeds,1316,21
Radish Seeds,1317,27
Radish Seeds,1318,19
Radish Seeds,1319,17
Radish Seeds,1320,20
Radish Seeds,1321,33
Radish Seeds,1322,16
Radish Seeds,1323,16
Radish Seeds,1324,27
Radish Seeds,1325,12
Radish Seeds,1326,22
Radish Seeds,1327,11
Radish Seeds,1328,21
Radish Seeds,1329,12
Radish Seeds,1330,22
Radish Seeds,1331,20
Radish Seeds,1332,10
Radish Seeds,1333,17
Radish Seeds,1334,11
Radish Seeds,1335,24
Radish Seeds,1336,17
Radish Seeds,1337,17
Radish Seeds,1338,32
Radish Seeds,1339,17
Radish Seeds,1340,15
Radish Seeds,1341,25
Radish Seeds,1342,23
Radish Seeds,1343,15
Radish Seeds,1344,35
Radish Seeds,1345,28
Radish Seeds,1346,39
Radish Seeds,1347,26
Radish Seeds,1348,20
Radish Seeds,1349,13
Radish Seeds,1350,30
Radish Seeds,1351,13
Radish Seeds,1352,24
Radish Seeds,1353,22
Radish Seeds,1354,35
Radish Seeds,1355,31
Radish Seeds,1356,16
Radish Seeds,1357,28
Radish Seeds,1358,15
Radish Seeds,1359,13
Radish Seeds,1360,22
Radish Seeds,1361,22
Radish Seeds,1362,20
Radish Seeds,1363,24
Radish Seeds,1364,25
Radish Seeds,1365,22
Radish Seeds,1366,17
Radish Seeds,1367,16
Radish Seeds,1368,9
Radish Seeds,1369,25
Radish Seeds,1370,20
Radish Seeds,1371,25
Radish Seeds,1372,24
Radish Seeds,1373,18
Radish Seeds,1374,36
Radish Seeds,1375,16
Radish Seeds,1376,26
Radish Seeds,1377,20
Radish Seeds,1378,12
Radish Seeds,1379,16
Radish Seeds,1380,12
Radish Seeds,1381,22
Radish Seeds,1382,14
Radish Seeds,1383,12
Radish Seeds,1384,26
Radish Seeds,1385,16
Radish Seeds,1386,10
Radish Seeds,1387,22
Radish Seeds,1388,24
Radish Seeds,1389,20
Radish Seeds,1390,18
Radish Seeds,1391,13
Radish Seeds,1392,12
Radish Seeds,1393,21
Radish Seeds,1394,13
Radish Seeds,1395,19
Radish Seeds,1396,10
Radish Seeds,1397,22
Radish Seeds,1398,9
Radish Seeds,1399,15
Radish Seeds,1400,31
Radish Seeds,1401,26
Radish Seeds,1402,13
Radish Seeds,1403,26
Radish Seeds,1404,14
Radish Seeds,1405,24
Radish Seeds,1406,29
Radish Seeds,1407,18
Radish Seeds,1408,24
Radish Seeds,1409,19
Radish Seeds,1410,20
Radish Seeds,1411,24
Radish Seeds,1412,29
Radish Seeds,1413,23
Radish Seeds,1414,10
Radish Seeds,1415,20
Radish Seeds,1416,14
Radish Seeds,1417,12
Radish Seeds,1418,25
Radish Seeds,1419,17
Radish Seeds,1420,17
Radish Seeds,1421,14
Radish Seeds,1422,32
Radish Seeds,1423,19
Radish Seeds,1424,12
Radish Seeds,1425,15
Radish Seeds,1426,25
Radish Seeds,1427,34
Radish Seeds,1428,26
Radish Seeds,1429,25
Radish Seeds,1430,23
Radish Seeds,1431,15
Radish Seeds,1432,24
Radish Seeds,1433,14
Radish Seeds,1434,14
Radish Seeds,1435,27
Radish Seeds,1436,17
Radish Seeds,1437,16
Radish Seeds,1438,20
Radish Seeds,1439,22
Radish Seeds,1440,27
Radish Seeds,1441,13
Radish Seeds,1442,17
Radish Seeds,1443,16
Radish Seeds,1444,25
Radish Seeds,1445,16
Radish Seeds,1446,36
Radish Seeds,1447,14
Radish Seeds,1448,26
Radish Seeds,1449,21
Radish Seeds,1450,19
Radish Seeds,1451,11
Radish Seeds,1452,18
Radish Seeds,1453,20
Radish Seeds,1454,19
Radish Seeds,1455,13
Radish Seeds,1456,26
Radish Seeds,1457,16
Radish Seeds,1458,18
Radish Seeds,1459,21
Radish Seeds,1460,31
Radish Seeds,1461,14
Radish Seeds,1462,19
Radish Seeds,1463,34
Radish Seeds,1464,19
Radish Seeds,1465,20
Radish Seeds,1466,24
Radish Seeds,1467,17
Radish Seeds,1468,29
Radish Seeds,1469,22
Radish Seeds,1470,15
Radish Seeds,1471,9
Radish Seeds,1472,23
Radish Seeds,1473,17
Radish Seeds,1474,14
Radish Seeds,1475,22
Radish Seeds,1476,26
Radish Seeds,1477,18
Radish Seeds,1478,21
Radish Seeds,1479,19
Radish Seeds,1480,24
Radish Seeds,1481,22
Radish Seeds,1482,26
Radish Seeds,1483,24
Radish Seeds,1484,18
Radish Seeds,1485,26
Radish Seeds,1486,25
Radish Seeds,1487,13
Radish Seeds,1488,26
Radish Seeds,1489,12
Radish Seeds,1490,23
Radish Seeds,1491,13
Radish Seeds,1492,22
Radish Seeds,1493,13
Radish Seeds,1494,23
Radish Seeds,1495,21
Radish Seeds,1496,27
Radish Seeds,1497,16
Radish Seeds,1498,20
Radish Seeds,1499,24
Radish Seeds,1500,21
Radish Seeds,1501,16
Radish Seeds,1502,23
Radish Seeds,1503,17
Radish Seeds,1504,12
Radish Seeds,1505,13
Radish Seeds,1506,21
Radish Seeds,1507,15
Radish Seeds,1508,24
Radish Seeds,1509,25
Radish Seeds,1510,22
Radish Seeds,1511,11
Radish Seeds,1512,12
Radish Seeds,1513,11
Radish Seeds,1514,19
Radish Seeds,1515,25
Radish Seeds,1516,18
Radish Seeds,1517,48
Radish Seeds,1518,19
Radish Seeds,1519,18
Radish Seeds,1520,19
Radish Seeds,1521,12
Radish Seeds,1522,19
Radish Seeds,1523,14
Radish Seeds,1524,16
Radish Seeds,1525,17
Radish Seeds,1526,19
Radish Seeds,1527,14
Radish Seeds,1528,20
Radish Seeds,1529,28
Radish Seeds,1530,18
Radish Seeds,1531,13
Radish Seeds,1532,23
Radish Seeds,1533,18
Radish Seeds,1534,29
Radish Seeds,1535,15
Radish Seeds,1536,34
Radish Seeds,1537,14
Radish Seeds,1538,39
Radish Seeds,1539,29
Radish Seeds,1540,17
Radish Seeds,1541,14
Radish Seeds,1542,10
Radish Seeds,1543,27
Radish Seeds,1544,30
Radish Seeds,1545,14
Radish Seeds,1546,17
Radish Seeds,1547,38
Radish Seeds,1548,26
Radish Seeds,1549,15
Radish Seeds,1550,22
Radish Seeds,1551,11
Radish Seeds,1552,14
Radish Seeds,1553,12
Radish Seeds,1554,25
Radish Seeds,1555,10
Radish Seeds,1556,13
Radish Seeds,1557,12
Radish Seeds,1558,15
Radish Seeds,1559,16
Radish Seeds,1560,18
Radish Seeds,1561,20
Radish Seeds,1562,19
Radish Seeds,1563,22
Radish Seeds,1564,24
Radish Seeds,1565,15
Radish Seeds,1566,34
Radish Seeds,1567,16
Radish Seeds,1568,21
Radish Seeds,1569,19
Radish Seeds,1570,14
Radish Seeds,1571,47
Radish Seeds,1572,28
Radish Seeds,1573,23
Radish Seeds,1574,16
Radish Seeds,1575,16
Radish Seeds,1576,20
Radish Seeds,1577,35
Radish Seeds,1578,25
Radish Seeds,1579,25
Radish Seeds,1580,13
Radish Seeds,1581,18
Radish Seeds,1582,16
Radish Seeds,1583,22
Radish Seeds,1584,20
Radish Seeds,1585,15
Radish Seeds,1586,15
Radish Seeds,1587,19
Radish Seeds,1588,22
Radish Seeds,1589,25
Radish Seeds,1590,20
Radish Seeds,1591,34
Radish Seeds,1592,18
Radish Seeds,1593,13
Radish Seeds,1594,23
Radish Seeds,1595,32
Radish Seeds,1596,22
Radish Seeds,1597,19
Radish Seeds,1598,28
Radish Seeds,1599,17
Radish Seeds,1600,18
Radish Seeds,1601,11
Radish Seeds,1602,26
Radish Seeds,1603,19
Radish Seeds,1604,21
Radish Seeds,1605,15
Radish Seeds,1606,20
Radish Seeds,1607,11
Radish Seeds,1608,14
Radish Seeds,1609,17
Radish Seeds,1610,23
Radish Seeds,1611,29
Radish Seeds,1612,21
Radish Seeds,1613,30
Radish Seeds,1614,32
Radish Seeds,1615,22
Radish Seeds,1616,27
Radish Seeds,1617,37
Radish Seeds,1618,15
Radish Seeds,1619,19
Radish Seeds,1620,21
Radish Seeds,1621,21
Radish Seeds,1622,31
Radish Seeds,1623,21
Radish Seeds,1624,15
Radish Seeds,1625,20
Radish Seeds,1626,16
Radish Seeds,1627,13
Radish Seeds,1628,11
Radish Seeds,1629,25
Radish Seeds,1630,22
Radish Seeds,1631,10
Radish Seeds,1632,25
Radish Seeds,1633,18
Radish Seeds,1634,15
Radish Seeds,1635,14
Radish Seeds,1636,22
Radish Seeds,1637,16
Radish Seeds,1638,26
Radish Seeds,1639,14
Radish Seeds,1640,24
Radish Seeds,1641,23
Radish Seeds,1642,11
Radish Seeds,1643,42
Radish Seeds,1644,25
Radish Seeds,1645,15
Radish Seeds,1646,19
Radish Seeds,1647,22
Radish Seeds,1648,19
Radish Seeds,1649,29
Radish Seeds,1650,13
Radish Seeds,1651,17
Radish Seeds,1652,16
Radish Seeds,1653,18
Radish Seeds,1654,22
Radish Seeds,1655,22
Radish Seeds,1656,19
Radish Seeds,1657,21
Radish Seeds,1658,17
Radish Seeds,1659,14
Radish Seeds,1660,14
Radish Seeds,1661,16
Radish Seeds,1662,20
Radish Seeds,1663,36
Radish Seeds,1664,13
Radish Seeds,1665,19
Radish Seeds,1666,36
Radish Seeds,1667,19
Radish Seeds,1668,16
Radish Seeds,1669,19
Radish Seeds,1670,27
Radish Seeds,1671,18
Radish Seeds,1672,15
Radish Seeds,1673,9
Radish Seeds,1674,21
Radish Seeds,1675,8
Radish Seeds,1676,30
Radish Seeds,1677,14
Radish Seeds,1678,15
Radish Seeds,1679,25
Radish Seeds,1680,23
Radish Seeds,1681,10
Radish Seeds,1682,24
Radish Seeds,1683,21
Radish Seeds,1684,26
Radish Seeds,1685,22
Radish Seeds,1686,13
Radish Seeds,1687,15
Radish Seeds,1688,40
Radish Seeds,1689,20
Radish Seeds,1690,26
Radish Seeds,1691,22
Radish Seeds,1692,20
Radish Seeds,1693,25
Radish Seeds,1694,19
Radish Seeds,1695,25
Radish Seeds,1696,12
Radish Seeds,1697,18
Radish Seeds,1698,28
Radish Seeds,1699,21
Radish Seeds,1700,22
Radish Seeds,1701,24
Radish Seeds,1702,12
Radish Seeds,1703,19
Radish Seeds,1704,13
Radish Seeds,1705,22
Radish Seeds,1706,21
Radish Seeds,1707,15
Radish Seeds,1708,20
Radish Seeds,1709,13
Radish Seeds,1710,18
Radish Seeds,1711,15
Radish Seeds,1712,31
Radish Seeds,1713,20
Radish Seeds,1714,26
Radish Seeds,1715,13
Radish Seeds,1716,11
Radish Seeds,1717,30
Radish Seeds,1718,26
Radish Seeds,1719,18
Radish Seeds,1720,35
Radish Seeds,1721,27
Radish Seeds,1722,18
Radish Seeds,1723,15
Radish Seeds,1724,33
Radish Seeds,1725,10
Radish Seeds,1726,23
Radish Seeds,1727,17
Radish Seeds,1728,18
Radish Seeds,1729,15
Radish Seeds,1730,29
Radish Seeds,1731,14
Radish Seeds,1732,25
Radish Seeds,1733,25
Radish Seeds,1734,14
Radish Seeds,1735,18
Radish Seeds,1736,18
Radish Seeds,1737,17
Radish Seeds,1738,21
Radish Seeds,1739,17
Radish Seeds,1740,26
Radish Seeds,1741,16
Radish Seeds,1742,25
Radish Seeds,1743,19
Radish Seeds,1744,26
Radish Seeds,1745,21
Radish Seeds,1746,17
Radish Seeds,1747,20
Radish Seeds,1748,25
Radish Seeds,1749,16
Radish Seeds,1750,21
Radish Seeds,1751,22
Radish Seeds,1752,19
Radish Seeds,1753,22
Radish Seeds,1754,19
Radish Seeds,1755,27
Radish Seeds,1756,16
Radish Seeds,1757,21
Radish Seeds,1758,26
Radish Seeds,1759,39
Radish Seeds,1760,14
Radish Seeds,1761,18
Radish Seeds,1762,15
Radish Seeds,1763,23
Radish Seeds,1764,33
Radish Seeds,1765,15
Radish Seeds,1766,20
Radish Seeds,1767,22
Radish Seeds,1768,29
Radish Seeds,1769,20
Radish Seeds,1770,14
Radish Seeds,1771,10
Radish Seeds,1772,27
Radish Seeds,1773,22
Radish Seeds,1774,24
Radish Seeds,1775,20
Radish Seeds,1776,17
Radish Seeds,1777,31
Radish Seeds,1778,11
Radish Seeds,1779,18
Radish Seeds,1780,30
Radish Seeds,1781,33
Radish Seeds,1782,25
Radish Seeds,1783,27
Radish Seeds,1784,37
Radish Seeds,1785,25
Radish Seeds,1786,18
Radish Seeds,1787,15
Radish Seeds,1788,13
Radish Seeds,1789,10
Radish Seeds,1790,18
Radish Seeds,1791,25
Radish Seeds,1792,17
Radish Seeds,1793,25
Radish Seeds,1794,14
Radish Seeds,1795,16
Radish Seeds,1796,21
Radish Seeds,1797,29
Radish Seeds,1798,18
Radish Seeds,1799,39
Radish Seeds,1800,24
Radish Seeds,1801,16
Radish Seeds,1802,22
Radish Seeds,1803,20
Radish Seeds,1804,13
Radish Seeds,1805,26
Radish Seeds,1806,12
Radish Seeds,1807,27
Radish Seeds,1808,23
Radish Seeds,1809,12
Radish Seeds,1810,20
Radish Seeds,1811,24
Radish Seeds,1812,16
Radish Seeds,1813,19
Radish Seeds,1814,20
Radish Seeds,1815,23
Radish Seeds,1816,16
Radish Seeds,1817,16
Radish Seeds,1818,10
Radish Seeds,1819,11
Radish Seeds,1820,19
Radish Seeds,1821,22
Radish Seeds,1822,25
Radish Seeds,1823,30
Radish Seeds,1824,22
Radish Seeds,1825,22
Radish Seeds,1826,18
Radish Seeds,1827,17
Radish Seeds,1828,16
Radish Seeds,1829,33
Radish Seeds,1830,13
Radish Seeds,1831,24
Radish Seeds,1832,27
Radish Seeds,1833,20
Radish Seeds,1834,17
Radish Seeds,1835,20
Radish Seeds,1836,22
Radish Seeds,1837,18
Radish Seeds,1838,32
Radish Seeds,1839,34
Radish Seeds,1840,14
Radish Seeds,1841,41
Radish Seeds,1842,16
Radish Seeds,1843,16
Radish Seeds,1844,9
Radish Seeds,1845,18
Radish Seeds,1846,13
Radish Seeds,1847,16
Radish Seeds,1848,30
Radish Seeds,1849,23
Radish Seeds,1850,13
Radish Seeds,1851,33
Radish Seeds,1852,32
Radish Seeds,1853,13
Radish Seeds,1854,14
Radish Seeds,1855,14
Radish Seeds,1856,15
Radish Seeds,1857,22
Radish Seeds,1858,31
Radish Seeds,1859,16
Radish Seeds,1860,30
Radish Seeds,1861,13
Radish Seeds,1862,30
Radish Seeds,1863,30
Radish Seeds,1864,22
Radish Seeds,1865,15
Radish Seeds,1866,21
Radish Seeds,1867,27
Radish Seeds,1868,21
Radish Seeds,1869,31
Radish Seeds,1870,18
Radish Seeds,1871,13
Radish Seeds,1872,15
Radish Seeds,1873,18
Radish Seeds,1874,14
Radish Seeds,1875,29
Radish Seeds,1876,28
Radish Seeds,1877,15
Radish Seeds,1878,18
Radish Seeds,1879,14
Radish Seeds,1880,21
Radish Seeds,1881,14
Radish Seeds,1882,21
Radish Seeds,1883,10
Radish Seeds,1884,15
Radish Seeds,1885,19
Radish Seeds,1886,20
Radish Seeds,1887,22
Radish Seeds,1888,15
Radish Seeds,1889,29
Radish Seeds,1890,31
Radish Seeds,1891,12
Radish Seeds,1892,45
Radish Seeds,1893,30
Radish Seeds,1894,15
Radish Seeds,1895,27
Radish Seeds,1896,30
Radish Seeds,1897,23
Radish Seeds,1898,17
Radish Seeds,1899,22
Radish Seeds,1900,13
Radish Seeds,1901,17
Radish Seeds,1902,13
Radish Seeds,1903,27
Radish Seeds,1904,22
Radish Seeds,1905,39
Radish Seeds,1906,26
Radish Seeds,1907,22
Radish Seeds,1908,28
Radish Seeds,1909,17
Radish Seeds,1910,21
Radish Seeds,1911,13
Radish Seeds,1912,29
Radish Seeds,1913,20
Radish Seeds,1914,22
Radish Seeds,1915,16
Radish Seeds,1916,11
Radish Seeds,1917,23
Radish Seeds,1918,27
Radish Seeds,1919,22
Radish Seeds,1920,22
Radish Seeds,1921,30
Radish Seeds,1922,21
Radish Seeds,1923,18
Radish Seeds,1924,42
Radish Seeds,1925,24
Radish Seeds,1926,18
Radish Seeds,1927,18
Radish Seeds,1928,15
Radish Seeds,1929,16
Radish Seeds,1930,11
Radish Seeds,1931,34
Radish Seeds,1932,27
Radish Seeds,1933,23
Radish Seeds,1934,27
Radish Seeds,1935,27
Radish Seeds,1936,15
Radish Seeds,1937,18
Radish Seeds,1938,19
Radish Seeds,1939,12
Radish Seeds,1940,13
Radish Seeds,1941,12
Radish Seeds,1942,22
Radish Seeds,1943,14
Radish Seeds,1944,13
Radish Seeds,1945,37
Radish Seeds,1946,13
Radish Seeds,1947,19
Radish Seeds,1948,23
Radish Seeds,1949,15
Radish Seeds,1950,11
Radish Seeds,1951,16
Radish Seeds,1952,22
Radish Seeds,1953,19
Radish Seeds,1954,27
Radish Seeds,1955,17
Radish Seeds,1956,31
Radish Seeds,1957,24
Radish Seeds,1958,10
Radish Seeds,1959,14
Radish Seeds,1960,31
Radish Seeds,1961,24
Radish Seeds,1962,19
Radish Seeds,1963,42
Radish Seeds,1964,16
Radish Seeds,1965,20
Radish Seeds,1966,23
Radish Seeds,1967,16
Radish Seeds,1968,16
Radish Seeds,1969,11
Radish Seeds,1970,21
Radish Seeds,1971,24
Radish Seeds,1972,27
Radish Seeds,1973,21
Radish Seeds,1974,15
Radish Seeds,1975,16
Radish Seeds,1976,31
Radish Seeds,1977,14
Radish Seeds,1978,14
Radish Seeds,1979,30
Radish Seeds,1980,14
Radish Seeds,1981,34
Radish Seeds,1982,15
Radish Seeds,1983,24
Radish Seeds,1984,22
Radish Seeds,1985,20
Radish Seeds,1986,15
Radish Seeds,1987,23
Radish Seeds,1988,29
Radish Seeds,1989,9
Radish Seeds,1990,25
Radish Seeds,1991,24
Radish Seeds,1992,24
Radish Seeds,1993,20
Radish Seeds,1994,13
Radish Seeds,1995,27
Radish Seeds,1996,24
Radish Seeds,1997,17
Radish Seeds,1998,13
Radish Seeds,1999,37
Radish Seeds,2000,22
Radish Seeds,2001,31
Radish Seeds,2002,12
Radish Seeds,2003,19
Radish Seeds,2004,30
Radish Seeds,2005,23
Radish Seeds,2006,27
Radish Seeds,2007,23
Radish Seeds,2008,38
Radish Seeds,2009,8
Radish Seeds,2010,29
Radish Seeds,2011,8
Radish Seeds,2012,19
Radish Seeds,2013,19
Radish Seeds,2014,21
Radish Seeds,2015,14
Radish Seeds,2016,38
Radish Seeds,2017,21
Radish Seeds,2018,13
Radish Seeds,2019,18
Radish Seeds,2020,18
Radish Seeds,2021,16
Radish Seeds,2022,26
Radish Seeds,2023,15
Radish Seeds,2024,32
Radish Seeds,2025,21
Radish Seeds,2026,19
Radish Seeds,2027,23
Radish Seeds,2028,17
Radish Seeds,2029,26
Radish Seeds,2030,12
Radish Seeds,2031,19
Radish Seeds,2032,18
Radish Seeds,2033,17
Radish Seeds,2034,20
Radish Seeds,2035,21
Radish Seeds,2036,27
Radish Seeds,2037,26
Radish Seeds,2038,22
Radish Seeds,2039,30
Radish Seeds,2040,12
Radish Seeds,2041,21
Radish Seeds,2042,24
Radish Seeds,2043,27
Radish Seeds,2044,12
Radish Seeds,2045,19
Radish Seeds,2046,24
Radish Seeds,2047,17
Radish Seeds,2048,17
Radish Seeds,2049,29
Radish Seeds,2050,19
Radish Seeds,2051,17
Radish Seeds,2052,21
Radish Seeds,2053,17
Radish Seeds,2054,22
Radish Seeds,2055,16
Radish Seeds,2056,23
Radish Seeds,2057,27
Radish Seeds,2058,27
Radish Seeds,2059,28
Radish Seeds,2060,25
Radish Seeds,2061,19
Radish Seeds,2062,17
Radish Seeds,2063,25
Radish Seeds,2064,28
Radish Seeds,2065,30
Radish Seeds,2066,20
Radish Seeds,2067,27
Radish Seeds,2068,45
Radish Seeds,2069,20
Radish Seeds,2070,30
Radish Seeds,2071,23
Radish Seeds,2072,21
Radish Seeds,2073,14
Radish Seeds,2074,20
Radish Seeds,2075,16
Radish Seeds,2076,13
Radish Seeds,2077,15
Radish Seeds,2078,40
Radish Seeds,2079,17
Radish Seeds,2080,15
Radish Seeds,2081,20
Radish Seeds,2082,19
Radish Seeds,2083,36
Radish Seeds,2084,34
Radish Seeds,2085,22
Radish Seeds,2086,18
Radish Seeds,2087,15
Radish Seeds,2088,33
Radish Seeds,2089,17
Radish Seeds,2090,13
Radish Seeds,2091,20
Radish Seeds,2092,17
Radish Seeds,2093,14
Radish Seeds,2094,22
Radish Seeds,2095,20
Radish Seeds,2096,25
Radish Seeds,2097,23
Radish Seeds,2098,22
Radish Seeds,2099,36
Radish Seeds,2100,29
Radish Seeds,2101,29
Radish Seeds,2102,19
Radish Seeds,2103,19
Radish Seeds,2104,30
Radish Seeds,2105,19
Radish Seeds,2106,17
Radish Seeds,2107,40
Radish Seeds,2108,23
Radish Seeds,2109,31
Radish Seeds,2110,15
Radish Seeds,2111,17
Radish Seeds,2112,20
Radish Seeds,2113,36
Radish Seeds,2114,16
Radish Seeds,2115,9
Radish Seeds,2116,27
Radish Seeds,2117,32
Radish Seeds,2118,12
Radish Seeds,2119,26
Radish Seeds,2120,19
Radish Seeds,2121,23
Radish Seeds,2122,20
Radish Seeds,2123,21
Radish Seeds,2124,23
Radish Seeds,2125,20
Radish Seeds,2126,17
Radish Seeds,2127,15
Radish Seeds,2128,17
Radish Seeds,2129,13
Radish Seeds,2130,37
Radish Seeds,2131,19
Radish Seeds,2132,20
Radish Seeds,2133,16
Radish Seeds,2134,18
Radish Seeds,2135,11
Radish Seeds,2136,14
Radish Seeds,2137,23
Radish Seeds,2138,17
Radish Seeds,2139,15
Radish Seeds,2140,23
Radish Seeds,2141,22
Radish Seeds,2142,23
Radish Seeds,2143,33
Radish Seeds,2144,21
Radish Seeds,2145,12
Radish Seeds,2146,19
Radish Seeds,2147,22
Radish Seeds,2148,19
Radish Seeds,2149,30
Radish Seeds,2150,16
Radish Seeds,2151,25
Radish Seeds,2152,35
Radish Seeds,2153,27
Radish Seeds,2154,13
Radish Seeds,2155,35
Radish Seeds,2156,27
Radish Seeds,2157,21
Radish Seeds,2158,19
Radish Seeds,2159,25
Radish Seeds,2160,30
Radish Seeds,2161,15
Radish Seeds,2162,14
Radish Seeds,2163,42
Radish Seeds,2164,38
Radish Seeds,2165,20
Radish Seeds,2166,27
Radish Seeds,2167,18
Radish Seeds,2168,14
Radish Seeds,2169,23
Radish Seeds,2170,37
Radish Seeds,2171,20
Radish Seeds,2172,14
Radish Seeds,2173,19
Radish Seeds,2174,19
Radish Seeds,2175,25
Radish Seeds,2176,13
Radish Seeds,2177,22
Radish Seeds,2178,12
Radish Seeds,2179,14
Radish Seeds,2180,28
Radish Seeds,2181,28
Radish Seeds,2182,18
Radish Seeds,2183,18
Radish Seeds,2184,15
Radish Seeds,2185,21
Radish Seeds,2186,12
Radish Seeds,2187,12
Radish Seeds,2188,30
Radish Seeds,2189,26
Radish Seeds,2190,14
Radish Seeds,2191,18
Radish Seeds,2192,31
Radish Seeds,2193,24
Radish Seeds,2194,16
Radish Seeds,2195,27
Radish Seeds,2196,11
Radish Seeds,2197,11
Radish Seeds,2198,31
Radish Seeds,2199,17
Radish Seeds,2200,17
Radish Seeds,2201,14
Radish Seeds,2202,20
Radish Seeds,2203,12
Radish Seeds,2204,29
Radish Seeds,2205,21
Radish Seeds,2206,10
Radish Seeds,2207,19
Radish Seeds,2208,15
Radish Seeds,2209,19
Radish Seeds,2210,22
Radish Seeds,2211,24
Radish Seeds,2212,37
Radish Seeds,2213,24
Radish Seeds,2214,21
Radish Seeds,2215,22
Radish Seeds,2216,20
Radish Seeds,2217,21
Radish Seeds,2218,24
Radish Seeds,2219,37
Radish Seeds,2220,19
Radish Seeds,2221,17
Radish Seeds,2222,15
Radish Seeds,2223,15
Radish Seeds,2224,23
Radish Seeds,2225,31
Radish Seeds,2226,12
Radish Seeds,2227,27
Radish Seeds,2228,30
Radish Seeds,2229,23
Radish Seeds,2230,18
Radish Seeds,2231,26
Radish Seeds,2232,18
Radish Seeds,2233,11
Radish Seeds,2234,32
Radish Seeds,2235,18
Radish Seeds,2236,10
Radish Seeds,2237,14
Radish Seeds,2238,14
Radish Seeds,2239,14
Radish Seeds,2240,25
Radish Seeds,2241,24
Radish Seeds,2242,18
Radish Seeds,2243,20
Radish Seeds,2244,19
Radish Seeds,2245,27
Radish Seeds,2246,25
Radish Seeds,2247,16
Radish Seeds,2248,16
Radish Seeds,2249,11
Radish Seeds,2250,16
Radish Seeds,2251,14
Radish Seeds,2252,18
Radish Seeds,2253,39
Radish Seeds,2254,32
Radish Seeds,2255,35
Radish Seeds,2256,19
Radish Seeds,2257,24
Radish Seeds,2258,12
Radish Seeds,2259,14
Radish Seeds,2260,14
Radish Seeds,2261,30
Radish Seeds,2262,15
Radish Seeds,2263,23
Radish Seeds,2264,28
Radish Seeds,2265,17
Radish Seeds,2266,29
Radish Seeds,2267,21
Radish Seeds,2268,26
Radish Seeds,2269,21
Radish Seeds,2270,13
Radish Seeds,2271,12
Radish Seeds,2272,20
Radish Seeds,2273,20
Radish Seeds,2274,27
Radish Seeds,2275,12
Radish Seeds,2276,34
Radish Seeds,2277,22
Radish Seeds,2278,37
Radish Seeds,2279,30
Radish Seeds,2280,20
Radish Seeds,2281,19
Radish Seeds,2282,20
Radish Seeds,2283,19
Radish Seeds,2284,33
Radish Seeds,2285,20
Radish Seeds,2286,16
Radish Seeds,2287,28
Radish Seeds,2288,19
Radish Seeds,2289,20
Radish Seeds,2290,22
Radish Seeds,2291,19
Radish Seeds,2292,16
Radish Seeds,2293,12
Radish Seeds,2294,19
Radish Seeds,2295,24
Radish Seeds,2296,22
Radish Seeds,2297,15
Radish Seeds,2298,22
Radish Seeds,2299,22
Radish Seeds,2300,14
Radish Seeds,2301,21
Radish Seeds,2302,9
Radish Seeds,2303,28
Radish Seeds,2304,21
Radish Seeds,2305,15
Radish Seeds,2306,14
Radish Seeds,2307,22
Radish Seeds,2308,24
Radish Seeds,2309,17
Radish Seeds,2310,33
Radish Seeds,2311,13
Radish Seeds,2312,31
Radish Seeds,2313,21
Radish Seeds,2314,27
Radish Seeds,2315,24
Radish Seeds,2316,24
Radish Seeds,2317,8
Radish Seeds,2318,13
Radish Seeds,2319,13
Radish Seeds,2320,36
Radish Seeds,2321,35
Radish Seeds,2322,16
Radish Seeds,2323,18
Radish Seeds,2324,18
Radish Seeds,2325,24
Radish Seeds,2326,29
Radish Seeds,2327,21
Radish Seeds,2328,13
Radish Seeds,2329,16
Radish Seeds,2330,14
Radish Seeds,2331,24
Radish Seeds,2332,16
Radish Seeds,2333,33
Radish Seeds,2334,22
Radish Seeds,2335,16
Radish Seeds,2336,22
Radish Seeds,2337,18
Radish Seeds,2338,17
Radish Seeds,2339,35
Radish Seeds,2340,24
Radish Seeds,2341,29
Radish Seeds,2342,17
Radish Seeds,2343,27
Radish Seeds,2344,23
Radish Seeds,2345,20
Radish Seeds,2346,32
Radish Seeds,2347,28
Radish Seeds,2348,21
Radish Seeds,2349,16
Radish Seeds,2350,20
Radish Seeds,2351,18
Radish Seeds,2352,11
Radish Seeds,2353,15
Radish Seeds,2354,17
Radish Seeds,2355,15
Radish Seeds,2356,31
Radish Seeds,2357,35
Radish Seeds,2358,8
Radish Seeds,2359,19
Radish Seeds,2360,34
Radish Seeds,2361,10
Radish Seeds,2362,15
Radish Seeds,2363,30
Radish Seeds,2364,21
Radish Seeds,2365,22
Radish Seeds,2366,19
Radish Seeds,2367,18
Radish Seeds,2368,32
Radish Seeds,2369,21
Radish Seeds,2370,33
Radish Seeds,2371,17
Radish Seeds,2372,23
Radish Seeds,2373,16
Radish Seeds,2374,25
Radish Seeds,2375,20
Radish Seeds,2376,11
Radish Seeds,2377,19
Radish Seeds,2378,32
Radish Seeds,2379,21
Radish Seeds,2380,14
Radish Seeds,2381,19
Radish Seeds,2382,33
Radish Seeds,2383,40
Radish Seeds,2384,20
Radish Seeds,2385,12
Radish Seeds,2386,22
Radish Seeds,2387,16
Radish Seeds,2388,33
Radish Seeds,2389,21
Radish Seeds,2390,27
Radish Seeds,2391,24
Radish Seeds,2392,36
Radish Seeds,2393,14
Radish Seeds,2394,22
Radish Seeds,2395,26
Radish Seeds,2396,23
Radish Seeds,2397,20
Radish Seeds,2398,15
Radish Seeds,2399,22
Radish Seeds,2400,19
Radish Seeds,2401,25
Radish Seeds,2402,10
Radish Seeds,2403,25
Radish Seeds,2404,13
Radish Seeds,2405,21
Radish Seeds,2406,20
Radish Seeds,2407,12
Radish Seeds,2408,28
Radish Seeds,2409,15
Radish Seeds,2410,14
Radish Seeds,2411,17
Radish Seeds,2412,30
Radish Seeds,2413,15
Radish Seeds,2414,10
Radish Seeds,2415,30
Radish Seeds,2416,15
Radish Seeds,2417,20
Radish Seeds,2418,19
Radish Seeds,2419,32
Radish Seeds,2420,13
Radish Seeds,2421,22
Radish Seeds,2422,29
Radish Seeds,2423,18
Radish Seeds,2424,33
Radish Seeds,2425,16
Radish Seeds,2426,31
Radish Seeds,2427,15
Radish Seeds,2428,16
Radish Seeds,2429,29
Radish Seeds,2430,20
Radish Seeds,2431,18
Radish Seeds,2432,30
Radish Seeds,2433,22
Radish Seeds,2434,24
Radish Seeds,2435,22
Radish Seeds,2436,32
Radish Seeds,2437,23
Radish Seeds,2438,32
Radish Seeds,2439,14
Radish Seeds,2440,13
Radish Seeds,2441,19
Radish Seeds,2442,23
Radish Seeds,2443,23
Radish Seeds,2444,24
Radish Seeds,2445,13
Radish Seeds,2446,25
Radish Seeds,2447,22
Radish Seeds,2448,21
Radish Seeds,2449,24
Radish Seeds,2450,27
Radish Seeds,2451,19
Radish Seeds,2452,15
Radish Seeds,2453,29
Radish Seeds,2454,30
Radish Seeds,2455,29
Radish Seeds,2456,17
Radish Seeds,2457,13
Radish Seeds,2458,20
Radish Seeds,2459,16
Radish Seeds,2460,9
Radish Seeds,2461,14
Radish Seeds,2462,34
Radish Seeds,2463,43
Radish Seeds,2464,29
Radish Seeds,2465,15
Radish Seeds,2466,19
Radish Seeds,2467,33
Radish Seeds,2468,20
Radish Seeds,2469,25
Radish Seeds,2470,22
Radish Seeds,2471,24
Radish Seeds,2472,30
Radish Seeds,2473,16
Radish Seeds,2474,28
Radish Seeds,2475,22
Radish Seeds,2476,18
Radish Seeds,2477,13
Radish Seeds,2478,16
Radish Seeds,2479,27
Radish Seeds,2480,18
Radish Seeds,2481,17
Radish Seeds,2482,21
Radish Seeds,2483,13
Radish Seeds,2484,28
Radish Seeds,2485,23
Radish Seeds,2486,35
Radish Seeds,2487,23
Radish Seeds,2488,29
Radish Seeds,2489,23
Radish Seeds,2490,22
Radish Seeds,2491,11
Radish Seeds,2492,29
Radish Seeds,2493,18
Radish Seeds,2494,10
Radish Seeds,2495,14
Radish Seeds,2496,16
Radish Seeds,2497,14
Radish Seeds,2498,30
Radish Seeds,2499,36
Radish Seeds,2500,29
Radish Seeds,2501,25
Radish Seeds,2502,12
Radish Seeds,2503,14
Radish Seeds,2504,19
Radish Seeds,2505,15
Radish Seeds,2506,11
Radish Seeds,2507,12
Radish Seeds,2508,28
Radish Seeds,2509,13
Radish Seeds,2510,16
Radish Seeds,2511,22
Radish Seeds,2512,37
Radish Seeds,2513,24
Radish Seeds,2514,33
Radish Seeds,2515,20
Radish Seeds,2516,19
Radish Seeds,2517,9
Radish Seeds,2518,18
Radish Seeds,2519,18
Radish Seeds,2520,17
Radish Seeds,2521,17
Radish Seeds,2522,10
Radish Seeds,2523,12
Radish Seeds,2524,21
Radish Seeds,2525,23
Radish Seeds,2526,20
Radish Seeds,2527,28
Radish Seeds,2528,27
Radish Seeds,2529,16
Radish Seeds,2530,23
Radish Seeds,2531,26
Radish Seeds,2532,29
Radish Seeds,2533,32
Radish Seeds,2534,20
Radish Seeds,2535,29
Radish Seeds,2536,17
Radish Seeds,2537,19
Radish Seeds,2538,16
Radish Seeds,2539,17
Radish Seeds,2540,23
Radish Seeds,2541,21
Radish Seeds,2542,20
Radish Seeds,2543,24
Radish Seeds,2544,14
Radish Seeds,2545,18
Radish Seeds,2546,29
Radish Seeds,2547,13
Radish Seeds,2548,13
Radish Seeds,2549,32
Radish Seeds,2550,31
Radish Seeds,2551,14
Radish Seeds,2552,33
Radish Seeds,2553,15
Radish Seeds,2554,22
Radish Seeds,2555,17
Radish Seeds,2556,11
Radish Seeds,2557,20
Radish Seeds,2558,18
Radish Seeds,2559,28
Radish Seeds,2560,13
Radish Seeds,2561,29
Radish Seeds,2562,23
Radish Seeds,2563,13
Radish Seeds,2564,14
Radish Seeds,2565,24
Radish Seeds,2566,28
Radish Seeds,2567,10
Radish Seeds,2568,27
Radish Seeds,2569,27
Radish Seeds,2570,21
Radish Seeds,2571,19
Radish Seeds,2572,10
Radish Seeds,2573,15
Radish Seeds,2574,23
Radish Seeds,2575,20
Radish Seeds,2576,25
Radish Seeds,2577,27
Radish Seeds,2578,29
Radish Seeds,2579,13
Radish Seeds,2580,22
Radish Seeds,2581,8
Radish Seeds,2582,9
Radish Seeds,2583,28
Radish Seeds,2584,15
Radish Seeds,2585,20
Radish Seeds,2586,20
Radish Seeds,2587,34
Radish Seeds,2588,15
Radish Seeds,2589,30
Radish Seeds,2590,26
Radish Seeds,2591,21
Radish Seeds,2592,22
Radish Seeds,2593,18
Radish Seeds,2594,19
Radish Seeds,2595,24
Radish Seeds,2596,31
Radish Seeds,2597,19
Radish Seeds,2598,49
Radish Seeds,2599,21
Radish Seeds,2600,21
Radish Seeds,2601,24
Radish Seeds,2602,11
Radish Seeds,2603,16
Radish Seeds,2604,11
Radish Seeds,2605,32
Radish Seeds,2606,17
Radish Seeds,2607,39
Radish Seeds,2608,13
Radish Seeds,2609,15
Radish Seeds,2610,22
Radish Seeds,2611,14
Radish Seeds,2612,23
Radish Seeds,2613,27
Radish Seeds,2614,25
Radish Seeds,2615,18
Radish Seeds,2616,23
Radish Seeds,2617,32
Radish Seeds,2618,22
Radish Seeds,2619,23
Radish Seeds,2620,24
Radish Seeds,2621,14
Radish Seeds,2622,14
Radish Seeds,2623,17
Radish Seeds,2624,26
Radish Seeds,2625,18
Radish Seeds,2626,10
Radish Seeds,2627,28
Radish Seeds,2628,13
Radish Seeds,2629,15
Radish Seeds,2630,11
Radish Seeds,2631,25
Radish Seeds,2632,20
Radish Seeds,2633,22
Radish Seeds,2634,13
Radish Seeds,2635,19
Radish Seeds,2636,24
Radish Seeds,2637,13
Radish Seeds,2638,22
Radish Seeds,2639,18
Radish Seeds,2640,17
Radish Seeds,2641,20
Radish Seeds,2642,20
Radish Seeds,2643,36
Radish Seeds,2644,32
Radish Seeds,2645,19
Radish Seeds,2646,42
Radish Seeds,2647,17
Radish Seeds,2648,37
Radish Seeds,2649,15
Radish Seeds,2650,12
Radish Seeds,2651,23
Radish Seeds,2652,15
Radish Seeds,2653,20
Radish Seeds,2654,32
Radish Seeds,2655,31
Radish Seeds,2656,23
Radish Seeds,2657,23
Radish Seeds,2658,17
Radish Seeds,2659,18
Radish Seeds,2660,15
Radish Seeds,2661,24
Radish Seeds,2662,29
Radish Seeds,2663,18
Radish Seeds,2664,16
Radish Seeds,2665,14
Radish Seeds,2666,23
Radish Seeds,2667,33
Radish Seeds,2668,20
Radish Seeds,2669,25
Radish Seeds,2670,17
Radish Seeds,2671,23
Radish Seeds,2672,27
Radish Seeds,2673,22
Radish Seeds,2674,14
Radish Seeds,2675,16
Radish Seeds,2676,23
Radish Seeds,2677,19
Radish Seeds,2678,11
Radish Seeds,2679,37
Radish Seeds,2680,27
Radish Seeds,2681,17
Radish Seeds,2682,22
Radish Seeds,2683,19
Radish Seeds,2684,19
Radish Seeds,2685,15
Radish Seeds,2686,37
Radish Seeds,2687,26
Radish Seeds,2688,32
Radish Seeds,2689,37
Radish Seeds,2690,39
Radish Seeds,2691,15
Radish Seeds,2692,10
Radish Seeds,2693,16
Radish Seeds,2694,30
Radish Seeds,2695,19
Radish Seeds,2696,27
Radish Seeds,2697,27
Radish Seeds,2698,31
Radish Seeds,2699,16
Radish Seeds,2700,23
Radish Seeds,2701,14
Radish Seeds,2702,18
Radish Seeds,2703,15
Radish Seeds,2704,21
Radish Seeds,2705,15
Radish Seeds,2706,17
Radish Seeds,2707,34
Radish Seeds,2708,20
Radish Seeds,2709,28
Radish Seeds,2710,24
Radish Seeds,2711,16
Radish Seeds,2712,37
Radish Seeds,2713,20
Radish Seeds,2714,13
Radish Seeds,2715,27
Radish Seeds,2716,16
Radish Seeds,2717,14
Radish Seeds,2718,25
Radish Seeds,2719,29
Radish Seeds,2720,22
Radish Seeds,2721,21
Radish Seeds,2722,10
Radish Seeds,2723,17
Radish Seeds,2724,12
Radish Seeds,2725,25
Radish Seeds,2726,29
Radish Seeds,2727,16
Radish Seeds,2728,34
Radish Seeds,2729,20
Radish Seeds,2730,18
Radish Seeds,2731,19
Radish Seeds,2732,27
Radish Seeds,2733,23
Radish Seeds,2734,15
Radish Seeds,2735,23
Radish Seeds,2736,21
Radish Seeds,2737,16
Radish Seeds,2738,31
Radish Seeds,2739,27
Radish Seeds,2740,29
Radish Seeds,2741,24
Radish Seeds,2742,24
Radish Seeds,2743,20
Radish Seeds,2744,21
Radish Seeds,2745,10
Radish Seeds,2746,22
Radish Seeds,2747,35
Radish Seeds,2748,30
Radish Seeds,2749,20
Radish Seeds,2750,15
Radish Seeds,2751,19
Radish Seeds,2752,21
Radish Seeds,2753,30
Radish Seeds,2754,37
Radish Seeds,2755,17
Radish Seeds,2756,22
Radish Seeds,2757,14
Radish Seeds,2758,26
Radish Seeds,2759,13
Radish Seeds,2760,25
Radish Seeds,2761,17
Radish Seeds,2762,27
Radish Seeds,2763,25
Radish Seeds,2764,17
Radish Seeds,2765,9
Radish Seeds,2766,16
Radish Seeds,2767,12
Radish Seeds,2768,32
Radish Seeds,2769,13
Radish Seeds,2770,31
Radish Seeds,2771,21
Radish Seeds,2772,26
Radish Seeds,2773,13
Radish Seeds,2774,18
Radish Seeds,2775,22
Radish Seeds,2776,33
Radish Seeds,2777,21
Radish Seeds,2778,15
Radish Seeds,2779,22
Radish Seeds,2780,14
Radish Seeds,2781,18
Radish Seeds,2782,24
Radish Seeds,2783,22
Radish Seeds,2784,20
Radish Seeds,2785,14
Radish Seeds,2786,13
Radish Seeds,2787,16
Radish Seeds,2788,14
Radish Seeds,2789,24
Radish Seeds,2790,19
Radish Seeds,2791,29
Radish Seeds,2792,28
Radish Seeds,2793,14
Radish Seeds,2794,43
Radish Seeds,2795,19
Radish Seeds,2796,20
Radish Seeds,2797,20
Radish Seeds,2798,18
Radish Seeds,2799,14
Radish Seeds,2800,20
Radish Seeds,2801,17
Radish Seeds,2802,20
Radish Seeds,2803,21
Radish Seeds,2804,20
Radish Seeds,2805,21
Radish Seeds,2806,15
Radish Seeds,2807,21
Radish Seeds,2808,10
Radish Seeds,2809,35
Radish Seeds,2810,24
Radish Seeds,2811,15
Radish Seeds,2812,19
Radish Seeds,2813,20
Radish Seeds,2814,19
Radish Seeds,2815,27
Radish Seeds,2816,14
Radish Seeds,2817,22
Radish Seeds,2818,22
Radish Seeds,2819,25
Radish Seeds,2820,17
Radish Seeds,2821,14
Radish Seeds,2822,19
Radish Seeds,2823,20
Radish Seeds,2824,23
Radish Seeds,2825,22
Radish Seeds,2826,17
Radish Seeds,2827,24
Radish Seeds,2828,21
Radish Seeds,2829,25
Radish Seeds,2830,17
Radish Seeds,2831,24
Radish Seeds,2832,19
Radish Seeds,2833,28
Radish Seeds,2834,29
Radish Seeds,2835,17
Radish Seeds,2836,32
Radish Seeds,2837,24
Radish Seeds,2838,16
Radish Seeds,2839,12
Radish Seeds,2840,21
Radish Seeds,2841,11
Radish Seeds,2842,17
Radish Seeds,2843,21
Radish Seeds,2844,19
Radish Seeds,2845,20
Radish Seeds,2846,14
Radish Seeds,2847,23
Radish Seeds,2848,17
Radish Seeds,2849,10
Radish Seeds,2850,20
Radish Seeds,2851,44
Radish Seeds,2852,11
Radish Seeds,2853,19
Radish Seeds,2854,26
Radish Seeds,2855,13
Radish Seeds,2856,20
Radish Seeds,2857,11
Radish Seeds,2858,20
Radish Seeds,2859,11
Radish Seeds,2860,15
Radish Seeds,2861,13
Radish Seeds,2862,12
Radish Seeds,2863,33
Radish Seeds,2864,18
Radish Seeds,2865,16
Radish Seeds,2866,18
Radish Seeds,2867,31
Radish Seeds,2868,20
Radish Seeds,2869,19
Radish Seeds,2870,13
Radish Seeds,2871,27
Radish Seeds,2872,19
Radish Seeds,2873,22
Radish Seeds,2874,41
Radish Seeds,2875,14
Radish Seeds,2876,12
Radish Seeds,2877,18
Radish Seeds,2878,10
Radish Seeds,2879,16
Radish Seeds,2880,9
Radish Seeds,2881,12
Radish Seeds,2882,19
Radish Seeds,2883,28
Radish Seeds,2884,27
Radish Seeds,2885,33
Radish Seeds,2886,21
Radish Seeds,2887,21
Radish Seeds,2888,7
Radish Seeds,2889,18
Radish Seeds,2890,19
Radish Seeds,2891,18
Radish Seeds,2892,15
Radish Seeds,2893,28
Radish Seeds,2894,16
Radish Seeds,2895,15
Radish Seeds,2896,12
Radish Seeds,2897,26
Radish Seeds,2898,28
Radish Seeds,2899,12
Radish Seeds,2900,23
Radish Seeds,2901,16
Radish Seeds,2902,28
Radish Seeds,2903,16
Radish Seeds,2904,23
Radish Seeds,2905,19
Radish Seeds,2906,31
Radish Seeds,2907,15
Radish Seeds,2908,20
Radish Seeds,2909,21
Radish Seeds,2910,19
Radish Seeds,2911,25
Radish Seeds,2912,30
Radish Seeds,2913,29
Radish Seeds,2914,23
Radish Seeds,2915,18
Radish Seeds,2916,16
Radish Seeds,2917,18
Radish Seeds,2918,13
Radish Seeds,2919,34
Radish Seeds,2920,21
Radish Seeds,2921,13
Radish Seeds,2922,30
Radish Seeds,2923,19
Radish Seeds,2924,15
Radish Seeds,2925,19
Radish Seeds,2926,13
Radish Seeds,2927,19
Radish Seeds,2928,22
Radish Seeds,2929,18
Radish Seeds,2930,18
Radish Seeds,2931,27
Radish Seeds,2932,27
Radish Seeds,2933,13
Radish Seeds,2934,34
Radish Seeds,2935,28
Radish Seeds,2936,25
Radish Seeds,2937,19
Radish Seeds,2938,31
Radish Seeds,2939,14
Radish Seeds,2940,19
Radish Seeds,2941,40
Radish Seeds,2942,19
Radish Seeds,2943,18
Radish Seeds,2944,16
Radish Seeds,2945,17
Radish Seeds,2946,25
Radish Seeds,2947,13
Radish Seeds,2948,34
Radish Seeds,2949,13
Radish Seeds,2950,11
Radish Seeds,2951,7
Radish Seeds,2952,19
Radish Seeds,2953,26
Radish Seeds,2954,20
Radish Seeds,2955,20
Radish Seeds,2956,15
Radish Seeds,2957,18
Radish Seeds,2958,21
Radish Seeds,2959,13
Radish Seeds,2960,15
Radish Seeds,2961,16
Radish Seeds,2962,25
Radish Seeds,2963,21
Radish Seeds,2964,26
Radish Seeds,2965,31
Radish Seeds,2966,15
Radish Seeds,2967,18
Radish Seeds,2968,28
Radish Seeds,2969,19
Radish Seeds,2970,19
Radish Seeds,2971,26
Radish Seeds,2972,12
Radish Seeds,2973,18
Radish Seeds,2974,22
Radish Seeds,2975,16
Radish Seeds,2976,15
Radish Seeds,2977,18
Radish Seeds,2978,25
Radish Seeds,2979,32
Radish Seeds,2980,15
Radish Seeds,2981,20
Radish Seeds,2982,18
Radish Seeds,2983,16
Radish Seeds,2984,13
Radish Seeds,2985,20
Radish Seeds,2986,33
Radish Seeds,2987,23
Radish Seeds,2988,17
Radish Seeds,2989,18
Radish Seeds,2990,12
Radish Seeds,2991,15
Radish Seeds,2992,14
Radish Seeds,2993,28
Radish Seeds,2994,20
Radish Seeds,2995,25
Radish Seeds,2996,27
Radish Seeds,2997,17
Radish Seeds,2998,22
Radish Seeds,2999,17
Sugar Cane,0,13
Sugar Cane,1,13
Sugar Cane,2,18
Sugar Cane,3,9
Sugar Cane,4,15
Sugar Cane,5,12
Sugar Cane,6,13
Sugar Cane,7,19
Sugar Cane,8,15
Sugar Cane,9,16
Sugar Cane,10,12
Sugar Cane,11,12
Sugar Cane,12,11
Sugar Cane,13,19
Sugar Cane,14,11
Sugar Cane,15,12
Sugar Cane,16,20
Sugar Cane,17,11
Sugar Cane,18,11
Sugar Cane,19,13
Sugar Cane,20,12
Sugar Cane,21,13
Sugar Cane,22,10
Sugar Cane,23,12
Sugar Cane,24,24
Sugar Cane,25,12
Sugar Cane,26,8
Sugar Cane,27,11
Sugar Cane,28,11
Sugar Cane,29,27
Sugar Cane,30,9
Sugar Cane,31,13
Sugar Cane,32,16
Sugar Cane,33,13
Sugar Cane,34,14
Sugar Cane,35,12
Sugar Cane,36,9
Sugar Cane,37,14
Sugar Cane,38,10
Sugar Cane,39,22
Sugar Cane,40,17
Sugar Cane,41,11
Sugar Cane,42,13
Sugar Cane,43,14
Sugar Cane,44,12
Sugar Cane,45,12
Sugar Cane,46,17
Sugar Cane,47,7
Sugar Cane,48,14
Sugar Cane,49,12
Sugar Cane,50,14
Sugar Cane,51,14
Sugar Cane,52,14
Sugar Cane,53,14
Sugar Cane,54,15
Sugar Cane,55,13
Sugar Cane,56,12
Sugar Cane,57,22
Sugar Cane,58,14
Sugar Cane,59,17
Sugar Cane,60,16
Sugar Cane,61,12
Sugar Cane,62,19
Sugar Cane,63,16
Sugar Cane,64,11
Sugar Cane,65,15
Sugar Cane,66,15
Sugar Cane,67,19
Sugar Cane,68,9
Sugar Cane,69,10
Sugar Cane,70,10
Sugar Cane,71,9
Sugar Cane,72,13
Sugar Cane,73,13
Sugar Cane,74,8
Sugar Cane,75,10
Sugar Cane,76,11
Sugar Cane,77,15
Sugar Cane,78,22
Sugar Cane,79,22
Sugar Cane,80,9
Sugar Cane,81,14
Sugar Cane,82,13
Sugar Cane,83,20
Sugar Cane,84,22
Sugar Cane,85,11
Sugar Cane,86,15
Sugar Cane,87,14
Sugar Cane,88,17
Sugar Cane,89,13
Sugar Cane,90,11
Sugar Cane,91,19
Sugar Cane,92,18
Sugar Cane,93,15
Sugar Cane,94,12
Sugar Cane,95,19
Sugar Cane,96,15
Sugar Cane,97,19
Sugar Cane,98,14
Sugar Cane,99,8
Sugar Cane,100,18
Sugar Cane,101,10
Sugar Cane,102,10
Sugar Cane,103,9
Sugar Cane,104,14
Sugar Cane,105,14
Sugar Cane,106,19
Sugar Cane,107,8
Sugar Cane,108,17
Sugar Cane,109,10
Sugar Cane,110,14
Sugar Cane,111,10
Sugar Cane,112,11
Sugar Cane,113,14
Sugar Cane,114,11
Sugar Cane,115,10
Sugar Cane,116,14
Sugar Cane,117,13
Sugar Cane,118,17
Sugar Cane,119,15
Sugar Cane,120,19
Sugar Cane,121,14
Sugar Cane,122,9
Sugar Cane,123,10
Sugar Cane,124,14
Sugar Cane,125,8
Sugar Cane,126,15
Sugar Cane,127,10
Sugar Cane,128,12
Sugar Cane,129,7
Sugar Cane,130,10
Sugar Cane,131,13
Sugar Cane,132,10
Sugar Cane,133,12
Sugar Cane,134,22
Sugar Cane,135,8
Sugar Cane,136,15
Sugar Cane,137,17
Sugar Cane,138,12
Sugar Cane,139,10
Sugar Cane,140,19
Sugar Cane,141,23
Sugar Cane,142,14
Sugar Cane,143,12
Sugar Cane,144,17
Sugar Cane,145,24
Sugar Cane,146,20
Sugar Cane,147,15
Sugar Cane,148,23
Sugar Cane,149,11
Sugar Cane,150,14
Sugar Cane,151,15
Sugar Cane,152,11
Sugar Cane,153,14
Sugar Cane,154,12
Sugar Cane,155,10
Sugar Cane,156,16
Sugar Cane,157,10
Sugar Cane,158,12
Sugar Cane,159,11
Sugar Cane,160,17
Sugar Cane,161,14
Sugar Cane,162,15
Sugar Cane,163,18
Sugar Cane,164,11
Sugar Cane,165,15
Sugar Cane,166,12
Sugar Cane,167,15
Sugar Cane,168,9
Sugar Cane,169,13
Sugar Cane,170,9
Sugar Cane,171,11
Sugar Cane,172,18
Sugar Cane,173,16
Sugar Cane,174,15
Sugar Cane,175,15
Sugar Cane,176,12
Sugar Cane,177,16
Sugar Cane,178,11
Sugar Cane,179,10
Sugar Cane,180,13
Sugar Cane,181,9
Sugar Cane,182,14
Sugar Cane,183,11
Sugar Cane,184,12
Sugar Cane,185,14
Sugar Cane,186,12
Sugar Cane,187,13
Sugar Cane,188,13
Sugar Cane,189,20
Sugar Cane,190,9
Sugar Cane,191,13
Sugar Cane,192,11
Sugar Cane,193,16
Sugar Cane,194,15
Sugar Cane,195,12
Sugar Cane,196,9
Sugar Cane,197,11
Sugar Cane,198,17
Sugar Cane,199,20
Sugar Cane,200,17
Sugar Cane,201,11
Sugar Cane,202,22
Sugar Cane,203,18
Sugar Cane,204,13
Sugar Cane,205,26
Sugar Cane,206,13
Sugar Cane,207,13
Sugar Cane,208,7
Sugar Cane,209,9
Sugar Cane,210,12
Sugar Cane,211,10
Sugar Cane,212,13
Sugar Cane,213,19
Sugar Cane,214,13
Sugar Cane,215,8
Sugar Cane,216,17
Sugar Cane,217,9
Sugar Cane,218,11
Sugar Cane,219,11
Sugar Cane,220,20
Sugar Cane,221,12
Sugar Cane,222,12
Sugar Cane,223,20
Sugar Cane,224,14
Sugar Cane,225,15
Sugar Cane,226,16
Sugar Cane,227,10
Sugar Cane,228,14
Sugar Cane,229,8
Sugar Cane,230,16
Sugar Cane,231,18
Sugar Cane,232,17
Sugar Cane,233,11
Sugar Cane,234,14
Sugar Cane,235,13
Sugar Cane,236,14
Sugar Cane,237,18
Sugar Cane,238,14
Sugar Cane,239,20
Sugar Cane,240,12
Sugar Cane,241,11
Sugar Cane,242,9
Sugar Cane,243,12
Sugar Cane,244,10
Sugar Cane,245,22
Sugar Cane,246,8
Sugar Cane,247,11
Sugar Cane,248,8
Sugar Cane,249,10
Sugar Cane,250,10
Sugar Cane,251,11
Sugar Cane,252,13
Sugar Cane,253,8
Sugar Cane,254,9
Sugar Cane,255,23
Sugar Cane,256,7
Sugar Cane,257,12
Sugar Cane,258,12
Sugar Cane,259,13
Sugar Cane,260,15
Sugar Cane,261,16
Sugar Cane,262,10
Sugar Cane,263,8
Sugar Cane,264,16
Sugar Cane,265,10
Sugar Cane,266,17
Sugar Cane,267,10
Sugar Cane,268,12
Sugar Cane,269,14
Sugar Cane,270,10
Sugar Cane,271,10
Sugar Cane,272,15
Sugar Cane,273,16
Sugar Cane,274,12
Sugar Cane,275,22
Sugar Cane,276,16
Sugar Cane,277,8
Sugar Cane,278,10
Sugar Cane,279,11
Sugar Cane,280,13
Sugar Cane,281,15
Sugar Cane,282,21
Sugar Cane,283,13
Sugar Cane,284,17
Sugar Cane,285,15
Sugar Cane,286,14
Sugar Cane,287,10
Sugar Cane,288,13
Sugar Cane,289,15
Sugar Cane,290,9
Sugar Cane,291,18
Sugar Cane,292,11
Sugar Cane,293,10
Sugar Cane,294,16
Sugar Cane,295,9
Sugar Cane,296,14
Sugar Cane,297,17
Sugar Cane,298,11
Sugar Cane,299,8
Sugar Cane,300,10
Sugar Cane,301,22
Sugar Cane,302,20
Sugar Cane,303,9
Sugar Cane,304,16
Sugar Cane,305,11
Sugar Cane,306,14
Sugar Cane,307,17
Sugar Cane,308,9
Sugar Cane,309,22
Sugar Cane,310,16
Sugar Cane,311,11
Sugar Cane,312,13
Sugar Cane,313,14
Sugar Cane,314,17
Sugar Cane,315,8
Sugar Cane,316,10
Sugar Cane,317,13
Sugar Cane,318,14
Sugar Cane,319,12
Sugar Cane,320,9
Sugar Cane,321,13
Sugar Cane,322,17
Sugar Cane,323,8
Sugar Cane,324,17
Sugar Cane,325,10
Sugar Cane,326,19
Sugar Cane,327,12
Sugar Cane,328,16
Sugar Cane,329,15
Sugar Cane,330,10
Sugar Cane,331,11
Sugar Cane,332,10
Sugar Cane,333,9
Sugar Cane,334,13
Sugar Cane,335,10
Sugar Cane,336,15
Sugar Cane,337,10
Sugar Cane,338,8
Sugar Cane,339,34
Sugar Cane,340,24
Sugar Cane,341,32
Sugar Cane,342,26
Sugar Cane,343,16
Sugar Cane,344,17
Sugar Cane,345,26
Sugar Cane,346,34
Sugar Cane,347,24
Sugar Cane,348,10
Sugar Cane,349,25
Sugar Cane,350,22
Sugar Cane,351,27
Sugar Cane,352,34
Sugar Cane,353,18
Sugar Cane,354,14
Sugar Cane,355,20
Sugar Cane,356,8
Sugar Cane,357,21
Sugar Cane,358,18
Sugar Cane,359,29
Sugar Cane,360,25
Sugar Cane,361,15
Sugar Cane,362,21
Sugar Cane,363,12
Sugar Cane,364,22
Sugar Cane,365,18
Sugar Cane,366,32
Sugar Cane,367,25
Sugar Cane,368,38
Sugar Cane,369,16
Sugar Cane,370,36
Sugar Cane,371,23
Sugar Cane,372,14
Sugar Cane,373,24
Sugar Cane,374,16
Sugar Cane,375,20
Sugar Cane,376,13
Sugar Cane,377,17
Sugar Cane,378,30
Sugar Cane,379,14
Sugar Cane,380,20
Sugar Cane,381,13
Sugar Cane,382,26
Sugar Cane,383,19
Sugar Cane,384,30
Sugar Cane,385,15
Sugar Cane,386,20
Sugar Cane,387,12
Sugar Cane,388,14
Sugar Cane,389,20
Sugar Cane,390,20
Sugar Cane,391,33
Sugar Cane,392,12
Sugar Cane,393,29
Sugar Cane,394,28
Sugar Cane,395,27
Sugar Cane,396,23
Sugar Cane,397,17
Sugar Cane,398,41
Sugar Cane,399,22
Sugar Cane,400,24
Sugar Cane,401,13
Sugar Cane,402,9
Sugar Cane,403,11
Sugar Cane,404,12
Sugar Cane,405,15
Sugar Cane,406,13
Sugar Cane,407,11
Sugar Cane,408,11
Sugar Cane,409,9
Sugar Cane,410,15
Sugar Cane,411,10
Sugar Cane,412,17
Sugar Cane,413,8
Sugar Cane,414,13
Sugar Cane,415,12
Sugar Cane,416,16
Sugar Cane,417,15
Sugar Cane,418,16
Sugar Cane,419,11
Sugar Cane,420,11
Sugar Cane,421,12
Sugar Cane,422,13
Sugar Cane,423,12
Sugar Cane,424,12
Sugar Cane,425,12
Sugar Cane,426,12
Sugar Cane,427,11
Sugar Cane,428,16
Sugar Cane,429,9
Sugar Cane,430,15
Sugar Cane,431,9
Sugar Cane,432,11
Sugar Cane,433,10
Sugar Cane,434,14
Sugar Cane,435,10
Sugar Cane,436,14
Sugar Cane,437,8
Sugar Cane,438,9
Sugar Cane,439,15
Sugar Cane,440,9
Sugar Cane,441,12
Sugar Cane,442,16
Sugar Cane,443,14
Sugar Cane,444,14
Sugar Cane,445,7
Sugar Cane,446,16
Sugar Cane,447,28
Sugar Cane,448,13
Sugar Cane,449,13
Sugar Cane,450,16
Sugar Cane,451,13
Sugar Cane,452,14
Sugar Cane,453,12
Sugar Cane,454,12
Sugar Cane,455,11
Sugar Cane,456,14
Sugar Cane,457,11
Sugar Cane,458,14
Sugar Cane,459,14
Sugar Cane,460,11
Sugar Cane,461,14
Sugar Cane,462,9
Sugar Cane,463,14
Sugar Cane,464,10
Sugar Cane,465,12
Sugar Cane,466,8
Sugar Cane,467,17
Sugar Cane,468,18
Sugar Cane,469,16
Sugar Cane,470,14
Sugar Cane,471,14
Sugar Cane,472,12
Sugar Cane,473,7
Sugar Cane,474,10
Sugar Cane,475,15
Sugar Cane,476,13
Sugar Cane,477,10
Sugar Cane,478,13
Sugar Cane,479,9
Sugar Cane,480,10
Sugar Cane,481,14
Sugar Cane,482,9
Sugar Cane,483,11
Sugar Cane,484,10
Sugar Cane,485,8
Sugar Cane,486,10
Sugar Cane,487,17
Sugar Cane,488,12
Sugar Cane,489,11
Sugar Cane,490,15
Sugar Cane,491,23
Sugar Cane,492,14
Sugar Cane,493,13
Sugar Cane,494,15
Sugar Cane,495,13
Sugar Cane,496,10
Sugar Cane,497,10
Sugar Cane,498,10
Sugar Cane,499,13
Sugar Cane,500,10
Sugar Cane,501,11
Sugar Cane,502,16
Sugar Cane,503,13
Sugar Cane,504,17
Sugar Cane,505,8
Sugar Cane,506,16
Sugar Cane,507,11
Sugar Cane,508,17
Sugar Cane,509,8
Sugar Cane,510,14
Sugar Cane,511,15
Sugar Cane,512,11
Sugar Cane,513,8
Sugar Cane,514,15
Sugar Cane,515,14
Sugar Cane,516,16
Sugar Cane,517,16
Sugar Cane,518,13
Sugar Cane,519,19
Sugar Cane,520,11
Sugar Cane,521,11
Sugar Cane,522,12
Sugar Cane,523,12
Sugar Cane,524,11
Sugar Cane,525,11
Sugar Cane,526,10
Sugar Cane,527,15
Sugar Cane,528,8
Sugar Cane,529,9
Sugar Cane,530,14
Sugar Cane,531,12
Sugar Cane,532,12
Sugar Cane,533,11
Sugar Cane,534,13
Sugar Cane,535,15
Sugar Cane,536,13
Sugar Cane,537,11
Sugar Cane,538,11
Sugar Cane,539,11
Sugar Cane,540,20
Sugar Cane,541,13
Sugar Cane,542,14
Sugar Cane,543,12
Sugar Cane,544,9
Sugar Cane,545,13
Sugar Cane,546,15
Sugar Cane,547,19
Sugar Cane,548,13
Sugar Cane,549,11
Sugar Cane,550,10
Sugar Cane,551,15
Sugar Cane,552,10
Sugar Cane,553,12
Sugar Cane,554,9
Sugar Cane,555,20
Sugar Cane,556,20
Sugar Cane,557,15
Sugar Cane,558,12
Sugar Cane,559,10
Sugar Cane,560,10
Sugar Cane,561,19
Sugar Cane,562,12
Sugar Cane,563,13
Sugar Cane,564,13
Sugar Cane,565,12
Sugar Cane,566,18
Sugar Cane,567,18
Sugar Cane,568,11
Sugar Cane,569,13
Sugar Cane,570,14
Sugar Cane,571,15
Sugar Cane,572,16
Sugar Cane,573,11
Sugar Cane,574,7
Sugar Cane,575,14
Sugar Cane,576,15
Sugar Cane,577,22
Sugar Cane,578,14
Sugar Cane,579,12
Sugar Cane,580,14
Sugar Cane,581,14
Sugar Cane,582,15
Sugar Cane,583,9
Sugar Cane,584,8
Sugar Cane,585,14
Sugar Cane,586,14
Sugar Cane,587,13
Sugar Cane,588,11
Sugar Cane,589,15
Sugar Cane,590,17
Sugar Cane,591,12
Sugar Cane,592,17
Sugar Cane,593,13
Sugar Cane,594,19
Sugar Cane,595,10
Sugar Cane,596,13
Sugar Cane,597,16
Sugar Cane,598,14
Sugar Cane,599,12
Sugar Cane,600,12
Sugar Cane,601,10
Sugar Cane,602,18
Sugar Cane,603,19
Sugar Cane,604,13
Sugar Cane,605,14
Sugar Cane,606,10
Sugar Cane,607,13
Sugar Cane,608,11
Sugar Cane,609,22
Sugar Cane,610,10
Sugar Cane,611,15
Sugar Cane,612,12
Sugar Cane,613,21
Sugar Cane,614,13
Sugar Cane,615,12
Sugar Cane,616,13
Sugar Cane,617,13
Sugar Cane,618,10
Sugar Cane,619,16
Sugar Cane,620,9
Sugar Cane,621,9
Sugar Cane,622,21
Sugar Cane,623,12
Sugar Cane,624,16
Sugar Cane,625,17
Sugar Cane,626,12
Sugar Cane,627,9
Sugar Cane,628,17
Sugar Cane,629,10
Sugar Cane,630,16
Sugar Cane,631,11
Sugar Cane,632,9
Sugar Cane,633,12
Sugar Cane,634,13
Sugar Cane,635,16
Sugar Cane,636,14
Sugar Cane,637,13
Sugar Cane,638,10
Sugar Cane,639,12
Sugar Cane,640,14
Sugar Cane,641,12
Sugar Cane,642,9
Sugar Cane,643,19
Sugar Cane,644,9
Sugar Cane,645,16
Sugar Cane,646,8
Sugar Cane,647,17
Sugar Cane,648,9
Sugar Cane,649,8
Sugar Cane,650,10
Sugar Cane,651,13
Sugar Cane,652,11
Sugar Cane,653,11
Sugar Cane,654,12
Sugar Cane,655,8
Sugar Cane,656,11
Sugar Cane,657,13
Sugar Cane,658,14
Sugar Cane,659,17
Sugar Cane,660,19
Sugar Cane,661,10
Sugar Cane,662,11
Sugar Cane,663,10
Sugar Cane,664,15
Sugar Cane,665,11
Sugar Cane,666,15
Sugar Cane,667,11
Sugar Cane,668,14
Sugar Cane,669,13
Sugar Cane,670,13
Sugar Cane,671,10
Sugar Cane,672,9
Sugar Cane,673,10
Sugar Cane,674,9
Sugar Cane,675,15
Sugar Cane,676,12
Sugar Cane,677,10
Sugar Cane,678,20
Sugar Cane,679,10
Sugar Cane,680,10
Sugar Cane,681,9
Sugar Cane,682,13
Sugar Cane,683,8
Sugar Cane,684,15
Sugar Cane,685,10
Sugar Cane,686,13
Sugar Cane,687,15
Sugar Cane,688,16
Sugar Cane,689,11
Sugar Cane,690,18
Sugar Cane,691,11
Sugar Cane,692,16
Sugar Cane,693,17
Sugar Cane,694,15
Sugar Cane,695,19
Sugar Cane,696,10
Sugar Cane,697,20
Sugar Cane,698,14
Sugar Cane,699,15
Sugar Cane,700,11
Sugar Cane,701,11
Sugar Cane,702,14
Sugar Cane,703,13
Sugar Cane,704,16
Sugar Cane,705,13
Sugar Cane,706,17
Sugar Cane,707,12
Sugar Cane,708,8
Sugar Cane,709,13
Sugar Cane,710,12
Sugar Cane,711,16
Sugar Cane,712,14
Sugar Cane,713,13
Sugar Cane,714,13
Sugar Cane,715,12
Sugar Cane,716,13
Sugar Cane,717,19
Sugar Cane,718,13
Sugar Cane,719,13
Sugar Cane,720,21
Sugar Cane,721,19
Sugar Cane,722,13
Sugar Cane,723,14
Sugar Cane,724,10
Sugar Cane,725,16
Sugar Cane,726,8
Sugar Cane,727,9
Sugar Cane,728,9
Sugar Cane,729,11
Sugar Cane,730,13
Sugar Cane,731,12
Sugar Cane,732,8
Sugar Cane,733,18
Sugar Cane,734,9
Sugar Cane,735,11
Sugar Cane,736,20
Sugar Cane,737,18
Sugar Cane,738,14
Sugar Cane,739,12
Sugar Cane,740,11
Sugar Cane,741,8
Sugar Cane,742,13
Sugar Cane,743,12
Sugar Cane,744,14
Sugar Cane,745,18
Sugar Cane,746,10
Sugar Cane,747,12
Sugar Cane,748,13
Sugar Cane,749,8
Sugar Cane,750,17
Sugar Cane,751,9
Sugar Cane,752,20
Sugar Cane,753,10
Sugar Cane,754,14
Sugar Cane,755,16
Sugar Cane,756,11
Sugar Cane,757,11
Sugar Cane,758,16
Sugar Cane,759,16
Sugar Cane,760,13
Sugar Cane,761,15
Sugar Cane,762,12
Sugar Cane,763,15
Sugar Cane,764,11
Sugar Cane,765,11
Sugar Cane,766,7
Sugar Cane,767,9
Sugar Cane,768,14
Sugar Cane,769,11
Sugar Cane,770,14
Sugar Cane,771,21
Sugar Cane,772,13
Sugar Cane,773,7
Sugar Cane,774,15
Sugar Cane,775,10
Sugar Cane,776,10
Sugar Cane,777,12
Sugar Cane,778,13
Sugar Cane,779,17
Sugar Cane,780,9
Sugar Cane,781,16
Sugar Cane,782,11
Sugar Cane,783,13
Sugar Cane,784,12
Sugar Cane,785,11
Sugar Cane,786,13
Sugar Cane,787,15
Sugar Cane,788,9
Sugar Cane,789,12
Sugar Cane,790,11
Sugar Cane,791,14
Sugar Cane,792,15
Sugar Cane,793,16
Sugar Cane,794,10
Sugar Cane,795,13
Sugar Cane,796,11
Sugar Cane,797,11
Sugar Cane,798,7
Sugar Cane,799,13
Sugar Cane,800,10
Sugar Cane,801,16
Sugar Cane,802,14
Sugar Cane,803,11
Sugar Cane,804,23
Sugar Cane,805,9
Sugar Cane,806,10
Sugar Cane,807,12
Sugar Cane,808,17
Sugar Cane,809,10
Sugar Cane,810,18
Sugar Cane,811,9
Sugar Cane,812,16
Sugar Cane,813,10
Sugar Cane,814,16
Sugar Cane,815,9
Sugar Cane,816,9
Sugar Cane,817,24
Sugar Cane,818,7
Sugar Cane,819,19
Sugar Cane,820,16
Sugar Cane,821,11
Sugar Cane,822,11
Sugar Cane,823,20
Sugar Cane,824,15
Sugar Cane,825,9
Sugar Cane,826,18
Sugar Cane,827,12
Sugar Cane,828,14
Sugar Cane,829,11
Sugar Cane,830,9
Sugar Cane,831,9
Sugar Cane,832,11
Sugar Cane,833,12
Sugar Cane,834,17
Sugar Cane,835,9
Sugar Cane,836,13
Sugar Cane,837,14
Sugar Cane,838,9
Sugar Cane,839,12
Sugar Cane,840,13
Sugar Cane,841,20
Sugar Cane,842,25
Sugar Cane,843,17
Sugar Cane,844,12
Sugar Cane,845,15
Sugar Cane,846,10
Sugar Cane,847,13
Sugar Cane,848,10
Sugar Cane,849,13
Sugar Cane,850,11
Sugar Cane,851,8
Sugar Cane,852,14
Sugar Cane,853,17
Sugar Cane,854,14
Sugar Cane,855,10
Sugar Cane,856,20
Sugar Cane,857,7
Sugar Cane,858,14
Sugar Cane,859,9
Sugar Cane,860,13
Sugar Cane,861,10
Sugar Cane,862,12
Sugar Cane,863,19
Sugar Cane,864,14
Sugar Cane,865,13
Sugar Cane,866,14
Sugar Cane,867,10
Sugar Cane,868,10
Sugar Cane,869,20
Sugar Cane,870,13
Sugar Cane,871,15
Sugar Cane,872,12
Sugar Cane,873,16
Sugar Cane,874,18
Sugar Cane,875,9
Sugar Cane,876,8
Sugar Cane,877,21
Sugar Cane,878,10
Sugar Cane,879,20
Sugar Cane,880,11
Sugar Cane,881,21
Sugar Cane,882,17
Sugar Cane,883,11
Sugar Cane,884,11
Sugar Cane,885,10
Sugar Cane,886,11
Sugar Cane,887,25
Sugar Cane,888,9
Sugar Cane,889,11
Sugar Cane,890,14
Sugar Cane,891,7
Sugar Cane,892,11
Sugar Cane,893,15
Sugar Cane,894,13
Sugar Cane,895,12
Sugar Cane,896,13
Sugar Cane,897,13
Sugar Cane,898,14
Sugar Cane,899,13
Sugar Cane,900,20
Sugar Cane,901,11
Sugar Cane,902,9
Sugar Cane,903,11
Sugar Cane,904,12
Sugar Cane,905,15
Sugar Cane,906,12
Sugar Cane,907,10
Sugar Cane,908,10
Sugar Cane,909,13
Sugar Cane,910,24
Sugar Cane,911,11
Sugar Cane,912,8
Sugar Cane,913,15
Sugar Cane,914,7
Sugar Cane,915,9
Sugar Cane,916,14
Sugar Cane,917,15
Sugar Cane,918,19
Sugar Cane,919,9
Sugar Cane,920,7
Sugar Cane,921,13
Sugar Cane,922,15
Sugar Cane,923,16
Sugar Cane,924,15
Sugar Cane,925,12
Sugar Cane,926,11
Sugar Cane,927,27
Sugar Cane,928,10
Sugar Cane,929,10
Sugar Cane,930,14
Sugar Cane,931,13
Sugar Cane,932,15
Sugar Cane,933,12
Sugar Cane,934,14
Sugar Cane,935,12
Sugar Cane,936,11
Sugar Cane,937,15
Sugar Cane,938,11
Sugar Cane,939,13
Sugar Cane,940,17
Sugar Cane,941,8
Sugar Cane,942,9
Sugar Cane,943,13
Sugar Cane,944,12
Sugar Cane,945,10
Sugar Cane,946,17
Sugar Cane,947,13
Sugar Cane,948,16
Sugar Cane,949,9
Sugar Cane,950,15
Sugar Cane,951,13
Sugar Cane,952,8
Sugar Cane,953,11
Sugar Cane,954,14
Sugar Cane,955,10
Sugar Cane,956,19
Sugar Cane,957,14
Sugar Cane,958,15
Sugar Cane,959,15
Sugar Cane,960,15
Sugar Cane,961,16
Sugar Cane,962,9
Sugar Cane,963,15
Sugar Cane,964,14
Sugar Cane,965,15
Sugar Cane,966,10
Sugar Cane,967,15
Sugar Cane,968,13
Sugar Cane,969,8
Sugar Cane,970,9
Sugar Cane,971,15
Sugar Cane,972,15
Sugar Cane,973,16
Sugar Cane,974,11
Sugar Cane,975,13
Sugar Cane,976,12
Sugar Cane,977,17
Sugar Cane,978,15
Sugar Cane,979,17
Sugar Cane,980,11
Sugar Cane,981,12
Sugar Cane,982,10
Sugar Cane,983,16
Sugar Cane,984,13
Sugar Cane,985,15
Sugar Cane,986,11
Sugar Cane,987,15
Sugar Cane,988,13
Sugar Cane,989,11
Sugar Cane,990,8
Sugar Cane,991,16
Sugar Cane,992,15
Sugar Cane,993,12
Sugar Cane,994,11
Sugar Cane,995,11
Sugar Cane,996,10
Sugar Cane,997,9
Sugar Cane,998,11
Sugar Cane,999,12
Sugar Cane,1000,12
Sugar Cane,1001,14
Sugar Cane,1002,24
Sugar Cane,1003,15
Sugar Cane,1004,14
Sugar Cane,1005,16
Sugar Cane,1006,14
Sugar Cane,1007,13
Sugar Cane,1008,12
Sugar Cane,1009,10
Sugar Cane,1010,15
Sugar Cane,1011,10
Sugar Cane,1012,11
Sugar Cane,1013,17
Sugar Cane,1014,10
Sugar Cane,1015,13
Sugar Cane,1016,10
Sugar Cane,1017,20
Sugar Cane,1018,8
Sugar Cane,1019,12
Sugar Cane,1020,15
Sugar Cane,1021,10
Sugar Cane,1022,7
Sugar Cane,1023,13
Sugar Cane,1024,8
Sugar Cane,1025,14
Sugar Cane,1026,8
Sugar Cane,1027,13
Sugar Cane,1028,8
Sugar Cane,1029,13
Sugar Cane,1030,14
Sugar Cane,1031,11
Sugar Cane,1032,23
Sugar Cane,1033,12
Sugar Cane,1034,14
Sugar Cane,1035,12
Sugar Cane,1036,10
Sugar Cane,1037,10
Sugar Cane,1038,16
Sugar Cane,1039,13
Sugar Cane,1040,12
Sugar Cane,1041,11
Sugar Cane,1042,15
Sugar Cane,1043,10
Sugar Cane,1044,12
Sugar Cane,1045,12
Sugar Cane,1046,12
Sugar Cane,1047,14
Sugar Cane,1048,18
Sugar Cane,1049,12
Sugar Cane,1050,10
Sugar Cane,1051,10
Sugar Cane,1052,11
Sugar Cane,1053,13
Sugar Cane,1054,17
Sugar Cane,1055,11
Sugar Cane,1056,17
Sugar Cane,1057,10
Sugar Cane,1058,11
Sugar Cane,1059,16
Sugar Cane,1060,11
Sugar Cane,1061,16
Sugar Cane,1062,17
Sugar Cane,1063,10
Sugar Cane,1064,15
Sugar Cane,1065,9
Sugar Cane,1066,7
Sugar Cane,1067,10
Sugar Cane,1068,10
Sugar Cane,1069,13
Sugar Cane,1070,17
Sugar Cane,1071,9
Sugar Cane,1072,15
Sugar Cane,1073,18
Sugar Cane,1074,15
Sugar Cane,1075,18
Sugar Cane,1076,14
Sugar Cane,1077,9
Sugar Cane,1078,15
Sugar Cane,1079,13
Sugar Cane,1080,14
Sugar Cane,1081,11
Sugar Cane,1082,8
Sugar Cane,1083,20
Sugar Cane,1084,9
Sugar Cane,1085,13
Sugar Cane,1086,10
Sugar Cane,1087,16
Sugar Cane,1088,12
Sugar Cane,1089,18
Sugar Cane,1090,9
Sugar Cane,1091,11
Sugar Cane,1092,14
Sugar Cane,1093,17
Sugar Cane,1094,11
Sugar Cane,1095,14
Sugar Cane,1096,16
Sugar Cane,1097,17
Sugar Cane,1098,12
Sugar Cane,1099,11
Sugar Cane,1100,12
Sugar Cane,1101,12
Sugar Cane,1102,12
Sugar Cane,1103,13
Sugar Cane,1104,10
Sugar Cane,1105,11
Sugar Cane,1106,10
Sugar Cane,1107,13
Sugar Cane,1108,10
Sugar Cane,1109,12
Sugar Cane,1110,12
Sugar Cane,1111,9
Sugar Cane,1112,17
Sugar Cane,1113,11
Sugar Cane,1114,16
Sugar Cane,1115,13
Sugar Cane,1116,14
Sugar Cane,1117,21
Sugar Cane,1118,12
Sugar Cane,1119,21
Sugar Cane,1120,12
Sugar Cane,1121,13
Sugar Cane,1122,10
Sugar Cane,1123,7
Sugar Cane,1124,15
Sugar Cane,1125,15
Sugar Cane,1126,10
Sugar Cane,1127,14
Sugar Cane,1128,13
Sugar Cane,1129,15
Sugar Cane,1130,21
Sugar Cane,1131,16
Sugar Cane,1132,14
Sugar Cane,1133,11
Sugar Cane,1134,12
Sugar Cane,1135,8
Sugar Cane,1136,19
Sugar Cane,1137,11
Sugar Cane,1138,15
Sugar Cane,1139,13
Sugar Cane,1140,14
Sugar Cane,1141,19
Sugar Cane,1142,9
Sugar Cane,1143,17
Sugar Cane,1144,15
Sugar Cane,1145,10
Sugar Cane,1146,11
Sugar Cane,1147,15
Sugar Cane,1148,21
Sugar Cane,1149,7
Sugar Cane,1150,9
Sugar Cane,1151,17
Sugar Cane,1152,13
Sugar Cane,1153,12
Sugar Cane,1154,20
Sugar Cane,1155,8
Sugar Cane,1156,11
Sugar Cane,1157,9
Sugar Cane,1158,10
Sugar Cane,1159,11
Sugar Cane,1160,17
Sugar Cane,1161,16
Sugar Cane,1162,12
Sugar Cane,1163,12
Sugar Cane,1164,14
Sugar Cane,1165,9
Sugar Cane,1166,8
Sugar Cane,1167,14
Sugar Cane,1168,14
Sugar Cane,1169,10
Sugar Cane,1170,11
Sugar Cane,1171,12
Sugar Cane,1172,14
Sugar Cane,1173,8
Sugar Cane,1174,16
Sugar Cane,1175,18
Sugar Cane,1176,14
Sugar Cane,1177,15
Sugar Cane,1178,16
Sugar Cane,1179,13
Sugar Cane,1180,15
Sugar Cane,1181,10
Sugar Cane,1182,17
Sugar Cane,1183,18
Sugar Cane,1184,14
Sugar Cane,1185,15
Sugar Cane,1186,12
Sugar Cane,1187,12
Sugar Cane,1188,8
Sugar Cane,1189,16
Sugar Cane,1190,16
Sugar Cane,1191,12
Sugar Cane,1192,15
Sugar Cane,1193,18
Sugar Cane,1194,9
Sugar Cane,1195,11
Sugar Cane,1196,13
Sugar Cane,1197,9
Sugar Cane,1198,11
Sugar Cane,1199,11
Sugar Cane,1200,11
Sugar Cane,1201,17
Sugar Cane,1202,16
Sugar Cane,1203,11
Sugar Cane,1204,8
Sugar Cane,1205,15
Sugar Cane,1206,11
Sugar Cane,1207,18
Sugar Cane,1208,16
Sugar Cane,1209,13
Sugar Cane,1210,16
Sugar Cane,1211,13
Sugar Cane,1212,8
Sugar Cane,1213,13
Sugar Cane,1214,12
Sugar Cane,1215,16
Sugar Cane,1216,11
Sugar Cane,1217,8
Sugar Cane,1218,15
Sugar Cane,1219,8
Sugar Cane,1220,12
Sugar Cane,1221,10
Sugar Cane,1222,17
Sugar Cane,1223,13
Sugar Cane,1224,21
Sugar Cane,1225,12
Sugar Cane,1226,13
Sugar Cane,1227,11
Sugar Cane,1228,12
Sugar Cane,1229,12
Sugar Cane,1230,11
Sugar Cane,1231,12
Sugar Cane,1232,9
Sugar Cane,1233,15
Sugar Cane,1234,16
Sugar Cane,1235,13
Sugar Cane,1236,12
Sugar Cane,1237,16
Sugar Cane,1238,10
Sugar Cane,1239,8
Sugar Cane,1240,8
Sugar Cane,1241,8
Sugar Cane,1242,9
Sugar Cane,1243,9
Sugar Cane,1244,21
Sugar Cane,1245,8
Sugar Cane,1246,17
Sugar Cane,1247,8
Sugar Cane,1248,18
Sugar Cane,1249,7
Sugar Cane,1250,16
Sugar Cane,1251,12
Sugar Cane,1252,15
Sugar Cane,1253,17
Sugar Cane,1254,9
Sugar Cane,1255,9
Sugar Cane,1256,16
Sugar Cane,1257,8
Sugar Cane,1258,11
Sugar Cane,1259,10
Sugar Cane,1260,9
Sugar Cane,1261,16
Sugar Cane,1262,9
Sugar Cane,1263,14
Sugar Cane,1264,18
Sugar Cane,1265,8
Sugar Cane,1266,14
Sugar Cane,1267,9
Sugar Cane,1268,7
Sugar Cane,1269,19
Sugar Cane,1270,15
Sugar Cane,1271,15
Sugar Cane,1272,13
Sugar Cane,1273,10
Sugar Cane,1274,14
Sugar Cane,1275,12
Sugar Cane,1276,18
Sugar Cane,1277,11
Sugar Cane,1278,18
Sugar Cane,1279,14
Sugar Cane,1280,11
Sugar Cane,1281,10
Sugar Cane,1282,9
Sugar Cane,1283,11
Sugar Cane,1284,13
Sugar Cane,1285,24
Sugar Cane,1286,16
Sugar Cane,1287,14
Sugar Cane,1288,8
Sugar Cane,1289,10
Sugar Cane,1290,12
Sugar Cane,1291,11
Sugar Cane,1292,10
Sugar Cane,1293,17
Sugar Cane,1294,11
Sugar Cane,1295,11
Sugar Cane,1296,13
Sugar Cane,1297,15
Sugar Cane,1298,12
Sugar Cane,1299,10
Sugar Cane,1300,19
Sugar Cane,1301,13
Sugar Cane,1302,14
Sugar Cane,1303,15
Sugar Cane,1304,12
Sugar Cane,1305,9
Sugar Cane,1306,12
Sugar Cane,1307,14
Sugar Cane,1308,15
Sugar Cane,1309,12
Sugar Cane,1310,11
Sugar Cane,1311,18
Sugar Cane,1312,15
Sugar Cane,1313,20
Sugar Cane,1314,12
Sugar Cane,1315,16
Sugar Cane,1316,8
Sugar Cane,1317,10
Sugar Cane,1318,8
Sugar Cane,1319,11
Sugar Cane,1320,9
Sugar Cane,1321,11
Sugar Cane,1322,16
Sugar Cane,1323,13
Sugar Cane,1324,20
Sugar Cane,1325,13
Sugar Cane,1326,10
Sugar Cane,1327,14
Sugar Cane,1328,9
Sugar Cane,1329,16
Sugar Cane,1330,9
Sugar Cane,1331,11
Sugar Cane,1332,15
Sugar Cane,1333,11
Sugar Cane,1334,11
Sugar Cane,1335,13
Sugar Cane,1336,13
Sugar Cane,1337,14
Sugar Cane,1338,13
Sugar Cane,1339,11
Sugar Cane,1340,16
Sugar Cane,1341,10
Sugar Cane,1342,11
Sugar Cane,1343,16
Sugar Cane,1344,9
Sugar Cane,1345,14
Sugar Cane,1346,12
Sugar Cane,1347,14
Sugar Cane,1348,14
Sugar Cane,1349,15
Sugar Cane,1350,10
Sugar Cane,1351,14
Sugar Cane,1352,12
Sugar Cane,1353,14
Sugar Cane,1354,9
Sugar Cane,1355,8
Sugar Cane,1356,14
Sugar Cane,1357,19
Sugar Cane,1358,16
Sugar Cane,1359,15
Sugar Cane,1360,14
Sugar Cane,1361,16
Sugar Cane,1362,13
Sugar Cane,1363,15
Sugar Cane,1364,8
Sugar Cane,1365,10
Sugar Cane,1366,14
Sugar Cane,1367,12
Sugar Cane,1368,12
Sugar Cane,1369,9
Sugar Cane,1370,24
Sugar Cane,1371,13
Sugar Cane,1372,13
Sugar Cane,1373,17
Sugar Cane,1374,19
Sugar Cane,1375,9
Sugar Cane,1376,9
Sugar Cane,1377,14
Sugar Cane,1378,9
Sugar Cane,1379,13
Sugar Cane,1380,13
Sugar Cane,1381,14
Sugar Cane,1382,12
Sugar Cane,1383,16
Sugar Cane,1384,12
Sugar Cane,1385,9
Sugar Cane,1386,10
Sugar Cane,1387,14
Sugar Cane,1388,11
Sugar Cane,1389,12
Sugar Cane,1390,8
Sugar Cane,1391,12
Sugar Cane,1392,10
Sugar Cane,1393,12
Sugar Cane,1394,17
Sugar Cane,1395,12
Sugar Cane,1396,12
Sugar Cane,1397,14
Sugar Cane,1398,16
Sugar Cane,1399,9
Sugar Cane,1400,13
Sugar Cane,1401,17
Sugar Cane,1402,19
Sugar Cane,1403,11
Sugar Cane,1404,9
Sugar Cane,1405,14
Sugar Cane,1406,13
Sugar Cane,1407,15
Sugar Cane,1408,12
Sugar Cane,1409,14
Sugar Cane,1410,17
Sugar Cane,1411,23
Sugar Cane,1412,16
Sugar Cane,1413,12
Sugar Cane,1414,9
Sugar Cane,1415,20
Sugar Cane,1416,12
Sugar Cane,1417,14
Sugar Cane,1418,10
Sugar Cane,1419,9
Sugar Cane,1420,21
Sugar Cane,1421,17
Sugar Cane,1422,9
Sugar Cane,1423,16
Sugar Cane,1424,14
Sugar Cane,1425,10
Sugar Cane,1426,21
Sugar Cane,1427,11
Sugar Cane,1428,15
Sugar Cane,1429,16
Sugar Cane,1430,17
Sugar Cane,1431,15
Sugar Cane,1432,14
Sugar Cane,1433,13
Sugar Cane,1434,12
Sugar Cane,1435,19
Sugar Cane,1436,13
Sugar Cane,1437,17
Sugar Cane,1438,10
Sugar Cane,1439,13
Sugar Cane,1440,13
Sugar Cane,1441,7
Sugar Cane,1442,12
Sugar Cane,1443,13
Sugar Cane,1444,9
Sugar Cane,1445,15
Sugar Cane,1446,8
Sugar Cane,1447,10
Sugar Cane,1448,16
Sugar Cane,1449,13
Sugar Cane,1450,10
Sugar Cane,1451,15
Sugar Cane,1452,21
Sugar Cane,1453,9
Sugar Cane,1454,13
Sugar Cane,1455,11
Sugar Cane,1456,11
Sugar Cane,1457,10
Sugar Cane,1458,8
Sugar Cane,1459,14
Sugar Cane,1460,19
Sugar Cane,1461,9
Sugar Cane,1462,11
Sugar Cane,1463,11
Sugar Cane,1464,10
Sugar Cane,1465,15
Sugar Cane,1466,14
Sugar Cane,1467,15
Sugar Cane,1468,15
Sugar Cane,1469,9
Sugar Cane,1470,13
Sugar Cane,1471,7
Sugar Cane,1472,12
Sugar Cane,1473,14
Sugar Cane,1474,14
Sugar Cane,1475,10
Sugar Cane,1476,10
Sugar Cane,1477,9
Sugar Cane,1478,11
Sugar Cane,1479,11
Sugar Cane,1480,13
Sugar Cane,1481,16
Sugar Cane,1482,11
Sugar Cane,1483,9
Sugar Cane,1484,11
Sugar Cane,1485,14
Sugar Cane,1486,14
Sugar Cane,1487,15
Sugar Cane,1488,14
Sugar Cane,1489,11
Sugar Cane,1490,7
Sugar Cane,1491,17
Sugar Cane,1492,12
Sugar Cane,1493,10
Sugar Cane,1494,14
Sugar Cane,1495,14
Sugar Cane,1496,15
Sugar Cane,1497,16
Sugar Cane,1498,8
Sugar Cane,1499,17
Sugar Cane,1500,11
Sugar Cane,1501,8
Sugar Cane,1502,17
Sugar Cane,1503,13
Sugar Cane,1504,11
Sugar Cane,1505,9
Sugar Cane,1506,7
Sugar Cane,1507,21
Sugar Cane,1508,12
Sugar Cane,1509,12
Sugar Cane,1510,12
Sugar Cane,1511,14
Sugar Cane,1512,21
Sugar Cane,1513,8
Sugar Cane,1514,13
Sugar Cane,1515,20
Sugar Cane,1516,11
Sugar Cane,1517,13
Sugar Cane,1518,13
Sugar Cane,1519,15
Sugar Cane,1520,26
Sugar Cane,1521,8
Sugar Cane,1522,9
Sugar Cane,1523,11
Sugar Cane,1524,10
Sugar Cane,1525,13
Sugar Cane,1526,7
Sugar Cane,1527,12
Sugar Cane,1528,13
Sugar Cane,1529,13
Sugar Cane,1530,14
Sugar Cane,1531,16
Sugar Cane,1532,15
Sugar Cane,1533,12
Sugar Cane,1534,16
Sugar Cane,1535,14
Sugar Cane,1536,14
Sugar Cane,1537,9
Sugar Cane,1538,12
Sugar Cane,1539,11
Sugar Cane,1540,8
Sugar Cane,1541,7
Sugar Cane,1542,9
Sugar Cane,1543,8
Sugar Cane,1544,17
Sugar Cane,1545,17
Sugar Cane,1546,17
Sugar Cane,1547,18
Sugar Cane,1548,11
Sugar Cane,1549,10
Sugar Cane,1550,13
Sugar Cane,1551,15
Sugar Cane,1552,11
Sugar Cane,1553,17
Sugar Cane,1554,11
Sugar Cane,1555,14
Sugar Cane,1556,15
Sugar Cane,1557,9
Sugar Cane,1558,7
Sugar Cane,1559,16
Sugar Cane,1560,13
Sugar Cane,1561,13
Sugar Cane,1562,9
Sugar Cane,1563,20
Sugar Cane,1564,15
Sugar Cane,1565,10
Sugar Cane,1566,15
Sugar Cane,1567,16
Sugar Cane,1568,20
Sugar Cane,1569,10
Sugar Cane,1570,12
Sugar Cane,1571,16
Sugar Cane,1572,14
Sugar Cane,1573,16
Sugar Cane,1574,7
Sugar Cane,1575,11
Sugar Cane,1576,16
Sugar Cane,1577,13
Sugar Cane,1578,11
Sugar Cane,1579,9
Sugar Cane,1580,13
Sugar Cane,1581,13
Sugar Cane,1582,13
Sugar Cane,1583,11
Sugar Cane,1584,13
Sugar Cane,1585,10
Sugar Cane,1586,10
Sugar Cane,1587,16
Sugar Cane,1588,22
Sugar Cane,1589,9
Sugar Cane,1590,16
Sugar Cane,1591,16
Sugar Cane,1592,10
Sugar Cane,1593,9
Sugar Cane,1594,8
Sugar Cane,1595,9
Sugar Cane,1596,20
Sugar Cane,1597,15
Sugar Cane,1598,14
Sugar Cane,1599,16
Sugar Cane,1600,17
Sugar Cane,1601,18
Sugar Cane,1602,9
Sugar Cane,1603,15
Sugar Cane,1604,13
Sugar Cane,1605,10
Sugar Cane,1606,13
Sugar Cane,1607,11
Sugar Cane,1608,11
Sugar Cane,1609,13
Sugar Cane,1610,13
Sugar Cane,1611,7
Sugar Cane,1612,13
Sugar Cane,1613,14
Sugar Cane,1614,22
Sugar Cane,1615,8
Sugar Cane,1616,10
Sugar Cane,1617,10
Sugar Cane,1618,17
Sugar Cane,1619,11
Sugar Cane,1620,13
Sugar Cane,1621,12
Sugar Cane,1622,13
Sugar Cane,1623,12
Sugar Cane,1624,10
Sugar Cane,1625,9
Sugar Cane,1626,14
Sugar Cane,1627,9
Sugar Cane,1628,14
Sugar Cane,1629,11
Sugar Cane,1630,19
Sugar Cane,1631,12
Sugar Cane,1632,16
Sugar Cane,1633,10
Sugar Cane,1634,11
Sugar Cane,1635,16
Sugar Cane,1636,15
Sugar Cane,1637,14
Sugar Cane,1638,10
Sugar Cane,1639,10
Sugar Cane,1640,19
Sugar Cane,1641,13
Sugar Cane,1642,16
Sugar Cane,1643,14
Sugar Cane,1644,9
Sugar Cane,1645,12
Sugar Cane,1646,13
Sugar Cane,1647,14
Sugar Cane,1648,16
Sugar Cane,1649,15
Sugar Cane,1650,11
Sugar Cane,1651,12
Sugar Cane,1652,15
Sugar Cane,1653,15
Sugar Cane,1654,15
Sugar Cane,1655,7
Sugar Cane,1656,10
Sugar Cane,1657,15
Sugar Cane,1658,9
Sugar Cane,1659,11
Sugar Cane,1660,15
Sugar Cane,1661,11
Sugar Cane,1662,13
Sugar Cane,1663,14
Sugar Cane,1664,10
Sugar Cane,1665,14
Sugar Cane,1666,15
Sugar Cane,1667,14
Sugar Cane,1668,15
Sugar Cane,1669,11
Sugar Cane,1670,12
Sugar Cane,1671,12
Sugar Cane,1672,10
Sugar Cane,1673,11
Sugar Cane,1674,11
Sugar Cane,1675,13
Sugar Cane,1676,8
Sugar Cane,1677,10
Sugar Cane,1678,10
Sugar Cane,1679,15
Sugar Cane,1680,13
Sugar Cane,1681,16
Sugar Cane,1682,11
Sugar Cane,1683,17
Sugar Cane,1684,8
Sugar Cane,1685,10
Sugar Cane,1686,13
Sugar Cane,1687,16
Sugar Cane,1688,8
Sugar Cane,1689,10
Sugar Cane,1690,11
Sugar Cane,1691,10
Sugar Cane,1692,9
Sugar Cane,1693,18
Sugar Cane,1694,10
Sugar Cane,1695,16
Sugar Cane,1696,10
Sugar Cane,1697,19
Sugar Cane,1698,7
Sugar Cane,1699,14
Sugar Cane,1700,13
Sugar Cane,1701,12
Sugar Cane,1702,13
Sugar Cane,1703,18
Sugar Cane,1704,12
Sugar Cane,1705,16
Sugar Cane,1706,10
Sugar Cane,1707,14
Sugar Cane,1708,16
Sugar Cane,1709,19
Sugar Cane,1710,12
Sugar Cane,1711,11
Sugar Cane,1712,8
Sugar Cane,1713,8
Sugar Cane,1714,9
Sugar Cane,1715,8
Sugar Cane,1716,10
Sugar Cane,1717,16
Sugar Cane,1718,23
Sugar Cane,1719,12
Sugar Cane,1720,13
Sugar Cane,1721,12
Sugar Cane,1722,18
Sugar Cane,1723,12
Sugar Cane,1724,14
Sugar Cane,1725,13
Sugar Cane,1726,10
Sugar Cane,1727,11
Sugar Cane,1728,10
Sugar Cane,1729,16
Sugar Cane,1730,15
Sugar Cane,1731,14
Sugar Cane,1732,11
Sugar Cane,1733,10
Sugar Cane,1734,10
Sugar Cane,1735,11
Sugar Cane,1736,19
Sugar Cane,1737,11
Sugar Cane,1738,12
Sugar Cane,1739,12
Sugar Cane,1740,10
Sugar Cane,1741,11
Sugar Cane,1742,16
Sugar Cane,1743,9
Sugar Cane,1744,11
Sugar Cane,1745,14
Sugar Cane,1746,12
Sugar Cane,1747,10
Sugar Cane,1748,13
Sugar Cane,1749,21
Sugar Cane,1750,13
Sugar Cane,1751,12
Sugar Cane,1752,14
Sugar Cane,1753,17
Sugar Cane,1754,16
Sugar Cane,1755,18
Sugar Cane,1756,14
Sugar Cane,1757,11
Sugar Cane,1758,11
Sugar Cane,1759,13
Sugar Cane,1760,15
Sugar Cane,1761,18
Sugar Cane,1762,10
Sugar Cane,1763,13
Sugar Cane,1764,11
Sugar Cane,1765,14
Sugar Cane,1766,14
Sugar Cane,1767,16
Sugar Cane,1768,9
Sugar Cane,1769,14
Sugar Cane,1770,14
Sugar Cane,1771,16
Sugar Cane,1772,11
Sugar Cane,1773,14
Sugar Cane,1774,16
Sugar Cane,1775,12
Sugar Cane,1776,13
Sugar Cane,1777,11
Sugar Cane,1778,16
Sugar Cane,1779,8
Sugar Cane,1780,11
Sugar Cane,1781,13
Sugar Cane,1782,21
Sugar Cane,1783,16
Sugar Cane,1784,11
Sugar Cane,1785,14
Sugar Cane,1786,13
Sugar Cane,1787,14
Sugar Cane,1788,16
Sugar Cane,1789,12
Sugar Cane,1790,14
Sugar Cane,1791,8
Sugar Cane,1792,11
Sugar Cane,1793,13
Sugar Cane,1794,12
Sugar Cane,1795,13
Sugar Cane,1796,17
Sugar Cane,1797,19
Sugar Cane,1798,9
Sugar Cane,1799,17
Sugar Cane,1800,12
Sugar Cane,1801,14
Sugar Cane,1802,17
Sugar Cane,1803,12
Sugar Cane,1804,8
Sugar Cane,1805,12
Sugar Cane,1806,11
Sugar Cane,1807,12
Sugar Cane,1808,20
Sugar Cane,1809,10
Sugar Cane,1810,14
Sugar Cane,1811,13
Sugar Cane,1812,14
Sugar Cane,1813,10
Sugar Cane,1814,13
Sugar Cane,1815,16
Sugar Cane,1816,9
Sugar Cane,1817,14
Sugar Cane,1818,11
Sugar Cane,1819,11
Sugar Cane,1820,16
Sugar Cane,1821,13
Sugar Cane,1822,11
Sugar Cane,1823,13
Sugar Cane,1824,9
Sugar Cane,1825,13
Sugar Cane,1826,16
Sugar Cane,1827,12
Sugar Cane,1828,9
Sugar Cane,1829,15
Sugar Cane,1830,13
Sugar Cane,1831,14
Sugar Cane,1832,10
Sugar Cane,1833,15
Sugar Cane,1834,13
Sugar Cane,1835,15
Sugar Cane,1836,14
Sugar Cane,1837,10
Sugar Cane,1838,8
Sugar Cane,1839,9
Sugar Cane,1840,8
Sugar Cane,1841,9
Sugar Cane,1842,13
Sugar Cane,1843,10
Sugar Cane,1844,8
Sugar Cane,1845,10
Sugar Cane,1846,10
Sugar Cane,1847,8
Sugar Cane,1848,7
Sugar Cane,1849,12
Sugar Cane,1850,13
Sugar Cane,1851,14
Sugar Cane,1852,22
Sugar Cane,1853,11
Sugar Cane,1854,11
Sugar Cane,1855,13
Sugar Cane,1856,10
Sugar Cane,1857,16
Sugar Cane,1858,13
Sugar Cane,1859,15
Sugar Cane,1860,9
Sugar Cane,1861,10
Sugar Cane,1862,13
Sugar Cane,1863,12
Sugar Cane,1864,13
Sugar Cane,1865,16
Sugar Cane,1866,15
Sugar Cane,1867,12
Sugar Cane,1868,14
Sugar Cane,1869,14
Sugar Cane,1870,13
Sugar Cane,1871,15
Sugar Cane,1872,13
Sugar Cane,1873,9
Sugar Cane,1874,10
Sugar Cane,1875,14
Sugar Cane,1876,11
Sugar Cane,1877,10
Sugar Cane,1878,14
Sugar Cane,1879,10
Sugar Cane,1880,13
Sugar Cane,1881,11
Sugar Cane,1882,14
Sugar Cane,1883,13
Sugar Cane,1884,12
Sugar Cane,1885,14
Sugar Cane,1886,11
Sugar Cane,1887,11
Sugar Cane,1888,10
Sugar Cane,1889,12
Sugar Cane,1890,13
Sugar Cane,1891,14
Sugar Cane,1892,8
Sugar Cane,1893,9
Sugar Cane,1894,12
Sugar Cane,1895,11
Sugar Cane,1896,14
Sugar Cane,1897,13
Sugar Cane,1898,8
Sugar Cane,1899,16
Sugar Cane,1900,12
Sugar Cane,1901,9
Sugar Cane,1902,16
Sugar Cane,1903,19
Sugar Cane,1904,10
Sugar Cane,1905,11
Sugar Cane,1906,15
Sugar Cane,1907,14
Sugar Cane,1908,14
Sugar Cane,1909,12
Sugar Cane,1910,19
Sugar Cane,1911,12
Sugar Cane,1912,14
Sugar Cane,1913,8
Sugar Cane,1914,18
Sugar Cane,1915,12
Sugar Cane,1916,9
Sugar Cane,1917,11
Sugar Cane,1918,13
Sugar Cane,1919,13
Sugar Cane,1920,8
Sugar Cane,1921,9
Sugar Cane,1922,13
Sugar Cane,1923,17
Sugar Cane,1924,12
Sugar Cane,1925,9
Sugar Cane,1926,13
Sugar Cane,1927,12
Sugar Cane,1928,15
Sugar Cane,1929,11
Sugar Cane,1930,18
Sugar Cane,1931,11
Sugar Cane,1932,12
Sugar Cane,1933,13
Sugar Cane,1934,14
Sugar Cane,1935,17
Sugar Cane,1936,15
Sugar Cane,1937,17
Sugar Cane,1938,16
Sugar Cane,1939,13
Sugar Cane,1940,13
Sugar Cane,1941,25
Sugar Cane,1942,8
Sugar Cane,1943,14
Sugar Cane,1944,18
Sugar Cane,1945,13
Sugar Cane,1946,18
Sugar Cane,1947,11
Sugar Cane,1948,11
Sugar Cane,1949,21
Sugar Cane,1950,10
Sugar Cane,1951,14
Sugar Cane,1952,15
Sugar Cane,1953,19
Sugar Cane,1954,10
Sugar Cane,1955,13
Sugar Cane,1956,12
Sugar Cane,1957,13
Sugar Cane,1958,9
Sugar Cane,1959,8
Sugar Cane,1960,11
Sugar Cane,1961,11
Sugar Cane,1962,16
Sugar Cane,1963,13
Sugar Cane,1964,12
Sugar Cane,1965,14
Sugar Cane,1966,17
Sugar Cane,1967,10
Sugar Cane,1968,15
Sugar Cane,1969,11
Sugar Cane,1970,16
Sugar Cane,1971,13
Sugar Cane,1972,16
Sugar Cane,1973,13
Sugar Cane,1974,14
Sugar Cane,1975,11
Sugar Cane,1976,9
Sugar Cane,1977,8
Sugar Cane,1978,9
Sugar Cane,1979,14
Sugar Cane,1980,14
Sugar Cane,1981,17
Sugar Cane,1982,10
Sugar Cane,1983,10
Sugar Cane,1984,9
Sugar Cane,1985,12
Sugar Cane,1986,10
Sugar Cane,1987,11
Sugar Cane,1988,9
Sugar Cane,1989,15
Sugar Cane,1990,11
Sugar Cane,1991,10
Sugar Cane,1992,16
Sugar Cane,1993,10
Sugar Cane,1994,12
Sugar Cane,1995,8
Sugar Cane,1996,16
Sugar Cane,1997,16
Sugar Cane,1998,11
Sugar Cane,1999,10
Sugar Cane,2000,9
Sugar Cane,2001,18
Sugar Cane,2002,10
Sugar Cane,2003,14
Sugar Cane,2004,14
Sugar Cane,2005,10
Sugar Cane,2006,14
Sugar Cane,2007,16
Sugar Cane,2008,12
Sugar Cane,2009,15
Sugar Cane,2010,17
Sugar Cane,2011,10
Sugar Cane,2012,16
Sugar Cane,2013,10
Sugar Cane,2014,14
Sugar Cane,2015,13
Sugar Cane,2016,9
Sugar Cane,2017,8
Sugar Cane,2018,11
Sugar Cane,2019,17
Sugar Cane,2020,15
Sugar Cane,2021,13
Sugar Cane,2022,20
Sugar Cane,2023,14
Sugar Cane,2024,10
Sugar Cane,2025,12
Sugar Cane,2026,16
Sugar Cane,2027,9
Sugar Cane,2028,16
Sugar Cane,2029,10
Sugar Cane,2030,9
Sugar Cane,2031,13
Sugar Cane,2032,10
Sugar Cane,2033,15
Sugar Cane,2034,12
Sugar Cane,2035,14
Sugar Cane,2036,14
Sugar Cane,2037,17
Sugar Cane,2038,20
Sugar Cane,2039,10
Sugar Cane,2040,10
Sugar Cane,2041,14
Sugar Cane,2042,20
Sugar Cane,2043,13
Sugar Cane,2044,12
Sugar Cane,2045,15
Sugar Cane,2046,19
Sugar Cane,2047,10
Sugar Cane,2048,13
Sugar Cane,2049,11
Sugar Cane,2050,15
Sugar Cane,2051,16
Sugar Cane,2052,13
Sugar Cane,2053,8
Sugar Cane,2054,13
Sugar Cane,2055,15
Sugar Cane,2056,16
Sugar Cane,2057,10
Sugar Cane,2058,20
Sugar Cane,2059,10
Sugar Cane,2060,15
Sugar Cane,2061,12
Sugar Cane,2062,11
Sugar Cane,2063,17
Sugar Cane,2064,16
Sugar Cane,2065,28
Sugar Cane,2066,11
Sugar Cane,2067,14
Sugar Cane,2068,18
Sugar Cane,2069,12
Sugar Cane,2070,12
Sugar Cane,2071,10
Sugar Cane,2072,13
Sugar Cane,2073,18
Sugar Cane,2074,20
Sugar Cane,2075,12
Sugar Cane,2076,9
Sugar Cane,2077,14
Sugar Cane,2078,10
Sugar Cane,2079,11
Sugar Cane,2080,16
Sugar Cane,2081,10
Sugar Cane,2082,8
Sugar Cane,2083,8
Sugar Cane,2084,9
Sugar Cane,2085,11
Sugar Cane,2086,14
Sugar Cane,2087,12
Sugar Cane,2088,8
Sugar Cane,2089,8
Sugar Cane,2090,9
Sugar Cane,2091,12
Sugar Cane,2092,16
Sugar Cane,2093,19
Sugar Cane,2094,10
Sugar Cane,2095,11
Sugar Cane,2096,22
Sugar Cane,2097,11
Sugar Cane,2098,13
Sugar Cane,2099,10
Sugar Cane,2100,9
Sugar Cane,2101,9
Sugar Cane,2102,10
Sugar Cane,2103,13
Sugar Cane,2104,10
Sugar Cane,2105,12
Sugar Cane,2106,15
Sugar Cane,2107,9
Sugar Cane,2108,12
Sugar Cane,2109,18
Sugar Cane,2110,14
Sugar Cane,2111,12
Sugar Cane,2112,14
Sugar Cane,2113,13
Sugar Cane,2114,9
Sugar Cane,2115,16
Sugar Cane,2116,14
Sugar Cane,2117,13
Sugar Cane,2118,17
Sugar Cane,2119,12
Sugar Cane,2120,16
Sugar Cane,2121,9
Sugar Cane,2122,16
Sugar Cane,2123,11
Sugar Cane,2124,14
Sugar Cane,2125,10
Sugar Cane,2126,18
Sugar Cane,2127,12
Sugar Cane,2128,17
Sugar Cane,2129,8
Sugar Cane,2130,11
Sugar Cane,2131,16
Sugar Cane,2132,12
Sugar Cane,2133,14
Sugar Cane,2134,9
Sugar Cane,2135,10
Sugar Cane,2136,16
Sugar Cane,2137,15
Sugar Cane,2138,9
Sugar Cane,2139,13
Sugar Cane,2140,12
Sugar Cane,2141,12
Sugar Cane,2142,11
Sugar Cane,2143,11
Sugar Cane,2144,10
Sugar Cane,2145,11
Sugar Cane,2146,14
Sugar Cane,2147,15
Sugar Cane,2148,13
Sugar Cane,2149,10
Sugar Cane,2150,13
Sugar Cane,2151,17
Sugar Cane,2152,9
Sugar Cane,2153,10
Sugar Cane,2154,9
Sugar Cane,2155,22
Sugar Cane,2156,11
Sugar Cane,2157,8
Sugar Cane,2158,10
Sugar Cane,2159,12
Sugar Cane,2160,17
Sugar Cane,2161,16
Sugar Cane,2162,12
Sugar Cane,2163,17
Sugar Cane,2164,19
Sugar Cane,2165,16
Sugar Cane,2166,16
Sugar Cane,2167,11
Sugar Cane,2168,8
Sugar Cane,2169,13
Sugar Cane,2170,12
Sugar Cane,2171,12
Sugar Cane,2172,15
Sugar Cane,2173,15
Sugar Cane,2174,9
Sugar Cane,2175,12
Sugar Cane,2176,13
Sugar Cane,2177,10
Sugar Cane,2178,15
Sugar Cane,2179,7
Sugar Cane,2180,20
Sugar Cane,2181,12
Sugar Cane,2182,10
Sugar Cane,2183,12
Sugar Cane,2184,12
Sugar Cane,2185,15
Sugar Cane,2186,13
Sugar Cane,2187,12
Sugar Cane,2188,17
Sugar Cane,2189,11
Sugar Cane,2190,14
Sugar Cane,2191,10
Sugar Cane,2192,16
Sugar Cane,2193,13
Sugar Cane,2194,7
Sugar Cane,2195,17
Sugar Cane,2196,12
Sugar Cane,2197,13
Sugar Cane,2198,9
Sugar Cane,2199,15
Sugar Cane,2200,8
Sugar Cane,2201,12
Sugar Cane,2202,13
Sugar Cane,2203,15
Sugar Cane,2204,11
Sugar Cane,2205,9
Sugar Cane,2206,11
Sugar Cane,2207,15
Sugar Cane,2208,10
Sugar Cane,2209,12
Sugar Cane,2210,9
Sugar Cane,2211,10
Sugar Cane,2212,10
Sugar Cane,2213,8
Sugar Cane,2214,8
Sugar Cane,2215,13
Sugar Cane,2216,15
Sugar Cane,2217,12
Sugar Cane,2218,15
Sugar Cane,2219,14
Sugar Cane,2220,17
Sugar Cane,2221,18
Sugar Cane,2222,16
Sugar Cane,2223,10
Sugar Cane,2224,12
Sugar Cane,2225,13
Sugar Cane,2226,14
Sugar Cane,2227,16
Sugar Cane,2228,10
Sugar Cane,2229,17
Sugar Cane,2230,9
Sugar Cane,2231,15
Sugar Cane,2232,11
Sugar Cane,2233,17
Sugar Cane,2234,13
Sugar Cane,2235,15
Sugar Cane,2236,12
Sugar Cane,2237,21
Sugar Cane,2238,12
Sugar Cane,2239,10
Sugar Cane,2240,9
Sugar Cane,2241,13
Sugar Cane,2242,11
Sugar Cane,2243,11
Sugar Cane,2244,14
Sugar Cane,2245,13
Sugar Cane,2246,18
Sugar Cane,2247,12
Sugar Cane,2248,10
Sugar Cane,2249,13
Sugar Cane,2250,11
Sugar Cane,2251,14
Sugar Cane,2252,9
Sugar Cane,2253,15
Sugar Cane,2254,12
Sugar Cane,2255,17
Sugar Cane,2256,16
Sugar Cane,2257,12
Sugar Cane,2258,16
Sugar Cane,2259,22
Sugar Cane,2260,12
Sugar Cane,2261,17
Sugar Cane,2262,11
Sugar Cane,2263,15
Sugar Cane,2264,21
Sugar Cane,2265,13
Sugar Cane,2266,7
Sugar Cane,2267,20
Sugar Cane,2268,11
Sugar Cane,2269,16
Sugar Cane,2270,10
Sugar Cane,2271,11
Sugar Cane,2272,19
Sugar Cane,2273,12
Sugar Cane,2274,15
Sugar Cane,2275,17
Sugar Cane,2276,13
Sugar Cane,2277,14
Sugar Cane,2278,14
Sugar Cane,2279,18
Sugar Cane,2280,12
Sugar Cane,2281,19
Sugar Cane,2282,12
Sugar Cane,2283,19
Sugar Cane,2284,10
Sugar Cane,2285,15
Sugar Cane,2286,17
Sugar Cane,2287,17
Sugar Cane,2288,11
Sugar Cane,2289,18
Sugar Cane,2290,11
Sugar Cane,2291,23
Sugar Cane,2292,17
Sugar Cane,2293,12
Sugar Cane,2294,13
Sugar Cane,2295,7
Sugar Cane,2296,8
Sugar Cane,2297,9
Sugar Cane,2298,9
Sugar Cane,2299,10
Sugar Cane,2300,9
Sugar Cane,2301,11
Sugar Cane,2302,7
Sugar Cane,2303,13
Sugar Cane,2304,9
Sugar Cane,2305,9
Sugar Cane,2306,8
Sugar Cane,2307,11
Sugar Cane,2308,10
Sugar Cane,2309,10
Sugar Cane,2310,15
Sugar Cane,2311,13
Sugar Cane,2312,17
Sugar Cane,2313,15
Sugar Cane,2314,12
Sugar Cane,2315,25
Sugar Cane,2316,14
Sugar Cane,2317,11
Sugar Cane,2318,15
Sugar Cane,2319,12
Sugar Cane,2320,9
Sugar Cane,2321,13
Sugar Cane,2322,11
Sugar Cane,2323,12
Sugar Cane,2324,10
Sugar Cane,2325,17
Sugar Cane,2326,13
Sugar Cane,2327,11
Sugar Cane,2328,14
Sugar Cane,2329,13
Sugar Cane,2330,16
Sugar Cane,2331,11
Sugar Cane,2332,10
Sugar Cane,2333,9
Sugar Cane,2334,9
Sugar Cane,2335,16
Sugar Cane,2336,11
Sugar Cane,2337,9
Sugar Cane,2338,13
Sugar Cane,2339,10
Sugar Cane,2340,7
Sugar Cane,2341,12
Sugar Cane,2342,9
Sugar Cane,2343,15
Sugar Cane,2344,12
Sugar Cane,2345,12
Sugar Cane,2346,15
Sugar Cane,2347,11
Sugar Cane,2348,9
Sugar Cane,2349,15
Sugar Cane,2350,13
Sugar Cane,2351,12
Sugar Cane,2352,15
Sugar Cane,2353,10
Sugar Cane,2354,11
Sugar Cane,2355,12
Sugar Cane,2356,12
Sugar Cane,2357,13
Sugar Cane,2358,12
Sugar Cane,2359,13
Sugar Cane,2360,16
Sugar Cane,2361,21
Sugar Cane,2362,13
Sugar Cane,2363,12
Sugar Cane,2364,12
Sugar Cane,2365,16
Sugar Cane,2366,9
Sugar Cane,2367,12
Sugar Cane,2368,10
Sugar Cane,2369,11
Sugar Cane,2370,12
Sugar Cane,2371,19
Sugar Cane,2372,12
Sugar Cane,2373,19
Sugar Cane,2374,17
Sugar Cane,2375,11
Sugar Cane,2376,14
Sugar Cane,2377,12
Sugar Cane,2378,13
Sugar Cane,2379,18
Sugar Cane,2380,10
Sugar Cane,2381,10
Sugar Cane,2382,10
Sugar Cane,2383,10
Sugar Cane,2384,16
Sugar Cane,2385,11
Sugar Cane,2386,13
Sugar Cane,2387,17
Sugar Cane,2388,16
Sugar Cane,2389,14
Sugar Cane,2390,9
Sugar Cane,2391,11
Sugar Cane,2392,16
Sugar Cane,2393,12
Sugar Cane,2394,16
Sugar Cane,2395,17
Sugar Cane,2396,13
Sugar Cane,2397,14
Sugar Cane,2398,8
Sugar Cane,2399,13
Sugar Cane,2400,13
Sugar Cane,2401,10
Sugar Cane,2402,13
Sugar Cane,2403,8
Sugar Cane,2404,11
Sugar Cane,2405,17
Sugar Cane,2406,15
Sugar Cane,2407,14
Sugar Cane,2408,14
Sugar Cane,2409,10
Sugar Cane,2410,10
Sugar Cane,2411,10
Sugar Cane,2412,12
Sugar Cane,2413,12
Sugar Cane,2414,13
Sugar Cane,2415,16
Sugar Cane,2416,11
Sugar Cane,2417,10
Sugar Cane,2418,14
Sugar Cane,2419,11
Sugar Cane,2420,15
Sugar Cane,2421,13
Sugar Cane,2422,13
Sugar Cane,2423,12
Sugar Cane,2424,18
Sugar Cane,2425,8
Sugar Cane,2426,11
Sugar Cane,2427,12
Sugar Cane,2428,12
Sugar Cane,2429,18
Sugar Cane,2430,19
Sugar Cane,2431,14
Sugar Cane,2432,16
Sugar Cane,2433,14
Sugar Cane,2434,12
Sugar Cane,2435,17
Sugar Cane,2436,11
Sugar Cane,2437,15
Sugar Cane,2438,12
Sugar Cane,2439,15
Sugar Cane,2440,12
Sugar Cane,2441,10
Sugar Cane,2442,11
Sugar Cane,2443,9
Sugar Cane,2444,20
Sugar Cane,2445,19
Sugar Cane,2446,16
Sugar Cane,2447,7
Sugar Cane,2448,19
Sugar Cane,2449,7
Sugar Cane,2450,9
Sugar Cane,2451,12
Sugar Cane,2452,10
Sugar Cane,2453,14
Sugar Cane,2454,7
Sugar Cane,2455,17
Sugar Cane,2456,12
Sugar Cane,2457,14
Sugar Cane,2458,15
Sugar Cane,2459,13
Sugar Cane,2460,7
Sugar Cane,2461,11
Sugar Cane,2462,10
Sugar Cane,2463,13
Sugar Cane,2464,18
Sugar Cane,2465,11
Sugar Cane,2466,11
Sugar Cane,2467,13
Sugar Cane,2468,12
Sugar Cane,2469,15
Sugar Cane,2470,16
Sugar Cane,2471,13
Sugar Cane,2472,13
Sugar Cane,2473,13
Sugar Cane,2474,11
Sugar Cane,2475,10
Sugar Cane,2476,13
Sugar Cane,2477,9
Sugar Cane,2478,10
Sugar Cane,2479,16
Sugar Cane,2480,14
Sugar Cane,2481,12
Sugar Cane,2482,12
Sugar Cane,2483,15
Sugar Cane,2484,12
Sugar Cane,2485,16
Sugar Cane,2486,19
Sugar Cane,2487,10
Sugar Cane,2488,19
Sugar Cane,2489,10
Sugar Cane,2490,10
Sugar Cane,2491,12
Sugar Cane,2492,8
Sugar Cane,2493,16
Sugar Cane,2494,9
Sugar Cane,2495,9
Sugar Cane,2496,18
Sugar Cane,2497,14
Sugar Cane,2498,14
Sugar Cane,2499,16
Sugar Cane,2500,14
Sugar Cane,2501,9
Sugar Cane,2502,9
Sugar Cane,2503,14
Sugar Cane,2504,10
Sugar Cane,2505,11
Sugar Cane,2506,12
Sugar Cane,2507,8
Sugar Cane,2508,8
Sugar Cane,2509,13
Sugar Cane,2510,12
Sugar Cane,2511,14
Sugar Cane,2512,9
Sugar Cane,2513,15
Sugar Cane,2514,13
Sugar Cane,2515,10
Sugar Cane,2516,15
Sugar Cane,2517,17
Sugar Cane,2518,11
Sugar Cane,2519,11
Sugar Cane,2520,9
Sugar Cane,2521,10
Sugar Cane,2522,12
Sugar Cane,2523,8
Sugar Cane,2524,10
Sugar Cane,2525,9
Sugar Cane,2526,7
Sugar Cane,2527,10
Sugar Cane,2528,8
Sugar Cane,2529,12
Sugar Cane,2530,11
Sugar Cane,2531,12
Sugar Cane,2532,10
Sugar Cane,2533,12
Sugar Cane,2534,13
Sugar Cane,2535,14
Sugar Cane,2536,13
Sugar Cane,2537,14
Sugar Cane,2538,12
Sugar Cane,2539,11
Sugar Cane,2540,11
Sugar Cane,2541,14
Sugar Cane,2542,12
Sugar Cane,2543,11
Sugar Cane,2544,22
Sugar Cane,2545,14
Sugar Cane,2546,18
Sugar Cane,2547,12
Sugar Cane,2548,15
Sugar Cane,2549,18
Sugar Cane,2550,8
Sugar Cane,2551,10
Sugar Cane,2552,14
Sugar Cane,2553,12
Sugar Cane,2554,12
Sugar Cane,2555,19
Sugar Cane,2556,14
Sugar Cane,2557,17
Sugar Cane,2558,15
Sugar Cane,2559,11
Sugar Cane,2560,13
Sugar Cane,2561,8
Sugar Cane,2562,15
Sugar Cane,2563,8
Sugar Cane,2564,9
Sugar Cane,2565,13
Sugar Cane,2566,12
Sugar Cane,2567,8
Sugar Cane,2568,8
Sugar Cane,2569,13
Sugar Cane,2570,23
Sugar Cane,2571,11
Sugar Cane,2572,13
Sugar Cane,2573,15
Sugar Cane,2574,15
Sugar Cane,2575,8
Sugar Cane,2576,9
Sugar Cane,2577,14
Sugar Cane,2578,14
Sugar Cane,2579,12
Sugar Cane,2580,23
Sugar Cane,2581,12
Sugar Cane,2582,8
Sugar Cane,2583,15
Sugar Cane,2584,21
Sugar Cane,2585,15
Sugar Cane,2586,10
Sugar Cane,2587,12
Sugar Cane,2588,15
Sugar Cane,2589,16
Sugar Cane,2590,7
Sugar Cane,2591,15
Sugar Cane,2592,16
Sugar Cane,2593,11
Sugar Cane,2594,10
Sugar Cane,2595,18
Sugar Cane,2596,10
Sugar Cane,2597,12
Sugar Cane,2598,12
Sugar Cane,2599,9
Sugar Cane,2600,11
Sugar Cane,2601,12
Sugar Cane,2602,13
Sugar Cane,2603,17
Sugar Cane,2604,15
Sugar Cane,2605,10
Sugar Cane,2606,15
Sugar Cane,2607,14
Sugar Cane,2608,12
Sugar Cane,2609,16
Sugar Cane,2610,14
Sugar Cane,2611,14
Sugar Cane,2612,10
Sugar Cane,2613,14
Sugar Cane,2614,8
Sugar Cane,2615,15
Sugar Cane,2616,12
Sugar Cane,2617,16
Sugar Cane,2618,18
Sugar Cane,2619,11
Sugar Cane,2620,8
Sugar Cane,2621,10
Sugar Cane,2622,12
Sugar Cane,2623,16
Sugar Cane,2624,16
Sugar Cane,2625,8
Sugar Cane,2626,11
Sugar Cane,2627,20
Sugar Cane,2628,16
Sugar Cane,2629,16
Sugar Cane,2630,16
Sugar Cane,2631,13
Sugar Cane,2632,13
Sugar Cane,2633,15
Sugar Cane,2634,7
Sugar Cane,2635,11
Sugar Cane,2636,14
Sugar Cane,2637,15
Sugar Cane,2638,10
Sugar Cane,2639,13
Sugar Cane,2640,14
Sugar Cane,2641,13
Sugar Cane,2642,21
Sugar Cane,2643,12
Sugar Cane,2644,16
Sugar Cane,2645,10
Sugar Cane,2646,10
Sugar Cane,2647,12
Sugar Cane,2648,11
Sugar Cane,2649,10
Sugar Cane,2650,14
Sugar Cane,2651,17
Sugar Cane,2652,12
Sugar Cane,2653,10
Sugar Cane,2654,15
Sugar Cane,2655,11
Sugar Cane,2656,20
Sugar Cane,2657,13
Sugar Cane,2658,12
Sugar Cane,2659,10
Sugar Cane,2660,8
Sugar Cane,2661,13
Sugar Cane,2662,9
Sugar Cane,2663,14
Sugar Cane,2664,21
Sugar Cane,2665,13
Sugar Cane,2666,10
Sugar Cane,2667,16
Sugar Cane,2668,15
Sugar Cane,2669,8
Sugar Cane,2670,13
Sugar Cane,2671,9
Sugar Cane,2672,10
Sugar Cane,2673,18
Sugar Cane,2674,11
Sugar Cane,2675,13
Sugar Cane,2676,14
Sugar Cane,2677,13
Sugar Cane,2678,13
Sugar Cane,2679,14
Sugar Cane,2680,10
Sugar Cane,2681,11
Sugar Cane,2682,16
Sugar Cane,2683,14
Sugar Cane,2684,7
Sugar Cane,2685,9
Sugar Cane,2686,14
Sugar Cane,2687,11
Sugar Cane,2688,9
Sugar Cane,2689,18
Sugar Cane,2690,11
Sugar Cane,2691,13
Sugar Cane,2692,13
Sugar Cane,2693,14
Sugar Cane,2694,10
Sugar Cane,2695,10
Sugar Cane,2696,10
Sugar Cane,2697,17
Sugar Cane,2698,12
Sugar Cane,2699,11
Sugar Cane,2700,11
Sugar Cane,2701,11
Sugar Cane,2702,9
Sugar Cane,2703,11
Sugar Cane,2704,13
Sugar Cane,2705,14
Sugar Cane,2706,10
Sugar Cane,2707,7
Sugar Cane,2708,9
Sugar Cane,2709,19
Sugar Cane,2710,18
Sugar Cane,2711,13
Sugar Cane,2712,14
Sugar Cane,2713,12
Sugar Cane,2714,21
Sugar Cane,2715,10
Sugar Cane,2716,11
Sugar Cane,2717,12
Sugar Cane,2718,10
Sugar Cane,2719,13
Sugar Cane,2720,11
Sugar Cane,2721,16
Sugar Cane,2722,12
Sugar Cane,2723,17
Sugar Cane,2724,12
Sugar Cane,2725,15
Sugar Cane,2726,9
Sugar Cane,2727,19
Sugar Cane,2728,8
Sugar Cane,2729,15
Sugar Cane,2730,22
Sugar Cane,2731,13
Sugar Cane,2732,17
Sugar Cane,2733,12
Sugar Cane,2734,9
Sugar Cane,2735,9
Sugar Cane,2736,9
Sugar Cane,2737,14
Sugar Cane,2738,14
Sugar Cane,2739,15
Sugar Cane,2740,10
Sugar Cane,2741,10
Sugar Cane,2742,13
Sugar Cane,2743,13
Sugar Cane,2744,14
Sugar Cane,2745,19
Sugar Cane,2746,16
Sugar Cane,2747,9
Sugar Cane,2748,13
Sugar Cane,2749,9
Sugar Cane,2750,13
Sugar Cane,2751,9
Sugar Cane,2752,12
Sugar Cane,2753,18
Sugar Cane,2754,12
Sugar Cane,2755,19
Sugar Cane,2756,10
Sugar Cane,2757,11
Sugar Cane,2758,9
Sugar Cane,2759,13
Sugar Cane,2760,10
Sugar Cane,2761,9
Sugar Cane,2762,11
Sugar Cane,2763,22
Sugar Cane,2764,19
Sugar Cane,2765,8
Sugar Cane,2766,19
Sugar Cane,2767,15
Sugar Cane,2768,7
Sugar Cane,2769,16
Sugar Cane,2770,15
Sugar Cane,2771,19
Sugar Cane,2772,10
Sugar Cane,2773,12
Sugar Cane,2774,20
Sugar Cane,2775,20
Sugar Cane,2776,15
Sugar Cane,2777,10
Sugar Cane,2778,11
Sugar Cane,2779,10
Sugar Cane,2780,13
Sugar Cane,2781,10
Sugar Cane,2782,10
Sugar Cane,2783,15
Sugar Cane,2784,8
Sugar Cane,2785,18
Sugar Cane,2786,10
Sugar Cane,2787,14
Sugar Cane,2788,18
Sugar Cane,2789,15
Sugar Cane,2790,9
Sugar Cane,2791,13
Sugar Cane,2792,12
Sugar Cane,2793,16
Sugar Cane,2794,9
Sugar Cane,2795,13
Sugar Cane,2796,15
Sugar Cane,2797,14
Sugar Cane,2798,12
Sugar Cane,2799,8
Sugar Cane,2800,12
Sugar Cane,2801,8
Sugar Cane,2802,9
Sugar Cane,2803,12
Sugar Cane,2804,10
Sugar Cane,2805,10
Sugar Cane,2806,12
Sugar Cane,2807,13
Sugar Cane,2808,14
Sugar Cane,2809,18
Sugar Cane,2810,8
Sugar Cane,2811,11
Sugar Cane,2812,12
Sugar Cane,2813,14
Sugar Cane,2814,9
Sugar Cane,2815,11
Sugar Cane,2816,15
Sugar Cane,2817,9
Sugar Cane,2818,11
Sugar Cane,2819,12
Sugar Cane,2820,11
Sugar Cane,2821,21
Sugar Cane,2822,12
Sugar Cane,2823,21
Sugar Cane,2824,12
Sugar Cane,2825,13
Sugar Cane,2826,15
Sugar Cane,2827,10
Sugar Cane,2828,13
Sugar Cane,2829,12
Sugar Cane,2830,9
Sugar Cane,2831,11
Sugar Cane,2832,9
Sugar Cane,2833,17
Sugar Cane,2834,12
Sugar Cane,2835,15
Sugar Cane,2836,12
Sugar Cane,2837,11
Sugar Cane,2838,11
Sugar Cane,2839,10
Sugar Cane,2840,14
Sugar Cane,2841,11
Sugar Cane,2842,8
Sugar Cane,2843,11
Sugar Cane,2844,13
Sugar Cane,2845,15
Sugar Cane,2846,10
Sugar Cane,2847,18
Sugar Cane,2848,19
Sugar Cane,2849,12
Sugar Cane,2850,8
Sugar Cane,2851,14
Sugar Cane,2852,11
Sugar Cane,2853,12
Sugar Cane,2854,14
Sugar Cane,2855,12
Sugar Cane,2856,14
Sugar Cane,2857,10
Sugar Cane,2858,11
Sugar Cane,2859,14
Sugar Cane,2860,13
Sugar Cane,2861,14
Sugar Cane,2862,14
Sugar Cane,2863,10
Sugar Cane,2864,10
Sugar Cane,2865,16
Sugar Cane,2866,13
Sugar Cane,2867,20
Sugar Cane,2868,16
Sugar Cane,2869,14
Sugar Cane,2870,13
Sugar Cane,2871,13
Sugar Cane,2872,11
Sugar Cane,2873,13
Sugar Cane,2874,19
Sugar Cane,2875,11
Sugar Cane,2876,16
Sugar Cane,2877,12
Sugar Cane,2878,10
Sugar Cane,2879,17
Sugar Cane,2880,17
Sugar Cane,2881,12
Sugar Cane,2882,24
Sugar Cane,2883,13
Sugar Cane,2884,16
Sugar Cane,2885,12
Sugar Cane,2886,11
Sugar Cane,2887,19
Sugar Cane,2888,14
Sugar Cane,2889,10
Sugar Cane,2890,11
Sugar Cane,2891,21
Sugar Cane,2892,14
Sugar Cane,2893,11
Sugar Cane,2894,11
Sugar Cane,2895,15
Sugar Cane,2896,13
Sugar Cane,2897,14
Sugar Cane,2898,13
Sugar Cane,2899,12
Sugar Cane,2900,21
Sugar Cane,2901,15
Sugar Cane,2902,12
Sugar Cane,2903,15
Sugar Cane,2904,12
Sugar Cane,2905,19
Sugar Cane,2906,12
Sugar Cane,2907,10
Sugar Cane,2908,16
Sugar Cane,2909,21
Sugar Cane,2910,11
Sugar Cane,2911,14
Sugar Cane,2912,8
Sugar Cane,2913,13
Sugar Cane,2914,11
Sugar Cane,2915,16
Sugar Cane,2916,16
Sugar Cane,2917,9
Sugar Cane,2918,9
Sugar Cane,2919,16
Sugar Cane,2920,12
Sugar Cane,2921,11
Sugar Cane,2922,17
Sugar Cane,2923,19
Sugar Cane,2924,11
Sugar Cane,2925,24
Sugar Cane,2926,12
Sugar Cane,2927,13
Sugar Cane,2928,10
Sugar Cane,2929,9
Sugar Cane,2930,13
Sugar Cane,2931,10
Sugar Cane,2932,11
Sugar Cane,2933,9
Sugar Cane,2934,12
Sugar Cane,2935,12
Sugar Cane,2936,19
Sugar Cane,2937,12
Sugar Cane,2938,12
Sugar Cane,2939,12
Sugar Cane,2940,10
Sugar Cane,2941,11
Sugar Cane,2942,11
Sugar Cane,2943,13
Sugar Cane,2944,14
Sugar Cane,2945,10
Sugar Cane,2946,23
Sugar Cane,2947,12
Sugar Cane,2948,20
Sugar Cane,2949,16
Sugar Cane,2950,20
Sugar Cane,2951,12
Sugar Cane,2952,8
Sugar Cane,2953,16
Sugar Cane,2954,14
Sugar Cane,2955,11
Sugar Cane,2956,13
Sugar Cane,2957,13
Sugar Cane,2958,14
Sugar Cane,2959,15
Sugar Cane,2960,16
Sugar Cane,2961,11
Sugar Cane,2962,11
Sugar Cane,2963,15
Sugar Cane,2964,8
Sugar Cane,2965,14
Sugar Cane,2966,14
Sugar Cane,2967,19
Sugar Cane,2968,10
Sugar Cane,2969,9
Sugar Cane,2970,24
Sugar Cane,2971,11
Sugar Cane,2972,8
Sugar Cane,2973,17
Sugar Cane,2974,14
Sugar Cane,2975,14
Sugar Cane,2976,10
Sugar Cane,2977,9
Sugar Cane,2978,15
Sugar Cane,2979,18
Sugar Cane,2980,11
Sugar Cane,2981,12
Sugar Cane,2982,23
Sugar Cane,2983,10
Sugar Cane,2984,7
Sugar Cane,2985,16
Sugar Cane,2986,15
Sugar Cane,2987,20
Sugar Cane,2988,14
Sugar Cane,2989,10
Sugar Cane,2990,11
Sugar Cane,2991,14
Sugar Cane,2992,15
Sugar Cane,2993,14
Sugar Cane,2994,11
Sugar Cane,2995,16
Sugar Cane,2996,21
Sugar Cane,2997,28
Sugar Cane,2998,16
Sugar Cane,2999,22
Wheat,0,13
Wheat,1,11
Wheat,2,9
Wheat,3,9
Wheat,4,13
Wheat,5,10
Wheat,6,12
Wheat,7,16
Wheat,8,12
Wheat,9,11
Wheat,10,13
Wheat,11,18
Wheat,12,11
Wheat,13,10
Wheat,14,8
Wheat,15,13
Wheat,16,8
Wheat,17,8
Wheat,18,9
Wheat,19,9
Wheat,20,8
Wheat,21,9
Wheat,22,7
Wheat,23,10
Wheat,24,11
Wheat,25,10
Wheat,26,8
Wheat,27,8
Wheat,28,9
Wheat,29,11
Wheat,30,8
Wheat,31,10
Wheat,32,9
Wheat,33,9
Wheat,34,10
Wheat,35,10
Wheat,36,8
Wheat,37,10
Wheat,38,13
Wheat,39,9
Wheat,40,9
Wheat,41,8
Wheat,42,9
Wheat,43,10
Wheat,44,8
Wheat,45,9
Wheat,46,9
Wheat,47,13
Wheat,48,10
Wheat,49,8
Wheat,50,14
Wheat,51,9
Wheat,52,14
Wheat,53,9
Wheat,54,13
Wheat,55,8
Wheat,56,8
Wheat,57,10
Wheat,58,12
Wheat,59,13
Wheat,60,9
Wheat,61,8
Wheat,62,9
Wheat,63,10
Wheat,64,9
Wheat,65,11
Wheat,66,9
Wheat,67,10
Wheat,68,12
Wheat,69,9
Wheat,70,8
Wheat,71,7
Wheat,72,8
Wheat,73,9
Wheat,74,7
Wheat,75,8
Wheat,76,10
Wheat,77,10
Wheat,78,11
Wheat,79,7
Wheat,80,10
Wheat,81,13
Wheat,82,11
Wheat,83,10
Wheat,84,8
Wheat,85,9
Wheat,86,8
Wheat,87,9
Wheat,88,11
Wheat,89,10
Wheat,90,10
Wheat,91,10
Wheat,92,10
Wheat,93,7
Wheat,94,13
Wheat,95,9
Wheat,96,11
Wheat,97,13
Wheat,98,13
Wheat,99,11
Wheat,100,7
Wheat,101,8
Wheat,102,7
Wheat,103,14
Wheat,104,9
Wheat,105,12
Wheat,106,8
Wheat,107,9
Wheat,108,13
Wheat,109,11
Wheat,110,10
Wheat,111,14
Wheat,112,16
Wheat,113,8
Wheat,114,10
Wheat,115,9
Wheat,116,10
Wheat,117,8
Wheat,118,10
Wheat,119,12
Wheat,120,8
Wheat,121,9
Wheat,122,9
Wheat,123,16
Wheat,124,8
Wheat,125,8
Wheat,126,8
Wheat,127,7
Wheat,128,7
Wheat,129,9
Wheat,130,15
Wheat,131,9
Wheat,132,11
Wheat,133,10
Wheat,134,9
Wheat,135,11
Wheat,136,11
Wheat,137,9
Wheat,138,9
Wheat,139,11
Wheat,140,9
Wheat,141,14
Wheat,142,12
Wheat,143,7
Wheat,144,9
Wheat,145,12
Wheat,146,13
Wheat,147,9
Wheat,148,13
Wheat,149,10
Wheat,150,14
Wheat,151,9
Wheat,152,13
Wheat,153,8
Wheat,154,8
Wheat,155,7
Wheat,156,12
Wheat,157,8
Wheat,158,13
Wheat,159,7
Wheat,160,15
Wheat,161,17
Wheat,162,12
Wheat,163,9
Wheat,164,10
Wheat,165,9
Wheat,166,11
Wheat,167,12
Wheat,168,12
Wheat,169,8
Wheat,170,8
Wheat,171,10
Wheat,172,12
Wheat,173,10
Wheat,174,10
Wheat,175,8
Wheat,176,8
Wheat,177,9
Wheat,178,11
Wheat,179,7
Wheat,180,12
Wheat,181,12
Wheat,182,10
Wheat,183,12
Wheat,184,9
Wheat,185,9
Wheat,186,9
Wheat,187,12
Wheat,188,12
Wheat,189,10
Wheat,190,10
Wheat,191,8
Wheat,192,9
Wheat,193,11
Wheat,194,7
Wheat,195,8
Wheat,196,8
Wheat,197,9
Wheat,198,10
Wheat,199,7
Wheat,200,10
Wheat,201,10
Wheat,202,11
Wheat,203,12
Wheat,204,17
Wheat,205,7
Wheat,206,8
Wheat,207,11
Wheat,208,11
Wheat,209,10
Wheat,210,8
Wheat,211,9
Wheat,212,10
Wheat,213,11
Wheat,214,10
Wheat,215,8
Wheat,216,7
Wheat,217,12
Wheat,218,15
Wheat,219,11
Wheat,220,9
Wheat,221,10
Wheat,222,13
Wheat,223,7
Wheat,224,15
Wheat,225,10
Wheat,226,7
Wheat,227,7
Wheat,228,17
Wheat,229,11
Wheat,230,10
Wheat,231,9
Wheat,232,11
Wheat,233,13
Wheat,234,9
Wheat,235,9
Wheat,236,12
Wheat,237,12
Wheat,238,12
Wheat,239,12
Wheat,240,13
Wheat,241,11
Wheat,242,9
Wheat,243,11
Wheat,244,10
Wheat,245,13
Wheat,246,8
Wheat,247,14
Wheat,248,10
Wheat,249,9
Wheat,250,9
Wheat,251,10
Wheat,252,10
Wheat,253,8
Wheat,254,8
Wheat,255,8
Wheat,256,11
Wheat,257,9
Wheat,258,8
Wheat,259,10
Wheat,260,11
Wheat,261,12
Wheat,262,13
Wheat,263,9
Wheat,264,8
Wheat,265,11
Wheat,266,9
Wheat,267,13
Wheat,268,10
Wheat,269,13
Wheat,270,8
Wheat,271,11
Wheat,272,8
Wheat,273,10
Wheat,274,10
Wheat,275,9
Wheat,276,16
Wheat,277,11
Wheat,278,10
Wheat,279,7
Wheat,280,12
Wheat,281,12
Wheat,282,9
Wheat,283,9
Wheat,284,10
Wheat,285,9
Wheat,286,7
Wheat,287,20
Wheat,288,12
Wheat,289,8
Wheat,290,9
Wheat,291,9
Wheat,292,11
Wheat,293,12
Wheat,294,11
Wheat,295,9
Wheat,296,7
Wheat,297,11
Wheat,298,11
Wheat,299,11
Wheat,300,10
Wheat,301,8
Wheat,302,9
Wheat,303,8
Wheat,304,11
Wheat,305,9
Wheat,306,15
Wheat,307,11
Wheat,308,7
Wheat,309,11
Wheat,310,8
Wheat,311,8
Wheat,312,13
Wheat,313,13
Wheat,314,9
Wheat,315,8
Wheat,316,10
Wheat,317,7
Wheat,318,7
Wheat,319,9
Wheat,320,8
Wheat,321,9
Wheat,322,8
Wheat,323,11
Wheat,324,10
Wheat,325,12
Wheat,326,8
Wheat,327,8
Wheat,328,9
Wheat,329,8
Wheat,330,10
Wheat,331,9
Wheat,332,11
Wheat,333,10
Wheat,334,10
Wheat,335,9
Wheat,336,10
Wheat,337,10
Wheat,338,9
Wheat,339,12
Wheat,340,10
Wheat,341,9
Wheat,342,11
Wheat,343,14
Wheat,344,13
Wheat,345,9
Wheat,346,12
Wheat,347,8
Wheat,348,12
Wheat,349,9
Wheat,350,10
Wheat,351,9
Wheat,352,11
Wheat,353,12
Wheat,354,7
Wheat,355,7
Wheat,356,9
Wheat,357,11
Wheat,358,13
Wheat,359,12
Wheat,360,12
Wheat,361,12
Wheat,362,8
Wheat,363,14
Wheat,364,10
Wheat,365,8
Wheat,366,14
Wheat,367,16
Wheat,368,11
Wheat,369,10
Wheat,370,11
Wheat,371,11
Wheat,372,10
Wheat,373,16
Wheat,374,12
Wheat,375,10
Wheat,376,12
Wheat,377,11
Wheat,378,8
Wheat,379,12
Wheat,380,15
Wheat,381,19
Wheat,382,9
Wheat,383,7
Wheat,384,11
Wheat,385,9
Wheat,386,7
Wheat,387,9
Wheat,388,9
Wheat,389,10
Wheat,390,11
Wheat,391,16
Wheat,392,8
Wheat,393,7
Wheat,394,9
Wheat,395,10
Wheat,396,9
Wheat,397,9
Wheat,398,12
Wheat,399,12
Wheat,400,11
Wheat,401,10
Wheat,402,11
Wheat,403,16
Wheat,404,12
Wheat,405,10
Wheat,406,7
Wheat,407,9
Wheat,408,11
Wheat,409,7
Wheat,410,10
Wheat,411,8
Wheat,412,9
Wheat,413,8
Wheat,414,11
Wheat,415,11
Wheat,416,8
Wheat,417,11
Wheat,418,10
Wheat,419,11
Wheat,420,7
Wheat,421,14
Wheat,422,9
Wheat,423,10
Wheat,424,9
Wheat,425,14
Wheat,426,12
Wheat,427,11
Wheat,428,8
Wheat,429,17
Wheat,430,9
Wheat,431,9
Wheat,432,9
Wheat,433,14
Wheat,434,11
Wheat,435,11
Wheat,436,9
Wheat,437,12
Wheat,438,8
Wheat,439,9
Wheat,440,9
Wheat,441,8
Wheat,442,7
Wheat,443,15
Wheat,444,11
Wheat,445,13
Wheat,446,10
Wheat,447,9
Wheat,448,8
Wheat,449,11
Wheat,450,13
Wheat,451,10
Wheat,452,9
Wheat,453,15
Wheat,454,9
Wheat,455,11
Wheat,456,9
Wheat,457,11
Wheat,458,10
Wheat,459,10
Wheat,460,9
Wheat,461,10
Wheat,462,10
Wheat,463,9
Wheat,464,10
Wheat,465,14
Wheat,466,10
Wheat,467,8
Wheat,468,11
Wheat,469,9
Wheat,470,11
Wheat,471,10
Wheat,472,8
Wheat,473,7
Wheat,474,16
Wheat,475,11
Wheat,476,9
Wheat,477,12
Wheat,478,9
Wheat,479,12
Wheat,480,12
Wheat,481,11
Wheat,482,12
Wheat,483,8
Wheat,484,8
Wheat,485,10
Wheat,486,11
Wheat,487,8
Wheat,488,9
Wheat,489,7
Wheat,490,10
Wheat,491,9
Wheat,492,10
Wheat,493,7
Wheat,494,9
Wheat,495,11
Wheat,496,10
Wheat,497,14
Wheat,498,10
Wheat,499,7
Wheat,500,11
Wheat,501,10
Wheat,502,11
Wheat,503,9
Wheat,504,10
Wheat,505,14
Wheat,506,14
Wheat,507,9
Wheat,508,10
Wheat,509,12
Wheat,510,13
Wheat,511,9
Wheat,512,14
Wheat,513,9
Wheat,514,12
Wheat,515,8
Wheat,516,8
Wheat,517,10
Wheat,518,11
Wheat,519,8
Wheat,520,17
Wheat,521,9
Wheat,522,13
Wheat,523,10
Wheat,524,8
Wheat,525,17
Wheat,526,13
Wheat,527,10
Wheat,528,13
Wheat,529,12
Wheat,530,10
Wheat,531,10
Wheat,532,9
Wheat,533,9
Wheat,534,12
Wheat,535,9
Wheat,536,10
Wheat,537,12
Wheat,538,13
Wheat,539,8
Wheat,540,13
Wheat,541,10
Wheat,542,16
Wheat,543,8
Wheat,544,10
Wheat,545,11
Wheat,546,11
Wheat,547,8
Wheat,548,9
Wheat,549,13
Wheat,550,11
Wheat,551,9
Wheat,552,15
Wheat,553,9
Wheat,554,13
Wheat,555,10
Wheat,556,18
Wheat,557,10
Wheat,558,8
Wheat,559,13
Wheat,560,8
Wheat,561,9
Wheat,562,10
Wheat,563,17
Wheat,564,12
Wheat,565,13
Wheat,566,10
Wheat,567,10
Wheat,568,8
Wheat,569,14
Wheat,570,8
Wheat,571,9
Wheat,572,10
Wheat,573,13
Wheat,574,11
Wheat,575,10
Wheat,576,8
Wheat,577,9
Wheat,578,10
Wheat,579,12
Wheat,580,16
Wheat,581,10
Wheat,582,12
Wheat,583,14
Wheat,584,12
Wheat,585,10
Wheat,586,8
Wheat,587,13
Wheat,588,17
Wheat,589,11
Wheat,590,13
Wheat,591,11
Wheat,592,15
Wheat,593,19
Wheat,594,12
Wheat,595,11
Wheat,596,9
Wheat,597,11
Wheat,598,10
Wheat,599,11
Wheat,600,12
Wheat,601,10
Wheat,602,16
Wheat,603,9
Wheat,604,9
Wheat,605,14
Wheat,606,9
Wheat,607,11
Wheat,608,7
Wheat,609,9
Wheat,610,10
Wheat,611,9
Wheat,612,7
Wheat,613,11
Wheat,614,18
Wheat,615,9
Wheat,616,10
Wheat,617,8
Wheat,618,16
Wheat,619,9
Wheat,620,8
Wheat,621,10
Wheat,622,9
Wheat,623,8
Wheat,624,13
Wheat,625,9
Wheat,626,9
Wheat,627,12
Wheat,628,12
Wheat,629,13
Wheat,630,11
Wheat,631,11
Wheat,632,9
Wheat,633,7
Wheat,634,8
Wheat,635,8
Wheat,636,10
Wheat,637,9
Wheat,638,7
Wheat,639,15
Wheat,640,9
Wheat,641,9
Wheat,642,13
Wheat,643,8
Wheat,644,9
Wheat,645,10
Wheat,646,8
Wheat,647,13
Wheat,648,14
Wheat,649,10
Wheat,650,9
Wheat,651,9
Wheat,652,11
Wheat,653,10
Wheat,654,14
Wheat,655,12
Wheat,656,8
Wheat,657,9
Wheat,658,12
Wheat,659,8
Wheat,660,8
Wheat,661,11
Wheat,662,14
Wheat,663,17
Wheat,664,8
Wheat,665,16
Wheat,666,10
Wheat,667,12
Wheat,668,9
Wheat,669,9
Wheat,670,12
Wheat,671,15
Wheat,672,8
Wheat,673,11
Wheat,674,10
Wheat,675,11
Wheat,676,10
Wheat,677,10
Wheat,678,8
Wheat,679,13
Wheat,680,12
Wheat,681,10
Wheat,682,10
Wheat,683,9
Wheat,684,9
Wheat,685,9
Wheat,686,9
Wheat,687,8
Wheat,688,9
Wheat,689,9
Wheat,690,9
Wheat,691,8
Wheat,692,8
Wheat,693,9
Wheat,694,7
Wheat,695,12
Wheat,696,10
Wheat,697,9
Wheat,698,9
Wheat,699,8
Wheat,700,10
Wheat,701,11
Wheat,702,8
Wheat,703,9
Wheat,704,11
Wheat,705,7
Wheat,706,11
Wheat,707,10
Wheat,708,9
Wheat,709,11
Wheat,710,8
Wheat,711,18
Wheat,712,10
Wheat,713,11
Wheat,714,11
Wheat,715,9
Wheat,716,9
Wheat,717,7
Wheat,718,12
Wheat,719,13
Wheat,720,10
Wheat,721,10
Wheat,722,11
Wheat,723,11
Wheat,724,13
Wheat,725,12
Wheat,726,7
Wheat,727,9
Wheat,728,10
Wheat,729,16
Wheat,730,14
Wheat,731,9
Wheat,732,8
Wheat,733,11
Wheat,734,11
Wheat,735,8
Wheat,736,9
Wheat,737,12
Wheat,738,8
Wheat,739,7
Wheat,740,11
Wheat,741,7
Wheat,742,12
Wheat,743,12
Wheat,744,9
Wheat,745,13
Wheat,746,14
Wheat,747,10
Wheat,748,13
Wheat,749,10
Wheat,750,11
Wheat,751,11
Wheat,752,8
Wheat,753,10
Wheat,754,7
Wheat,755,8
Wheat,756,9
Wheat,757,11
Wheat,758,7
Wheat,759,11
Wheat,760,12
Wheat,761,9
Wheat,762,9
Wheat,763,8
Wheat,764,11
Wheat,765,13
Wheat,766,8
Wheat,767,10
Wheat,768,8
Wheat,769,9
Wheat,770,8
Wheat,771,7
Wheat,772,13
Wheat,773,8
Wheat,774,9
Wheat,775,10
Wheat,776,10
Wheat,777,11
Wheat,778,14
Wheat,779,11
Wheat,780,19
Wheat,781,9
Wheat,782,10
Wheat,783,10
Wheat,784,9
Wheat,785,8
Wheat,786,9
Wheat,787,11
Wheat,788,10
Wheat,789,9
Wheat,790,7
Wheat,791,8
Wheat,792,7
Wheat,793,8
Wheat,794,9
Wheat,795,10
Wheat,796,10
Wheat,797,8
Wheat,798,8
Wheat,799,11
Wheat,800,9
Wheat,801,12
Wheat,802,12
Wheat,803,10
Wheat,804,10
Wheat,805,8
Wheat,806,10
Wheat,807,9
Wheat,808,13
Wheat,809,7
Wheat,810,8
Wheat,811,10
Wheat,812,10
Wheat,813,10
Wheat,814,8
Wheat,815,9
Wheat,816,17
Wheat,817,7
Wheat,818,9
Wheat,819,8
Wheat,820,11
Wheat,821,10
Wheat,822,11
Wheat,823,9
Wheat,824,8
Wheat,825,9
Wheat,826,8
Wheat,827,10
Wheat,828,10
Wheat,829,8
Wheat,830,14
Wheat,831,10
Wheat,832,10
Wheat,833,8
Wheat,834,11
Wheat,835,13
Wheat,836,7
Wheat,837,11
Wheat,838,12
Wheat,839,10
Wheat,840,10
Wheat,841,13
Wheat,842,8
Wheat,843,10
Wheat,844,9
Wheat,845,11
Wheat,846,12
Wheat,847,9
Wheat,848,9
Wheat,849,8
Wheat,850,11
Wheat,851,9
Wheat,852,10
Wheat,853,10
Wheat,854,9
Wheat,855,9
Wheat,856,11
Wheat,857,9
Wheat,858,10
Wheat,859,9
Wheat,860,8
Wheat,861,14
Wheat,862,12
Wheat,863,12
Wheat,864,8
Wheat,865,10
Wheat,866,9
Wheat,867,11
Wheat,868,12
Wheat,869,10
Wheat,870,11
Wheat,871,9
Wheat,872,12
Wheat,873,9
Wheat,874,8
Wheat,875,11
Wheat,876,12
Wheat,877,9
Wheat,878,9
Wheat,879,11
Wheat,880,8
Wheat,881,9
Wheat,882,9
Wheat,883,10
Wheat,884,7
Wheat,885,10
Wheat,886,9
Wheat,887,12
Wheat,888,7
Wheat,889,8
Wheat,890,8
Wheat,891,13
Wheat,892,10
Wheat,893,10
Wheat,894,8
Wheat,895,10
Wheat,896,8
Wheat,897,8
Wheat,898,10
Wheat,899,8
Wheat,900,7
Wheat,901,12
Wheat,902,11
Wheat,903,8
Wheat,904,16
Wheat,905,9
Wheat,906,7
Wheat,907,10
Wheat,908,11
Wheat,909,8
Wheat,910,11
Wheat,911,11
Wheat,912,9
Wheat,913,10
Wheat,914,11
Wheat,915,7
Wheat,916,9
Wheat,917,8
Wheat,918,9
Wheat,919,8
Wheat,920,16
Wheat,921,11
Wheat,922,11
Wheat,923,8
Wheat,924,10
Wheat,925,12
Wheat,926,9
Wheat,927,7
Wheat,928,10
Wheat,929,8
Wheat,930,10
Wheat,931,8
Wheat,932,13
Wheat,933,8
Wheat,934,10
Wheat,935,10
Wheat,936,9
Wheat,937,8
Wheat,938,8
Wheat,939,15
Wheat,940,10
Wheat,941,9
Wheat,942,14
Wheat,943,10
Wheat,944,11
Wheat,945,11
Wheat,946,14
Wheat,947,10
Wheat,948,11
Wheat,949,10
Wheat,950,12
Wheat,951,9
Wheat,952,10
Wheat,953,10
Wheat,954,10
Wheat,955,9
Wheat,956,9
Wheat,957,7
Wheat,958,14
Wheat,959,9
Wheat,960,13
Wheat,961,10
Wheat,962,14
Wheat,963,10
Wheat,964,8
Wheat,965,10
Wheat,966,11
Wheat,967,12
Wheat,968,8
Wheat,969,10
Wheat,970,12
Wheat,971,9
Wheat,972,12
Wheat,973,8
Wheat,974,8
Wheat,975,7
Wheat,976,13
Wheat,977,8
Wheat,978,11
Wheat,979,8
Wheat,980,18
Wheat,981,10
Wheat,982,10
Wheat,983,9
Wheat,984,13
Wheat,985,8
Wheat,986,9
Wheat,987,9
Wheat,988,9
Wheat,989,11
Wheat,990,10
Wheat,991,14
Wheat,992,10
Wheat,993,11
Wheat,994,8
Wheat,995,11
Wheat,996,9
Wheat,997,8
Wheat,998,16
Wheat,999,8
Wheat,1000,10
Wheat,1001,7
Wheat,1002,9
Wheat,1003,8
Wheat,1004,18
Wheat,1005,11
Wheat,1006,8
Wheat,1007,11
Wheat,1008,10
Wheat,1009,12
Wheat,1010,8
Wheat,1011,10
Wheat,1012,8
Wheat,1013,15
Wheat,1014,10
Wheat,1015,14
Wheat,1016,11
Wheat,1017,12
Wheat,1018,17
Wheat,1019,7
Wheat,1020,11
Wheat,1021,11
Wheat,1022,9
Wheat,1023,7
Wheat,1024,13
Wheat,1025,8
Wheat,1026,12
Wheat,1027,12
Wheat,1028,10
Wheat,1029,10
Wheat,1030,9
Wheat,1031,9
Wheat,1032,10
Wheat,1033,10
Wheat,1034,16
Wheat,1035,11
Wheat,1036,11
Wheat,1037,7
Wheat,1038,10
Wheat,1039,11
Wheat,1040,10
Wheat,1041,13
Wheat,1042,10
Wheat,1043,13
Wheat,1044,10
Wheat,1045,8
Wheat,1046,11
Wheat,1047,12
Wheat,1048,9
Wheat,1049,14
Wheat,1050,7
Wheat,1051,10
Wheat,1052,11
Wheat,1053,10
Wheat,1054,10
Wheat,1055,7
Wheat,1056,9
Wheat,1057,12
Wheat,1058,14
Wheat,1059,7
Wheat,1060,8
Wheat,1061,7
Wheat,1062,8
Wheat,1063,15
Wheat,1064,10
Wheat,1065,10
Wheat,1066,8
Wheat,1067,15
Wheat,1068,10
Wheat,1069,7
Wheat,1070,11
Wheat,1071,10
Wheat,1072,9
Wheat,1073,12
Wheat,1074,10
Wheat,1075,8
Wheat,1076,8
Wheat,1077,7
Wheat,1078,7
Wheat,1079,10
Wheat,1080,11
Wheat,1081,10
Wheat,1082,8
Wheat,1083,8
Wheat,1084,8
Wheat,1085,13
Wheat,1086,12
Wheat,1087,10
Wheat,1088,7
Wheat,1089,8
Wheat,1090,18
Wheat,1091,10
Wheat,1092,8
Wheat,1093,12
Wheat,1094,8
Wheat,1095,9
Wheat,1096,8
Wheat,1097,7
Wheat,1098,12
Wheat,1099,11
Wheat,1100,10
Wheat,1101,8
Wheat,1102,9
Wheat,1103,8
Wheat,1104,12
Wheat,1105,10
Wheat,1106,10
Wheat,1107,16
Wheat,1108,8
Wheat,1109,8
Wheat,1110,12
Wheat,1111,9
Wheat,1112,12
Wheat,1113,11
Wheat,1114,9
Wheat,1115,13
Wheat,1116,11
Wheat,1117,9
Wheat,1118,9
Wheat,1119,11
Wheat,1120,8
Wheat,1121,12
Wheat,1122,9
Wheat,1123,10
Wheat,1124,10
Wheat,1125,9
Wheat,1126,7
Wheat,1127,10
Wheat,1128,7
Wheat,1129,7
Wheat,1130,10
Wheat,1131,12
Wheat,1132,10
Wheat,1133,8
Wheat,1134,9
Wheat,1135,9
Wheat,1136,9
Wheat,1137,10
Wheat,1138,9
Wheat,1139,12
Wheat,1140,12
Wheat,1141,10
Wheat,1142,14
Wheat,1143,11
Wheat,1144,12
Wheat,1145,11
Wheat,1146,11
Wheat,1147,9
Wheat,1148,12
Wheat,1149,10
Wheat,1150,8
Wheat,1151,16
Wheat,1152,13
Wheat,1153,8
Wheat,1154,10
Wheat,1155,13
Wheat,1156,11
Wheat,1157,10
Wheat,1158,8
Wheat,1159,9
Wheat,1160,13
Wheat,1161,10
Wheat,1162,12
Wheat,1163,10
Wheat,1164,8
Wheat,1165,7
Wheat,1166,10
Wheat,1167,9
Wheat,1168,8
Wheat,1169,8
Wheat,1170,8
Wheat,1171,9
Wheat,1172,9
Wheat,1173,10
Wheat,1174,17
Wheat,1175,12
Wheat,1176,10
Wheat,1177,9
Wheat,1178,8
Wheat,1179,9
Wheat,1180,9
Wheat,1181,10
Wheat,1182,12
Wheat,1183,12
Wheat,1184,10
Wheat,1185,12
Wheat,1186,9
Wheat,1187,11
Wheat,1188,9
Wheat,1189,10
Wheat,1190,10
Wheat,1191,10
Wheat,1192,14
Wheat,1193,9
Wheat,1194,8
Wheat,1195,10
Wheat,1196,7
Wheat,1197,8
Wheat,1198,10
Wheat,1199,9
Wheat,1200,10
Wheat,1201,14
Wheat,1202,8
Wheat,1203,8
Wheat,1204,9
Wheat,1205,8
Wheat,1206,10
Wheat,1207,9
Wheat,1208,10
Wheat,1209,10
Wheat,1210,10
Wheat,1211,16
Wheat,1212,17
Wheat,1213,11
Wheat,1214,12
Wheat,1215,8
Wheat,1216,12
Wheat,1217,13
Wheat,1218,9
Wheat,1219,7
Wheat,1220,9
Wheat,1221,10
Wheat,1222,10
Wheat,1223,10
Wheat,1224,12
Wheat,1225,13
Wheat,1226,9
Wheat,1227,8
Wheat,1228,9
Wheat,1229,9
Wheat,1230,9
Wheat,1231,12
Wheat,1232,13
Wheat,1233,8
Wheat,1234,9
Wheat,1235,17
Wheat,1236,12
Wheat,1237,9
Wheat,1238,13
Wheat,1239,12
Wheat,1240,11
Wheat,1241,13
Wheat,1242,9
Wheat,1243,15
Wheat,1244,22
Wheat,1245,12
Wheat,1246,12
Wheat,1247,9
Wheat,1248,8
Wheat,1249,10
Wheat,1250,7
Wheat,1251,12
Wheat,1252,8
Wheat,1253,13
Wheat,1254,9
Wheat,1255,11
Wheat,1256,12
Wheat,1257,8
Wheat,1258,11
Wheat,1259,16
Wheat,1260,19
Wheat,1261,8
Wheat,1262,9
Wheat,1263,11
Wheat,1264,9
Wheat,1265,9
Wheat,1266,12
Wheat,1267,10
Wheat,1268,12
Wheat,1269,10
Wheat,1270,9
Wheat,1271,9
Wheat,1272,10
Wheat,1273,12
Wheat,1274,8
Wheat,1275,10
Wheat,1276,12
Wheat,1277,14
Wheat,1278,7
Wheat,1279,11
Wheat,1280,7
Wheat,1281,10
Wheat,1282,9
Wheat,1283,11
Wheat,1284,8
Wheat,1285,17
Wheat,1286,11
Wheat,1287,9
Wheat,1288,10
Wheat,1289,7
Wheat,1290,8
Wheat,1291,9
Wheat,1292,12
Wheat,1293,10
Wheat,1294,11
Wheat,1295,8
Wheat,1296,8
Wheat,1297,7
Wheat,1298,19
Wheat,1299,9
Wheat,1300,9
Wheat,1301,9
Wheat,1302,8
Wheat,1303,9
Wheat,1304,9
Wheat,1305,11
Wheat,1306,14
Wheat,1307,16
Wheat,1308,8
Wheat,1309,9
Wheat,1310,10
Wheat,1311,9
Wheat,1312,9
Wheat,1313,8
Wheat,1314,7
Wheat,1315,17
Wheat,1316,11
Wheat,1317,9
Wheat,1318,7
Wheat,1319,8
Wheat,1320,8
Wheat,1321,8
Wheat,1322,9
Wheat,1323,7
Wheat,1324,10
Wheat,1325,10
Wheat,1326,11
Wheat,1327,9
Wheat,1328,11
Wheat,1329,8
Wheat,1330,13
Wheat,1331,8
Wheat,1332,10
Wheat,1333,7
Wheat,1334,11
Wheat,1335,9
Wheat,1336,9
Wheat,1337,10
Wheat,1338,10
Wheat,1339,8
Wheat,1340,9
Wheat,1341,7
Wheat,1342,10
Wheat,1343,16
Wheat,1344,12
Wheat,1345,11
Wheat,1346,10
Wheat,1347,11
Wheat,1348,10
Wheat,1349,12
Wheat,1350,8
Wheat,1351,7
Wheat,1352,11
Wheat,1353,9
Wheat,1354,13
Wheat,1355,11
Wheat,1356,14
Wheat,1357,7
Wheat,1358,11
Wheat,1359,13
Wheat,1360,11
Wheat,1361,10
Wheat,1362,12
Wheat,1363,8
Wheat,1364,11
Wheat,1365,11
Wheat,1366,10
Wheat,1367,12
Wheat,1368,7
Wheat,1369,9
Wheat,1370,7
Wheat,1371,7
Wheat,1372,10
Wheat,1373,8
Wheat,1374,8
Wheat,1375,8
Wheat,1376,8
Wheat,1377,10
Wheat,1378,12
Wheat,1379,12
Wheat,1380,9
Wheat,1381,14
Wheat,1382,14
Wheat,1383,12
Wheat,1384,14
Wheat,1385,10
Wheat,1386,12
Wheat,1387,10
Wheat,1388,11
Wheat,1389,10
Wheat,1390,9
Wheat,1391,9
Wheat,1392,8
Wheat,1393,10
Wheat,1394,12
Wheat,1395,7
Wheat,1396,12
Wheat,1397,10
Wheat,1398,10
Wheat,1399,11
Wheat,1400,8
Wheat,1401,11
Wheat,1402,9
Wheat,1403,8
Wheat,1404,12
Wheat,1405,10
Wheat,1406,7
Wheat,1407,8
Wheat,1408,12
Wheat,1409,9
Wheat,1410,9
Wheat,1411,18
Wheat,1412,10
Wheat,1413,16
Wheat,1414,7
Wheat,1415,8
Wheat,1416,13
Wheat,1417,10
Wheat,1418,12
Wheat,1419,12
Wheat,1420,9
Wheat,1421,15
Wheat,1422,9
Wheat,1423,9
Wheat,1424,11
Wheat,1425,12
Wheat,1426,8
Wheat,1427,10
Wheat,1428,9
Wheat,1429,9
Wheat,1430,7
Wheat,1431,9
Wheat,1432,11
Wheat,1433,11
Wheat,1434,10
Wheat,1435,12
Wheat,1436,9
Wheat,1437,12
Wheat,1438,12
Wheat,1439,13
Wheat,1440,9
Wheat,1441,13
Wheat,1442,11
Wheat,1443,11
Wheat,1444,14
Wheat,1445,7
Wheat,1446,8
Wheat,1447,13
Wheat,1448,11
Wheat,1449,12
Wheat,1450,12
Wheat,1451,9
Wheat,1452,11
Wheat,1453,9
Wheat,1454,11
Wheat,1455,10
Wheat,1456,11
Wheat,1457,9
Wheat,1458,11
Wheat,1459,11
Wheat,1460,8
Wheat,1461,9
Wheat,1462,10
Wheat,1463,10
Wheat,1464,12
Wheat,1465,9
Wheat,1466,18
Wheat,1467,8
Wheat,1468,9
Wheat,1469,10
Wheat,1470,7
Wheat,1471,11
Wheat,1472,8
Wheat,1473,10
Wheat,1474,12
Wheat,1475,8
Wheat,1476,10
Wheat,1477,13
Wheat,1478,10
Wheat,1479,10
Wheat,1480,10
Wheat,1481,8
Wheat,1482,8
Wheat,1483,11
Wheat,1484,9
Wheat,1485,12
Wheat,1486,12
Wheat,1487,8
Wheat,1488,8
Wheat,1489,10
Wheat,1490,9
Wheat,1491,10
Wheat,1492,13
Wheat,1493,9
Wheat,1494,8
Wheat,1495,10
Wheat,1496,10
Wheat,1497,14
Wheat,1498,15
Wheat,1499,10
Wheat,1500,9
Wheat,1501,11
Wheat,1502,12
Wheat,1503,10
Wheat,1504,7
Wheat,1505,10
Wheat,1506,12
Wheat,1507,9
Wheat,1508,8
Wheat,1509,9
Wheat,1510,18
Wheat,1511,9
Wheat,1512,11
Wheat,1513,8
Wheat,1514,11
Wheat,1515,8
Wheat,1516,8
Wheat,1517,8
Wheat,1518,9
Wheat,1519,8
Wheat,1520,9
Wheat,1521,7
Wheat,1522,14
Wheat,1523,9
Wheat,1524,13
Wheat,1525,16
Wheat,1526,13
Wheat,1527,11
Wheat,1528,13
Wheat,1529,10
Wheat,1530,12
Wheat,1531,9
Wheat,1532,12
Wheat,1533,9
Wheat,1534,7
Wheat,1535,7
Wheat,1536,11
Wheat,1537,10
Wheat,1538,9
Wheat,1539,8
Wheat,1540,13
Wheat,1541,11
Wheat,1542,10
Wheat,1543,15
Wheat,1544,11
Wheat,1545,13
Wheat,1546,7
Wheat,1547,12
Wheat,1548,11
Wheat,1549,9
Wheat,1550,11
Wheat,1551,10
Wheat,1552,8
Wheat,1553,7
Wheat,1554,11
Wheat,1555,12
Wheat,1556,13
Wheat,1557,7
Wheat,1558,13
Wheat,1559,11
Wheat,1560,10
Wheat,1561,11
Wheat,1562,14
Wheat,1563,13
Wheat,1564,10
Wheat,1565,10
Wheat,1566,9
Wheat,1567,9
Wheat,1568,10
Wheat,1569,10
Wheat,1570,9
Wheat,1571,9
Wheat,1572,11
Wheat,1573,11
Wheat,1574,8
Wheat,1575,11
Wheat,1576,10
Wheat,1577,8
Wheat,1578,7
Wheat,1579,11
Wheat,1580,7
Wheat,1581,11
Wheat,1582,8
Wheat,1583,11
Wheat,1584,8
Wheat,1585,10
Wheat,1586,9
Wheat,1587,8
Wheat,1588,9
Wheat,1589,10
Wheat,1590,7
Wheat,1591,9
Wheat,1592,10
Wheat,1593,9
Wheat,1594,9
Wheat,1595,12
Wheat,1596,10
Wheat,1597,8
Wheat,1598,10
Wheat,1599,9
Wheat,1600,11
Wheat,1601,10
Wheat,1602,13
Wheat,1603,8
Wheat,1604,11
Wheat,1605,9
Wheat,1606,12
Wheat,1607,9
Wheat,1608,11
Wheat,1609,15
Wheat,1610,19
Wheat,1611,12
Wheat,1612,11
Wheat,1613,10
Wheat,1614,9
Wheat,1615,9
Wheat,1616,12
Wheat,1617,9
Wheat,1618,10
Wheat,1619,13
Wheat,1620,10
Wheat,1621,10
Wheat,1622,10
Wheat,1623,14
Wheat,1624,9
Wheat,1625,16
Wheat,1626,8
Wheat,1627,15
Wheat,1628,8
Wheat,1629,14
Wheat,1630,7
Wheat,1631,9
Wheat,1632,9
Wheat,1633,10
Wheat,1634,12
Wheat,1635,10
Wheat,1636,11
Wheat,1637,8
Wheat,1638,12
Wheat,1639,11
Wheat,1640,10
Wheat,1641,9
Wheat,1642,12
Wheat,1643,11
Wheat,1644,12
Wheat,1645,12
Wheat,1646,11
Wheat,1647,7
Wheat,1648,8
Wheat,1649,11
Wheat,1650,21
Wheat,1651,9
Wheat,1652,8
Wheat,1653,11
Wheat,1654,8
Wheat,1655,8
Wheat,1656,11
Wheat,1657,7
Wheat,1658,8
Wheat,1659,14
Wheat,1660,10
Wheat,1661,8
Wheat,1662,9
Wheat,1663,10
Wheat,1664,8
Wheat,1665,11
Wheat,1666,11
Wheat,1667,18
Wheat,1668,9
Wheat,1669,9
Wheat,1670,14
Wheat,1671,10
Wheat,1672,11
Wheat,1673,12
Wheat,1674,13
Wheat,1675,10
Wheat,1676,7
Wheat,1677,9
Wheat,1678,8
Wheat,1679,7
Wheat,1680,13
Wheat,1681,11
Wheat,1682,10
Wheat,1683,10
Wheat,1684,12
Wheat,1685,8
Wheat,1686,15
Wheat,1687,11
Wheat,1688,8
Wheat,1689,12
Wheat,1690,13
Wheat,1691,8
Wheat,1692,12
Wheat,1693,8
Wheat,1694,10
Wheat,1695,12
Wheat,1696,12
Wheat,1697,10
Wheat,1698,11
Wheat,1699,11
Wheat,1700,10
Wheat,1701,11
Wheat,1702,8
Wheat,1703,8
Wheat,1704,9
Wheat,1705,14
Wheat,1706,12
Wheat,1707,16
Wheat,1708,9
Wheat,1709,10
Wheat,1710,9
Wheat,1711,9
Wheat,1712,14
Wheat,1713,12
Wheat,1714,9
Wheat,1715,9
Wheat,1716,7
Wheat,1717,8
Wheat,1718,16
Wheat,1719,10
Wheat,1720,11
Wheat,1721,12
Wheat,1722,8
Wheat,1723,10
Wheat,1724,9
Wheat,1725,14
Wheat,1726,9
Wheat,1727,10
Wheat,1728,13
Wheat,1729,10
Wheat,1730,14
Wheat,1731,7
Wheat,1732,13
Wheat,1733,10
Wheat,1734,11
Wheat,1735,13
Wheat,1736,8
Wheat,1737,13
Wheat,1738,12
Wheat,1739,9
Wheat,1740,9
Wheat,1741,11
Wheat,1742,8
Wheat,1743,8
Wheat,1744,11
Wheat,1745,12
Wheat,1746,10
Wheat,1747,16
Wheat,1748,12
Wheat,1749,12
Wheat,1750,12
Wheat,1751,9
Wheat,1752,8
Wheat,1753,12
Wheat,1754,9
Wheat,1755,8
Wheat,1756,8
Wheat,1757,11
Wheat,1758,7
Wheat,1759,10
Wheat,1760,11
Wheat,1761,12
Wheat,1762,10
Wheat,1763,11
Wheat,1764,11
Wheat,1765,11
Wheat,1766,13
Wheat,1767,13
Wheat,1768,10
Wheat,1769,9
Wheat,1770,10
Wheat,1771,7
Wheat,1772,8
Wheat,1773,7
Wheat,1774,13
Wheat,1775,8
Wheat,1776,8
Wheat,1777,8
Wheat,1778,7
Wheat,1779,7
Wheat,1780,8
Wheat,1781,10
Wheat,1782,9
Wheat,1783,9
Wheat,1784,8
Wheat,1785,17
Wheat,1786,12
Wheat,1787,13
Wheat,1788,10
Wheat,1789,12
Wheat,1790,11
Wheat,1791,13
Wheat,1792,11
Wheat,1793,8
Wheat,1794,15
Wheat,1795,9
Wheat,1796,8
Wheat,1797,10
Wheat,1798,9
Wheat,1799,10
Wheat,1800,7
Wheat,1801,10
Wheat,1802,8
Wheat,1803,9
Wheat,1804,10
Wheat,1805,13
Wheat,1806,7
Wheat,1807,13
Wheat,1808,8
Wheat,1809,13
Wheat,1810,9
Wheat,1811,7
Wheat,1812,8
Wheat,1813,14
Wheat,1814,8
Wheat,1815,10
Wheat,1816,10
Wheat,1817,8
Wheat,1818,9
Wheat,1819,11
Wheat,1820,10
Wheat,1821,12
Wheat,1822,11
Wheat,1823,9
Wheat,1824,11
Wheat,1825,8
Wheat,1826,9
Wheat,1827,12
Wheat,1828,8
Wheat,1829,8
Wheat,1830,9
Wheat,1831,8
Wheat,1832,9
Wheat,1833,13
Wheat,1834,11
Wheat,1835,10
Wheat,1836,8
Wheat,1837,12
Wheat,1838,9
Wheat,1839,15
Wheat,1840,7
Wheat,1841,11
Wheat,1842,9
Wheat,1843,10
Wheat,1844,10
Wheat,1845,12
Wheat,1846,11
Wheat,1847,10
Wheat,1848,9
Wheat,1849,14
Wheat,1850,10
Wheat,1851,11
Wheat,1852,9
Wheat,1853,11
Wheat,1854,9
Wheat,1855,11
Wheat,1856,12
Wheat,1857,11
Wheat,1858,11
Wheat,1859,10
Wheat,1860,9
Wheat,1861,10
Wheat,1862,12
Wheat,1863,11
Wheat,1864,10
Wheat,1865,14
Wheat,1866,8
Wheat,1867,10
Wheat,1868,9
Wheat,1869,10
Wheat,1870,9
Wheat,1871,8
Wheat,1872,11
Wheat,1873,9
Wheat,1874,8
Wheat,1875,9
Wheat,1876,10
Wheat,1877,9
Wheat,1878,7
Wheat,1879,9
Wheat,1880,11
Wheat,1881,10
Wheat,1882,9
Wheat,1883,7
Wheat,1884,9
Wheat,1885,8
Wheat,1886,7
Wheat,1887,13
Wheat,1888,12
Wheat,1889,13
Wheat,1890,11
Wheat,1891,14
Wheat,1892,12
Wheat,1893,12
Wheat,1894,9
Wheat,1895,7
Wheat,1896,10
Wheat,1897,11
Wheat,1898,12
Wheat,1899,14
Wheat,1900,10
Wheat,1901,8
Wheat,1902,13
Wheat,1903,10
Wheat,1904,10
Wheat,1905,10
Wheat,1906,11
Wheat,1907,10
Wheat,1908,9
Wheat,1909,11
Wheat,1910,9
Wheat,1911,10
Wheat,1912,8
Wheat,1913,10
Wheat,1914,10
Wheat,1915,13
Wheat,1916,9
Wheat,1917,12
Wheat,1918,8
Wheat,1919,10
Wheat,1920,10
Wheat,1921,12
Wheat,1922,16
Wheat,1923,9
Wheat,1924,9
Wheat,1925,8
Wheat,1926,12
Wheat,1927,11
Wheat,1928,12
Wheat,1929,11
Wheat,1930,10
Wheat,1931,10
Wheat,1932,14
Wheat,1933,12
Wheat,1934,11
Wheat,1935,10
Wheat,1936,9
Wheat,1937,9
Wheat,1938,17
Wheat,1939,7
Wheat,1940,16
Wheat,1941,7
Wheat,1942,7
Wheat,1943,13
Wheat,1944,9
Wheat,1945,13
Wheat,1946,12
Wheat,1947,17
Wheat,1948,8
Wheat,1949,9
Wheat,1950,8
Wheat,1951,11
Wheat,1952,8
Wheat,1953,10
Wheat,1954,10
Wheat,1955,9
Wheat,1956,10
Wheat,1957,12
Wheat,1958,9
Wheat,1959,12
Wheat,1960,9
Wheat,1961,13
Wheat,1962,7
Wheat,1963,8
Wheat,1964,9
Wheat,1965,10
Wheat,1966,12
Wheat,1967,9
Wheat,1968,7
Wheat,1969,9
Wheat,1970,9
Wheat,1971,14
Wheat,1972,12
Wheat,1973,10
Wheat,1974,10
Wheat,1975,10
Wheat,1976,9
Wheat,1977,12
Wheat,1978,11
Wheat,1979,12
Wheat,1980,10
Wheat,1981,10
Wheat,1982,9
Wheat,1983,11
Wheat,1984,10
Wheat,1985,7
Wheat,1986,11
Wheat,1987,8
Wheat,1988,8
Wheat,1989,17
Wheat,1990,9
Wheat,1991,8
Wheat,1992,10
Wheat,1993,13
Wheat,1994,9
Wheat,1995,10
Wheat,1996,9
Wheat,1997,9
Wheat,1998,15
Wheat,1999,14
Wheat,2000,10
Wheat,2001,12
Wheat,2002,10
Wheat,2003,8
Wheat,2004,7
Wheat,2005,8
Wheat,2006,10
Wheat,2007,9
Wheat,2008,11
Wheat,2009,8
Wheat,2010,7
Wheat,2011,8
Wheat,2012,9
Wheat,2013,11
Wheat,2014,11
Wheat,2015,14
Wheat,2016,10
Wheat,2017,13
Wheat,2018,9
Wheat,2019,8
Wheat,2020,13
Wheat,2021,7
Wheat,2022,10
Wheat,2023,7
Wheat,2024,11
Wheat,2025,9
Wheat,2026,10
Wheat,2027,10
Wheat,2028,11
Wheat,2029,9
Wheat,2030,9
Wheat,2031,9
Wheat,2032,9
Wheat,2033,9
Wheat,2034,12
Wheat,2035,13
Wheat,2036,13
Wheat,2037,9
Wheat,2038,8
Wheat,2039,13
Wheat,2040,9
Wheat,2041,11
Wheat,2042,9
Wheat,2043,10
Wheat,2044,7
Wheat,2045,9
Wheat,2046,11
Wheat,2047,12
Wheat,2048,8
Wheat,2049,8
Wheat,2050,8
Wheat,2051,11
Wheat,2052,13
Wheat,2053,11
Wheat,2054,9
Wheat,2055,9
Wheat,2056,10
Wheat,2057,14
Wheat,2058,7
Wheat,2059,8
Wheat,2060,8
Wheat,2061,9
Wheat,2062,11
Wheat,2063,9
Wheat,2064,11
Wheat,2065,14
Wheat,2066,7
Wheat,2067,8
Wheat,2068,11
Wheat,2069,7
Wheat,2070,9
Wheat,2071,11
Wheat,2072,11
Wheat,2073,12
Wheat,2074,13
Wheat,2075,12
Wheat,2076,9
Wheat,2077,10
Wheat,2078,12
Wheat,2079,9
Wheat,2080,9
Wheat,2081,8
Wheat,2082,14
Wheat,2083,11
Wheat,2084,17
Wheat,2085,8
Wheat,2086,14
Wheat,2087,9
Wheat,2088,12
Wheat,2089,9
Wheat,2090,12
Wheat,2091,7
Wheat,2092,12
Wheat,2093,13
Wheat,2094,10
Wheat,2095,11
Wheat,2096,9
Wheat,2097,9
Wheat,2098,9
Wheat,2099,8
Wheat,2100,9
Wheat,2101,9
Wheat,2102,13
Wheat,2103,12
Wheat,2104,11
Wheat,2105,15
Wheat,2106,12
Wheat,2107,12
Wheat,2108,8
Wheat,2109,8
Wheat,2110,15
Wheat,2111,11
Wheat,2112,8
Wheat,2113,7
Wheat,2114,11
Wheat,2115,9
Wheat,2116,12
Wheat,2117,7
Wheat,2118,9
Wheat,2119,7
Wheat,2120,8
Wheat,2121,11
Wheat,2122,9
Wheat,2123,12
Wheat,2124,9
Wheat,2125,8
Wheat,2126,9
Wheat,2127,14
Wheat,2128,10
Wheat,2129,10
Wheat,2130,12
Wheat,2131,10
Wheat,2132,7
Wheat,2133,9
Wheat,2134,11
Wheat,2135,7
Wheat,2136,9
Wheat,2137,9
Wheat,2138,11
Wheat,2139,14
Wheat,2140,10
Wheat,2141,8
Wheat,2142,8
Wheat,2143,9
Wheat,2144,11
Wheat,2145,9
Wheat,2146,18
Wheat,2147,9
Wheat,2148,11
Wheat,2149,13
Wheat,2150,12
Wheat,2151,11
Wheat,2152,11
Wheat,2153,11
Wheat,2154,10
Wheat,2155,16
Wheat,2156,13
Wheat,2157,9
Wheat,2158,9
Wheat,2159,9
Wheat,2160,10
Wheat,2161,10
Wheat,2162,11
Wheat,2163,9
Wheat,2164,11
Wheat,2165,10
Wheat,2166,17
Wheat,2167,8
Wheat,2168,10
Wheat,2169,12
Wheat,2170,9
Wheat,2171,9
Wheat,2172,12
Wheat,2173,9
Wheat,2174,10
Wheat,2175,11
Wheat,2176,12
Wheat,2177,7
Wheat,2178,14
Wheat,2179,14
Wheat,2180,10
Wheat,2181,11
Wheat,2182,10
Wheat,2183,8
Wheat,2184,8
Wheat,2185,8
Wheat,2186,13
Wheat,2187,8
Wheat,2188,11
Wheat,2189,9
Wheat,2190,7
Wheat,2191,11
Wheat,2192,11
Wheat,2193,9
Wheat,2194,13
Wheat,2195,8
Wheat,2196,11
Wheat,2197,14
Wheat,2198,8
Wheat,2199,8
Wheat,2200,9
Wheat,2201,10
Wheat,2202,8
Wheat,2203,11
Wheat,2204,9
Wheat,2205,9
Wheat,2206,8
Wheat,2207,13
Wheat,2208,12
Wheat,2209,7
Wheat,2210,13
Wheat,2211,10
Wheat,2212,10
Wheat,2213,10
Wheat,2214,11
Wheat,2215,7
Wheat,2216,10
Wheat,2217,10
Wheat,2218,10
Wheat,2219,8
Wheat,2220,9
Wheat,2221,9
Wheat,2222,11
Wheat,2223,8
Wheat,2224,8
Wheat,2225,9
Wheat,2226,11
Wheat,2227,11
Wheat,2228,14
Wheat,2229,11
Wheat,2230,8
Wheat,2231,10
Wheat,2232,10
Wheat,2233,9
Wheat,2234,12
Wheat,2235,11
Wheat,2236,18
Wheat,2237,8
Wheat,2238,11
Wheat,2239,7
Wheat,2240,11
Wheat,2241,9
Wheat,2242,13
Wheat,2243,8
Wheat,2244,8
Wheat,2245,7
Wheat,2246,7
Wheat,2247,11
Wheat,2248,7
Wheat,2249,10
Wheat,2250,8
Wheat,2251,9
Wheat,2252,7
Wheat,2253,8
Wheat,2254,11
Wheat,2255,7
Wheat,2256,17
Wheat,2257,9
Wheat,2258,11
Wheat,2259,9
Wheat,2260,8
Wheat,2261,10
Wheat,2262,8
Wheat,2263,10
Wheat,2264,10
Wheat,2265,17
Wheat,2266,11
Wheat,2267,11
Wheat,2268,11
Wheat,2269,15
Wheat,2270,10
Wheat,2271,9
Wheat,2272,9
Wheat,2273,9
Wheat,2274,10
Wheat,2275,10
Wheat,2276,10
Wheat,2277,10
Wheat,2278,12
Wheat,2279,9
Wheat,2280,10
Wheat,2281,14
Wheat,2282,8
Wheat,2283,13
Wheat,2284,8
Wheat,2285,15
Wheat,2286,8
Wheat,2287,8
Wheat,2288,8
Wheat,2289,11
Wheat,2290,8
Wheat,2291,12
Wheat,2292,9
Wheat,2293,11
Wheat,2294,10
Wheat,2295,15
Wheat,2296,8
Wheat,2297,14
Wheat,2298,10
Wheat,2299,7
Wheat,2300,8
Wheat,2301,14
Wheat,2302,11
Wheat,2303,9
Wheat,2304,8
Wheat,2305,11
Wheat,2306,10
Wheat,2307,12
Wheat,2308,14
Wheat,2309,12
Wheat,2310,11
Wheat,2311,8
Wheat,2312,10
Wheat,2313,9
Wheat,2314,8
Wheat,2315,10
Wheat,2316,9
Wheat,2317,9
Wheat,2318,10
Wheat,2319,10
Wheat,2320,15
Wheat,2321,10
Wheat,2322,9
Wheat,2323,10
Wheat,2324,8
Wheat,2325,14
Wheat,2326,11
Wheat,2327,10
Wheat,2328,15
Wheat,2329,11
Wheat,2330,9
Wheat,2331,10
Wheat,2332,9
Wheat,2333,10
Wheat,2334,8
Wheat,2335,10
Wheat,2336,15
Wheat,2337,7
Wheat,2338,9
Wheat,2339,9
Wheat,2340,16
Wheat,2341,14
Wheat,2342,8
Wheat,2343,9
Wheat,2344,11
Wheat,2345,12
Wheat,2346,13
Wheat,2347,9
Wheat,2348,8
Wheat,2349,9
Wheat,2350,9
Wheat,2351,9
Wheat,2352,11
Wheat,2353,8
Wheat,2354,9
Wheat,2355,10
Wheat,2356,7
Wheat,2357,11
Wheat,2358,16
Wheat,2359,11
Wheat,2360,8
Wheat,2361,11
Wheat,2362,10
Wheat,2363,8
Wheat,2364,12
Wheat,2365,15
Wheat,2366,14
Wheat,2367,10
Wheat,2368,8
Wheat,2369,8
Wheat,2370,15
Wheat,2371,18
Wheat,2372,10
Wheat,2373,12
Wheat,2374,13
Wheat,2375,15
Wheat,2376,11
Wheat,2377,8
Wheat,2378,11
Wheat,2379,9
Wheat,2380,14
Wheat,2381,11
Wheat,2382,7
Wheat,2383,9
Wheat,2384,8
Wheat,2385,9
Wheat,2386,9
Wheat,2387,16
Wheat,2388,11
Wheat,2389,9
Wheat,2390,10
Wheat,2391,10
Wheat,2392,10
Wheat,2393,12
Wheat,2394,12
Wheat,2395,11
Wheat,2396,8
Wheat,2397,11
Wheat,2398,8
Wheat,2399,8
Wheat,2400,10
Wheat,2401,8
Wheat,2402,9
Wheat,2403,12
Wheat,2404,10
Wheat,2405,11
Wheat,2406,12
Wheat,2407,16
Wheat,2408,14
Wheat,2409,12
Wheat,2410,9
Wheat,2411,8
Wheat,2412,14
Wheat,2413,10
Wheat,2414,12
Wheat,2415,14
Wheat,2416,12
Wheat,2417,11
Wheat,2418,8
Wheat,2419,14
Wheat,2420,8
Wheat,2421,11
Wheat,2422,10
Wheat,2423,13
Wheat,2424,8
Wheat,2425,11
Wheat,2426,9
Wheat,2427,13
Wheat,2428,12
Wheat,2429,10
Wheat,2430,12
Wheat,2431,11
Wheat,2432,10
Wheat,2433,14
Wheat,2434,8
Wheat,2435,10
Wheat,2436,8
Wheat,2437,10
Wheat,2438,7
Wheat,2439,11
Wheat,2440,8
Wheat,2441,10
Wheat,2442,14
Wheat,2443,10
Wheat,2444,8
Wheat,2445,11
Wheat,2446,12
Wheat,2447,9
Wheat,2448,8
Wheat,2449,13
Wheat,2450,12
Wheat,2451,11
Wheat,2452,7
Wheat,2453,10
Wheat,2454,10
Wheat,2455,9
Wheat,2456,9
Wheat,2457,10
Wheat,2458,7
Wheat,2459,9
Wheat,2460,13
Wheat,2461,11
Wheat,2462,10
Wheat,2463,16
Wheat,2464,11
Wheat,2465,11
Wheat,2466,10
Wheat,2467,9
Wheat,2468,7
Wheat,2469,11
Wheat,2470,10
Wheat,2471,12
Wheat,2472,8
Wheat,2473,7
Wheat,2474,9
Wheat,2475,11
Wheat,2476,10
Wheat,2477,13
Wheat,2478,12
Wheat,2479,10
Wheat,2480,11
Wheat,2481,11
Wheat,2482,7
Wheat,2483,11
Wheat,2484,8
Wheat,2485,10
Wheat,2486,10
Wheat,2487,10
Wheat,2488,9
Wheat,2489,11
Wheat,2490,8
Wheat,2491,9
Wheat,2492,12
Wheat,2493,15
Wheat,2494,7
Wheat,2495,10
Wheat,2496,13
Wheat,2497,10
Wheat,2498,12
Wheat,2499,11
Wheat,2500,8
Wheat,2501,8
Wheat,2502,10
Wheat,2503,10
Wheat,2504,8
Wheat,2505,7
Wheat,2506,8
Wheat,2507,12
Wheat,2508,11
Wheat,2509,13
Wheat,2510,7
Wheat,2511,15
Wheat,2512,9
Wheat,2513,11
Wheat,2514,13
Wheat,2515,9
Wheat,2516,10
Wheat,2517,7
Wheat,2518,11
Wheat,2519,10
Wheat,2520,11
Wheat,2521,7
Wheat,2522,7
Wheat,2523,11
Wheat,2524,10
Wheat,2525,9
Wheat,2526,9
Wheat,2527,9
Wheat,2528,10
Wheat,2529,8
Wheat,2530,11
Wheat,2531,7
Wheat,2532,11
Wheat,2533,10
Wheat,2534,8
Wheat,2535,11
Wheat,2536,11
Wheat,2537,11
Wheat,2538,8
Wheat,2539,12
Wheat,2540,9
Wheat,2541,10
Wheat,2542,9
Wheat,2543,7
Wheat,2544,12
Wheat,2545,10
Wheat,2546,10
Wheat,2547,13
Wheat,2548,11
Wheat,2549,10
Wheat,2550,12
Wheat,2551,7
Wheat,2552,9
Wheat,2553,10
Wheat,2554,10
Wheat,2555,11
Wheat,2556,8
Wheat,2557,8
Wheat,2558,7
Wheat,2559,8
Wheat,2560,8
Wheat,2561,12
Wheat,2562,12
Wheat,2563,8
Wheat,2564,10
Wheat,2565,10
Wheat,2566,18
Wheat,2567,10
Wheat,2568,9
Wheat,2569,12
Wheat,2570,11
Wheat,2571,10
Wheat,2572,9
Wheat,2573,7
Wheat,2574,9
Wheat,2575,8
Wheat,2576,9
Wheat,2577,11
Wheat,2578,14
Wheat,2579,10
Wheat,2580,8
Wheat,2581,10
Wheat,2582,11
Wheat,2583,9
Wheat,2584,7
Wheat,2585,11
Wheat,2586,13
Wheat,2587,10
Wheat,2588,13
Wheat,2589,10
Wheat,2590,8
Wheat,2591,8
Wheat,2592,9
Wheat,2593,10
Wheat,2594,12
Wheat,2595,15
Wheat,2596,7
Wheat,2597,9
Wheat,2598,10
Wheat,2599,7
Wheat,2600,9
Wheat,2601,8
Wheat,2602,9
Wheat,2603,11
Wheat,2604,9
Wheat,2605,12
Wheat,2606,8
Wheat,2607,10
Wheat,2608,10
Wheat,2609,11
Wheat,2610,9
Wheat,2611,10
Wheat,2612,8
Wheat,2613,9
Wheat,2614,15
Wheat,2615,15
Wheat,2616,7
Wheat,2617,8
Wheat,2618,12
Wheat,2619,10
Wheat,2620,13
Wheat,2621,9
Wheat,2622,8
Wheat,2623,11
Wheat,2624,10
Wheat,2625,9
Wheat,2626,9
Wheat,2627,9
Wheat,2628,13
Wheat,2629,8
Wheat,2630,9
Wheat,2631,12
Wheat,2632,11
Wheat,2633,7
Wheat,2634,10
Wheat,2635,13
Wheat,2636,9
Wheat,2637,9
Wheat,2638,15
Wheat,2639,10
Wheat,2640,11
Wheat,2641,10
Wheat,2642,15
Wheat,2643,14
Wheat,2644,12
Wheat,2645,9
Wheat,2646,7
Wheat,2647,10
Wheat,2648,11
Wheat,2649,12
Wheat,2650,8
Wheat,2651,8
Wheat,2652,8
Wheat,2653,12
Wheat,2654,8
Wheat,2655,10
Wheat,2656,11
Wheat,2657,10
Wheat,2658,10
Wheat,2659,11
Wheat,2660,10
Wheat,2661,8
Wheat,2662,12
Wheat,2663,12
Wheat,2664,14
Wheat,2665,7
Wheat,2666,14
Wheat,2667,9
Wheat,2668,8
Wheat,2669,9
Wheat,2670,13
Wheat,2671,10
Wheat,2672,10
Wheat,2673,10
Wheat,2674,8
Wheat,2675,15
Wheat,2676,12
Wheat,2677,7
Wheat,2678,9
Wheat,2679,14
Wheat,2680,10
Wheat,2681,13
Wheat,2682,10
Wheat,2683,13
Wheat,2684,8
Wheat,2685,12
Wheat,2686,8
Wheat,2687,11
Wheat,2688,8
Wheat,2689,9
Wheat,2690,11
Wheat,2691,12
Wheat,2692,9
Wheat,2693,13
Wheat,2694,8
Wheat,2695,8
Wheat,2696,11
Wheat,2697,17
Wheat,2698,9
Wheat,2699,7
Wheat,2700,7
Wheat,2701,10
Wheat,2702,14
Wheat,2703,8
Wheat,2704,9
Wheat,2705,10
Wheat,2706,10
Wheat,2707,11
Wheat,2708,9
Wheat,2709,11
Wheat,2710,11
Wheat,2711,8
Wheat,2712,13
Wheat,2713,12
Wheat,2714,10
Wheat,2715,12
Wheat,2716,9
Wheat,2717,15
Wheat,2718,13
Wheat,2719,7
Wheat,2720,7
Wheat,2721,9
Wheat,2722,10
Wheat,2723,7
Wheat,2724,8
Wheat,2725,9
Wheat,2726,8
Wheat,2727,9
Wheat,2728,7
Wheat,2729,8
Wheat,2730,10
Wheat,2731,10
Wheat,2732,9
Wheat,2733,10
Wheat,2734,7
Wheat,2735,9
Wheat,2736,8
Wheat,2737,10
Wheat,2738,11
Wheat,2739,9
Wheat,2740,7
Wheat,2741,10
Wheat,2742,11
Wheat,2743,9
Wheat,2744,9
Wheat,2745,10
Wheat,2746,12
Wheat,2747,9
Wheat,2748,12
Wheat,2749,9
Wheat,2750,11
Wheat,2751,9
Wheat,2752,14
Wheat,2753,11
Wheat,2754,10
Wheat,2755,12
Wheat,2756,13
Wheat,2757,10
Wheat,2758,11
Wheat,2759,8
Wheat,2760,8
Wheat,2761,10
Wheat,2762,13
Wheat,2763,8
Wheat,2764,8
Wheat,2765,10
Wheat,2766,9
Wheat,2767,9
Wheat,2768,9
Wheat,2769,7
Wheat,2770,10
Wheat,2771,8
Wheat,2772,12
Wheat,2773,10
Wheat,2774,9
Wheat,2775,13
Wheat,2776,12
Wheat,2777,13
Wheat,2778,10
Wheat,2779,10
Wheat,2780,10
Wheat,2781,9
Wheat,2782,12
Wheat,2783,12
Wheat,2784,10
Wheat,2785,11
Wheat,2786,12
Wheat,2787,8
Wheat,2788,9
Wheat,2789,13
Wheat,2790,9
Wheat,2791,11
Wheat,2792,13
Wheat,2793,11
Wheat,2794,8
Wheat,2795,7
Wheat,2796,10
Wheat,2797,11
Wheat,2798,12
Wheat,2799,11
Wheat,2800,10
Wheat,2801,9
Wheat,2802,13
Wheat,2803,10
Wheat,2804,18
Wheat,2805,10
Wheat,2806,8
Wheat,2807,15
Wheat,2808,9
Wheat,2809,12
Wheat,2810,10
Wheat,2811,9
Wheat,2812,9
Wheat,2813,7
Wheat,2814,9
Wheat,2815,11
Wheat,2816,9
Wheat,2817,10
Wheat,2818,10
Wheat,2819,11
Wheat,2820,22
Wheat,2821,10
Wheat,2822,10
Wheat,2823,9
Wheat,2824,10
Wheat,2825,11
Wheat,2826,11
Wheat,2827,11
Wheat,2828,13
Wheat,2829,9
Wheat,2830,7
Wheat,2831,8
Wheat,2832,10
Wheat,2833,12
Wheat,2834,9
Wheat,2835,10
Wheat,2836,7
Wheat,2837,9
Wheat,2838,12
Wheat,2839,11
Wheat,2840,10
Wheat,2841,8
Wheat,2842,9
Wheat,2843,10
Wheat,2844,11
Wheat,2845,8
Wheat,2846,11
Wheat,2847,10
Wheat,2848,9
Wheat,2849,10
Wheat,2850,9
Wheat,2851,11
Wheat,2852,9
Wheat,2853,15
Wheat,2854,19
Wheat,2855,10
Wheat,2856,9
Wheat,2857,8
Wheat,2858,8
Wheat,2859,10
Wheat,2860,12
Wheat,2861,10
Wheat,2862,9
Wheat,2863,8
Wheat,2864,10
Wheat,2865,8
Wheat,2866,12
Wheat,2867,9
Wheat,2868,12
Wheat,2869,11
Wheat,2870,14
Wheat,2871,9
Wheat,2872,11
Wheat,2873,10
Wheat,2874,11
Wheat,2875,11
Wheat,2876,12
Wheat,2877,11
Wheat,2878,9
Wheat,2879,9
Wheat,2880,8
Wheat,2881,12
Wheat,2882,12
Wheat,2883,11
Wheat,2884,9
Wheat,2885,12
Wheat,2886,11
Wheat,2887,13
Wheat,2888,14
Wheat,2889,11
Wheat,2890,11
Wheat,2891,10
Wheat,2892,8
Wheat,2893,8
Wheat,2894,9
Wheat,2895,9
Wheat,2896,8
Wheat,2897,9
Wheat,2898,8
Wheat,2899,8
Wheat,2900,12
Wheat,2901,7
Wheat,2902,10
Wheat,2903,11
Wheat,2904,9
Wheat,2905,11
Wheat,2906,10
Wheat,2907,14
Wheat,2908,12
Wheat,2909,9
Wheat,2910,9
Wheat,2911,8
Wheat,2912,13
Wheat,2913,8
Wheat,2914,11
Wheat,2915,9
Wheat,2916,11
Wheat,2917,8
Wheat,2918,11
Wheat,2919,9
Wheat,2920,10
Wheat,2921,10
Wheat,2922,14
Wheat,2923,7
Wheat,2924,14
Wheat,2925,10
Wheat,2926,11
Wheat,2927,9
Wheat,2928,11
Wheat,2929,9
Wheat,2930,14
Wheat,2931,12
Wheat,2932,9
Wheat,2933,12
Wheat,2934,7
Wheat,2935,10
Wheat,2936,14
Wheat,2937,11
Wheat,2938,10
Wheat,2939,12
Wheat,2940,9
Wheat,2941,13
Wheat,2942,9
Wheat,2943,7
Wheat,2944,8
Wheat,2945,11
Wheat,2946,11
Wheat,2947,9
Wheat,2948,8
Wheat,2949,13
Wheat,2950,11
Wheat,2951,9
Wheat,2952,10
Wheat,2953,12
Wheat,2954,9
Wheat,2955,15
Wheat,2956,10
Wheat,2957,7
Wheat,2958,9
Wheat,2959,15
Wheat,2960,10
Wheat,2961,8
Wheat,2962,8
Wheat,2963,10
Wheat,2964,11
Wheat,2965,9
Wheat,2966,7
Wheat,2967,14
Wheat,2968,10
Wheat,2969,11
Wheat,2970,9
Wheat,2971,8
Wheat,2972,13
Wheat,2973,11
Wheat,2974,12
Wheat,2975,11
Wheat,2976,11
Wheat,2977,11
Wheat,2978,10
Wheat,2979,8
Wheat,2980,9
Wheat,2981,10
Wheat,2982,15
Wheat,2983,11
Wheat,2984,11
Wheat,2985,13
Wheat,2986,13
Wheat,2987,10
Wheat,2988,11
Wheat,2989,15
Wheat,2990,9
Wheat,2991,16
Wheat,2992,7
Wheat,2993,12
Wheat,2994,12
Wheat,2995,9
Wheat,2996,12
Wheat,2997,13
Wheat,2998,9
Wheat,2999,13
Wheat Seeds,0,11
Wheat Seeds,1,14
Wheat Seeds,2,14
Wheat Seeds,3,13
Wheat Seeds,4,21
Wheat Seeds,5,25
Wheat Seeds,6,14
Wheat Seeds,7,32
Wheat Seeds,8,28
Wheat Seeds,9,8
Wheat Seeds,10,14
Wheat Seeds,11,20
Wheat Seeds,12,28
Wheat Seeds,13,29
Wheat Seeds,14,14
Wheat Seeds,15,12
Wheat Seeds,16,22
Wheat Seeds,17,27
Wheat Seeds,18,15
Wheat Seeds,19,25
Wheat Seeds,20,21
Wheat Seeds,21,17
Wheat Seeds,22,31
Wheat Seeds,23,18
Wheat Seeds,24,26
Wheat Seeds,25,11
Wheat Seeds,26,13
Wheat Seeds,27,23
Wheat Seeds,28,20
Wheat Seeds,29,15
Wheat Seeds,30,21
Wheat Seeds,31,13
Wheat Seeds,32,26
Wheat Seeds,33,25
Wheat Seeds,34,11
Wheat Seeds,35,29
Wheat Seeds,36,17
Wheat Seeds,37,20
Wheat Seeds,38,36
Wheat Seeds,39,20
Wheat Seeds,40,26
Wheat Seeds,41,33
Wheat Seeds,42,11
Wheat Seeds,43,30
Wheat Seeds,44,15
Wheat Seeds,45,32
Wheat Seeds,46,31
Wheat Seeds,47,35
Wheat Seeds,48,13
Wheat Seeds,49,14
Wheat Seeds,50,11
Wheat Seeds,51,27
Wheat Seeds,52,18
Wheat Seeds,53,12
Wheat Seeds,54,15
Wheat Seeds,55,13
Wheat Seeds,56,29
Wheat Seeds,57,20
Wheat Seeds,58,22
Wheat Seeds,59,19
Wheat Seeds,60,20
Wheat Seeds,61,17
Wheat Seeds,62,28
Wheat Seeds,63,36
Wheat Seeds,64,29
Wheat Seeds,65,25
Wheat Seeds,66,15
Wheat Seeds,67,31
Wheat Seeds,68,18
Wheat Seeds,69,11
Wheat Seeds,70,15
Wheat Seeds,71,18
Wheat Seeds,72,33
Wheat Seeds,73,19
Wheat Seeds,74,23
Wheat Seeds,75,12
Wheat Seeds,76,21
Wheat Seeds,77,14
Wheat Seeds,78,20
Wheat Seeds,79,14
Wheat Seeds,80,20
Wheat Seeds,81,23
Wheat Seeds,82,21
Wheat Seeds,83,35
Wheat Seeds,84,19
Wheat Seeds,85,16
Wheat Seeds,86,17
Wheat Seeds,87,17
Wheat Seeds,88,16
Wheat Seeds,89,21
Wheat Seeds,90,20
Wheat Seeds,91,34
Wheat Seeds,92,24
Wheat Seeds,93,22
Wheat Seeds,94,21
Wheat Seeds,95,20
Wheat Seeds,96,28
Wheat Seeds,97,12
Wheat Seeds,98,21
Wheat Seeds,99,21
Wheat Seeds,100,21
Wheat Seeds,101,18
Wheat Seeds,102,9
Wheat Seeds,103,12
Wheat Seeds,104,19
Wheat Seeds,105,17
Wheat Seeds,106,20
Wheat Seeds,107,16
Wheat Seeds,108,15
Wheat Seeds,109,13
Wheat Seeds,110,16
Wheat Seeds,111,22
Wheat Seeds,112,17
Wheat Seeds,113,14
Wheat Seeds,114,14
Wheat Seeds,115,20
Wheat Seeds,116,15
Wheat Seeds,117,13
Wheat Seeds,118,33
Wheat Seeds,119,22
Wheat Seeds,120,30
Wheat Seeds,121,21
Wheat Seeds,122,15
Wheat Seeds,123,20
Wheat Seeds,124,21
Wheat Seeds,125,17
Wheat Seeds,126,17
Wheat Seeds,127,29
Wheat Seeds,128,22
Wheat Seeds,129,13
Wheat Seeds,130,27
Wheat Seeds,131,19
Wheat Seeds,132,14
Wheat Seeds,133,27
Wheat Seeds,134,13
Wheat Seeds,135,17
Wheat Seeds,136,19
Wheat Seeds,137,13
Wheat Seeds,138,25
Wheat Seeds,139,24
Wheat Seeds,140,21
Wheat Seeds,141,14
Wheat Seeds,142,24
Wheat Seeds,143,16
Wheat Seeds,144,34
Wheat Seeds,145,16
Wheat Seeds,146,17
Wheat Seeds,147,22
Wheat Seeds,148,11
Wheat Seeds,149,18
Wheat Seeds,150,15
Wheat Seeds,151,23
Wheat Seeds,152,13
Wheat Seeds,153,17
Wheat Seeds,154,19
Wheat Seeds,155,12
Wheat Seeds,156,20
Wheat Seeds,157,22
Wheat Seeds,158,12
Wheat Seeds,159,29
Wheat Seeds,160,13
Wheat Seeds,161,13
Wheat Seeds,162,24
Wheat Seeds,163,18
Wheat Seeds,164,29
Wheat Seeds,165,13
Wheat Seeds,166,26
Wheat Seeds,167,22
Wheat Seeds,168,16
Wheat Seeds,169,12
Wheat Seeds,170,23
Wheat Seeds,171,15
Wheat Seeds,172,18
Wheat Seeds,173,36
Wheat Seeds,174,25
Wheat Seeds,175,17
Wheat Seeds,176,17
Wheat Seeds,177,24
Wheat Seeds,178,19
Wheat Seeds,179,23
Wheat Seeds,180,24
Wheat Seeds,181,23
Wheat Seeds,182,16
Wheat Seeds,183,23
Wheat Seeds,184,17
Wheat Seeds,185,30
Wheat Seeds,186,33
Wheat Seeds,187,15
Wheat Seeds,188,29
Wheat Seeds,189,21
Wheat Seeds,190,24
Wheat Seeds,191,25
Wheat Seeds,192,25
Wheat Seeds,193,17
Wheat Seeds,194,40
Wheat Seeds,195,23
Wheat Seeds,196,26
Wheat Seeds,197,12
Wheat Seeds,198,21
Wheat Seeds,199,17
Wheat Seeds,200,22
Wheat Seeds,201,25
Wheat Seeds,202,27
Wheat Seeds,203,13
Wheat Seeds,204,20
Wheat Seeds,205,27
Wheat Seeds,206,36
Wheat Seeds,207,12
Wheat Seeds,208,26
Wheat Seeds,209,8
Wheat Seeds,210,28
Wheat Seeds,211,12
Wheat Seeds,212,19
Wheat Seeds,213,17
Wheat Seeds,214,15
Wheat Seeds,215,22
Wheat Seeds,216,32
Wheat Seeds,217,29
Wheat Seeds,218,12
Wheat Seeds,219,21
Wheat Seeds,220,35
Wheat Seeds,221,20
Wheat Seeds,222,15
Wheat Seeds,223,34
Wheat Seeds,224,22
Wheat Seeds,225,15
Wheat Seeds,226,16
Wheat Seeds,227,18
Wheat Seeds,228,23
Wheat Seeds,229,24
Wheat Seeds,230,19
Wheat Seeds,231,15
Wheat Seeds,232,15
Wheat Seeds,233,12
Wheat Seeds,234,26
Wheat Seeds,235,17
Wheat Seeds,236,21
Wheat Seeds,237,13
Wheat Seeds,238,17
Wheat Seeds,239,28
Wheat Seeds,240,32
Wheat Seeds,241,17
Wheat Seeds,242,26
Wheat Seeds,243,13
Wheat Seeds,244,19
Wheat Seeds,245,15
Wheat Seeds,246,25
Wheat Seeds,247,39
Wheat Seeds,248,13
Wheat Seeds,249,31
Wheat Seeds,250,26
Wheat Seeds,251,24
Wheat Seeds,252,23
Wheat Seeds,253,12
Wheat Seeds,254,33
Wheat Seeds,255,23
Wheat Seeds,256,17
Wheat Seeds,257,12
Wheat Seeds,258,17
Wheat Seeds,259,17
Wheat Seeds,260,12
Wheat Seeds,261,17
Wheat Seeds,262,10
Wheat Seeds,263,23
Wheat Seeds,264,22
Wheat Seeds,265,24
Wheat Seeds,266,44
Wheat Seeds,267,15
Wheat Seeds,268,23
Wheat Seeds,269,26
Wheat Seeds,270,23
Wheat Seeds,271,23
Wheat Seeds,272,16
Wheat Seeds,273,19
Wheat Seeds,274,19
Wheat Seeds,275,10
Wheat Seeds,276,14
Wheat Seeds,277,22
Wheat Seeds,278,12
Wheat Seeds,279,27
Wheat Seeds,280,31
Wheat Seeds,281,11
Wheat Seeds,282,18
Wheat Seeds,283,25
Wheat Seeds,284,23
Wheat Seeds,285,16
Wheat Seeds,286,25
Wheat Seeds,287,20
Wheat Seeds,288,32
Wheat Seeds,289,20
Wheat Seeds,290,24
Wheat Seeds,291,26
Wheat Seeds,292,17
Wheat Seeds,293,32
Wheat Seeds,294,21
Wheat Seeds,295,23
Wheat Seeds,296,31
Wheat Seeds,297,27
Wheat Seeds,298,14
Wheat Seeds,299,12
Wheat Seeds,300,23
Wheat Seeds,301,18
Wheat Seeds,302,23
Wheat Seeds,303,26
Wheat Seeds,304,17
Wheat Seeds,305,37
Wheat Seeds,306,26
Wheat Seeds,307,26
Wheat Seeds,308,28
Wheat Seeds,309,17
Wheat Seeds,310,14
Wheat Seeds,311,13
Wheat Seeds,312,35
Wheat Seeds,313,23
Wheat Seeds,314,22
Wheat Seeds,315,23
Wheat Seeds,316,20
Wheat Seeds,317,25
Wheat Seeds,318,15
Wheat Seeds,319,21
Wheat Seeds,320,23
Wheat Seeds,321,22
Wheat Seeds,322,30
Wheat Seeds,323,23
Wheat Seeds,324,20
Wheat Seeds,325,15
Wheat Seeds,326,17
Wheat Seeds,327,17
Wheat Seeds,328,32
Wheat Seeds,329,22
Wheat Seeds,330,16
Wheat Seeds,331,23
Wheat Seeds,332,24
Wheat Seeds,333,21
Wheat Seeds,334,27
Wheat Seeds,335,26
Wheat Seeds,336,23
Wheat Seeds,337,17
Wheat Seeds,338,39
Wheat Seeds,339,35
Wheat Seeds,340,24
Wheat Seeds,341,13
Wheat Seeds,342,14
Wheat Seeds,343,23
Wheat Seeds,344,18
Wheat Seeds,345,42
Wheat Seeds,346,23
Wheat Seeds,347,19
Wheat Seeds,348,20
Wheat Seeds,349,15
Wheat Seeds,350,23
Wheat Seeds,351,21
Wheat Seeds,352,21
Wheat Seeds,353,25
Wheat Seeds,354,26
Wheat Seeds,355,24
Wheat Seeds,356,28
Wheat Seeds,357,12
Wheat Seeds,358,15
Wheat Seeds,359,19
Wheat Seeds,360,14
Wheat Seeds,361,14
Wheat Seeds,362,33
Wheat Seeds,363,32
Wheat Seeds,364,13
Wheat Seeds,365,22
Wheat Seeds,366,16
Wheat Seeds,367,17
Wheat Seeds,368,29
Wheat Seeds,369,12
Wheat Seeds,370,30
Wheat Seeds,371,12
Wheat Seeds,372,17
Wheat Seeds,373,20
Wheat Seeds,374,35
Wheat Seeds,375,17
Wheat Seeds,376,17
Wheat Seeds,377,32
Wheat Seeds,378,25
Wheat Seeds,379,16
Wheat Seeds,380,32
Wheat Seeds,381,22
Wheat Seeds,382,27
Wheat Seeds,383,17
Wheat Seeds,384,15
Wheat Seeds,385,23
Wheat Seeds,386,42
Wheat Seeds,387,25
Wheat Seeds,388,17
Wheat Seeds,389,24
Wheat Seeds,390,24
Wheat Seeds,391,20
Wheat Seeds,392,21
Wheat Seeds,393,26
Wheat Seeds,394,16
Wheat Seeds,395,20
Wheat Seeds,396,28
Wheat Seeds,397,16
Wheat Seeds,398,43
Wheat Seeds,399,15
Wheat Seeds,400,22
Wheat Seeds,401,18
Wheat Seeds,402,21
Wheat Seeds,403,18
Wheat Seeds,404,38
Wheat Seeds,405,21
Wheat Seeds,406,34
Wheat Seeds,407,21
Wheat Seeds,408,14
Wheat Seeds,409,14
Wheat Seeds,410,20
Wheat Seeds,411,31
Wheat Seeds,412,24
Wheat Seeds,413,15
Wheat Seeds,414,29
Wheat Seeds,415,22
Wheat Seeds,416,20
Wheat Seeds,417,17
Wheat Seeds,418,18
Wheat Seeds,419,25
Wheat Seeds,420,20
Wheat Seeds,421,19
Wheat Seeds,422,23
Wheat Seeds,423,15
Wheat Seeds,424,14
Wheat Seeds,425,16
Wheat Seeds,426,15
Wheat Seeds,427,15
Wheat Seeds,428,19
Wheat Seeds,429,11
Wheat Seeds,430,15
Wheat Seeds,431,23
Wheat Seeds,432,11
Wheat Seeds,433,22
Wheat Seeds,434,14
Wheat Seeds,435,21
Wheat Seeds,436,23
Wheat Seeds,437,19
Wheat Seeds,438,40
Wheat Seeds,439,17
Wheat Seeds,440,31
Wheat Seeds,441,17
Wheat Seeds,442,33
Wheat Seeds,443,23
Wheat Seeds,444,22
Wheat Seeds,445,33
Wheat Seeds,446,17
Wheat Seeds,447,20
Wheat Seeds,448,10
Wheat Seeds,449,19
Wheat Seeds,450,12
Wheat Seeds,451,17
Wheat Seeds,452,21
Wheat Seeds,453,22
Wheat Seeds,454,26
Wheat Seeds,455,13
Wheat Seeds,456,13
Wheat Seeds,457,16
Wheat Seeds,458,11
Wheat Seeds,459,16
Wheat Seeds,460,18
Wheat Seeds,461,32
Wheat Seeds,462,21
Wheat Seeds,463,18
Wheat Seeds,464,13
Wheat Seeds,465,17
Wheat Seeds,466,20
Wheat Seeds,467,27
Wheat Seeds,468,22
Wheat Seeds,469,15
Wheat Seeds,470,22
Wheat Seeds,471,22
Wheat Seeds,472,31
Wheat Seeds,473,28
Wheat Seeds,474,21
Wheat Seeds,475,33
Wheat Seeds,476,32
Wheat Seeds,477,14
Wheat Seeds,478,24
Wheat Seeds,479,24
Wheat Seeds,480,25
Wheat Seeds,481,21
Wheat Seeds,482,31
Wheat Seeds,483,20
Wheat Seeds,484,21
Wheat Seeds,485,16
Wheat Seeds,486,23
Wheat Seeds,487,21
Wheat Seeds,488,17
Wheat Seeds,489,25
Wheat Seeds,490,14
Wheat Seeds,491,14
Wheat Seeds,492,15
Wheat Seeds,493,20
Wheat Seeds,494,28
Wheat Seeds,495,10
Wheat Seeds,496,20
Wheat Seeds,497,10
Wheat Seeds,498,26
Wheat Seeds,499,15
Wheat Seeds,500,8
Wheat Seeds,501,34
Wheat Seeds,502,24
Wheat Seeds,503,31
Wheat Seeds,504,24
Wheat Seeds,505,13
Wheat Seeds,506,21
Wheat Seeds,507,15
Wheat Seeds,508,31
Wheat Seeds,509,12
Wheat Seeds,510,21
Wheat Seeds,511,24
Wheat Seeds,512,14
Wheat Seeds,513,20
Wheat Seeds,514,16
Wheat Seeds,515,20
Wheat Seeds,516,22
Wheat Seeds,517,11
Wheat Seeds,518,14
Wheat Seeds,519,13
Wheat Seeds,520,12
Wheat Seeds,521,19
Wheat Seeds,522,18
Wheat Seeds,523,32
Wheat Seeds,524,15
Wheat Seeds,525,22
Wheat Seeds,526,34
Wheat Seeds,527,33
Wheat Seeds,528,15
Wheat Seeds,529,16
Wheat Seeds,530,18
Wheat Seeds,531,17
Wheat Seeds,532,31
Wheat Seeds,533,16
Wheat Seeds,534,12
Wheat Seeds,535,17
Wheat Seeds,536,14
Wheat Seeds,537,26
Wheat Seeds,538,13
Wheat Seeds,539,19
Wheat Seeds,540,23
Wheat Seeds,541,14
Wheat Seeds,542,16
Wheat Seeds,543,22
Wheat Seeds,544,28
Wheat Seeds,545,23
Wheat Seeds,546,22
Wheat Seeds,547,22
Wheat Seeds,548,34
Wheat Seeds,549,36
Wheat Seeds,550,19
Wheat Seeds,551,24
Wheat Seeds,552,24
Wheat Seeds,553,11
Wheat Seeds,554,21
Wheat Seeds,555,26
Wheat Seeds,556,26
Wheat Seeds,557,27
Wheat Seeds,558,15
Wheat Seeds,559,19
Wheat Seeds,560,19
Wheat Seeds,561,14
Wheat Seeds,562,46
Wheat Seeds,563,20
Wheat Seeds,564,12
Wheat Seeds,565,16
Wheat Seeds,566,17
Wheat Seeds,567,30
Wheat Seeds,568,14
Wheat Seeds,569,13
Wheat Seeds,570,17
Wheat Seeds,571,23
Wheat Seeds,572,18
Wheat Seeds,573,22
Wheat Seeds,574,14
Wheat Seeds,575,22
Wheat Seeds,576,17
Wheat Seeds,577,17
Wheat Seeds,578,21
Wheat Seeds,579,43
Wheat Seeds,580,24
Wheat Seeds,581,21
Wheat Seeds,582,14
Wheat Seeds,583,18
Wheat Seeds,584,22
Wheat Seeds,585,13
Wheat Seeds,586,26
Wheat Seeds,587,21
Wheat Seeds,588,22
Wheat Seeds,589,18
Wheat Seeds,590,18
Wheat Seeds,591,36
Wheat Seeds,592,26
Wheat Seeds,593,36
Wheat Seeds,594,26
Wheat Seeds,595,30
Wheat Seeds,596,22
Wheat Seeds,597,24
Wheat Seeds,598,24
Wheat Seeds,599,18
Wheat Seeds,600,14
Wheat Seeds,601,11
Wheat Seeds,602,26
Wheat Seeds,603,11
Wheat Seeds,604,13
Wheat Seeds,605,20
Wheat Seeds,606,21
Wheat Seeds,607,14
Wheat Seeds,608,35
Wheat Seeds,609,16
Wheat Seeds,610,22
Wheat Seeds,611,16
Wheat Seeds,612,34
Wheat Seeds,613,18
Wheat Seeds,614,16
Wheat Seeds,615,20
Wheat Seeds,616,13
Wheat Seeds,617,17
Wheat Seeds,618,18
Wheat Seeds,619,19
Wheat Seeds,620,19
Wheat Seeds,621,35
Wheat Seeds,622,10
Wheat Seeds,623,47
Wheat Seeds,624,19
Wheat Seeds,625,21
Wheat Seeds,626,20
Wheat Seeds,627,24
Wheat Seeds,628,23
Wheat Seeds,629,23
Wheat Seeds,630,15
Wheat Seeds,631,18
Wheat Seeds,632,23
Wheat Seeds,633,17
Wheat Seeds,634,26
Wheat Seeds,635,17
Wheat Seeds,636,18
Wheat Seeds,637,10
Wheat Seeds,638,18
Wheat Seeds,639,16
Wheat Seeds,640,20
Wheat Seeds,641,21
Wheat Seeds,642,17
Wheat Seeds,643,25
Wheat Seeds,644,29
Wheat Seeds,645,13
Wheat Seeds,646,17
Wheat Seeds,647,14
Wheat Seeds,648,18
Wheat Seeds,649,24
Wheat Seeds,650,27
Wheat Seeds,651,18
Wheat Seeds,652,22
Wheat Seeds,653,15
Wheat Seeds,654,19
Wheat Seeds,655,31
Wheat Seeds,656,26
Wheat Seeds,657,22
Wheat Seeds,658,20
Wheat Seeds,659,21
Wheat Seeds,660,16
Wheat Seeds,661,30
Wheat Seeds,662,26
Wheat Seeds,663,18
Wheat Seeds,664,13
Wheat Seeds,665,28
Wheat Seeds,666,21
Wheat Seeds,667,25
Wheat Seeds,668,10
Wheat Seeds,669,15
Wheat Seeds,670,22
Wheat Seeds,671,24
Wheat Seeds,672,15
Wheat Seeds,673,14
Wheat Seeds,674,18
Wheat Seeds,675,12
Wheat Seeds,676,16
Wheat Seeds,677,15
Wheat Seeds,678,14
Wheat Seeds,679,15
Wheat Seeds,680,18
Wheat Seeds,681,18
Wheat Seeds,682,41
Wheat Seeds,683,16
Wheat Seeds,684,10
Wheat Seeds,685,22
Wheat Seeds,686,32
Wheat Seeds,687,16
Wheat Seeds,688,25
Wheat Seeds,689,24
Wheat Seeds,690,13
Wheat Seeds,691,22
Wheat Seeds,692,17
Wheat Seeds,693,19
Wheat Seeds,694,17
Wheat Seeds,695,27
Wheat Seeds,696,19
Wheat Seeds,697,40
Wheat Seeds,698,30
Wheat Seeds,699,24
Wheat Seeds,700,10
Wheat Seeds,701,19
Wheat Seeds,702,20
Wheat Seeds,703,27
Wheat Seeds,704,13
Wheat Seeds,705,19
Wheat Seeds,706,20
Wheat Seeds,707,16
Wheat Seeds,708,21
Wheat Seeds,709,26
Wheat Seeds,710,15
Wheat Seeds,711,15
Wheat Seeds,712,15
Wheat Seeds,713,13
Wheat Seeds,714,37
Wheat Seeds,715,15
Wheat Seeds,716,26
Wheat Seeds,717,22
Wheat Seeds,718,25
Wheat Seeds,719,24
Wheat Seeds,720,28
Wheat Seeds,721,17
Wheat Seeds,722,14
Wheat Seeds,723,16
Wheat Seeds,724,29
Wheat Seeds,725,30
Wheat Seeds,726,19
Wheat Seeds,727,31
Wheat Seeds,728,35
Wheat Seeds,729,26
Wheat Seeds,730,24
Wheat Seeds,731,16
Wheat Seeds,732,19
Wheat Seeds,733,28
Wheat Seeds,734,21
Wheat Seeds,735,17
Wheat Seeds,736,26
Wheat Seeds,737,18
Wheat Seeds,738,19
Wheat Seeds,739,35
Wheat Seeds,740,18
Wheat Seeds,741,35
Wheat Seeds,742,32
Wheat Seeds,743,19
Wheat Seeds,744,25
Wheat Seeds,745,27
Wheat Seeds,746,12
Wheat Seeds,747,20
Wheat Seeds,748,14
Wheat Seeds,749,24
Wheat Seeds,750,23
Wheat Seeds,751,24
Wheat Seeds,752,16
Wheat Seeds,753,7
Wheat Seeds,754,17
Wheat Seeds,755,28
Wheat Seeds,756,13
Wheat Seeds,757,19
Wheat Seeds,758,22
Wheat Seeds,759,16
Wheat Seeds,760,17
Wheat Seeds,761,20
Wheat Seeds,762,30
Wheat Seeds,763,12
Wheat Seeds,764,23
Wheat Seeds,765,10
Wheat Seeds,766,12
Wheat Seeds,767,25
Wheat Seeds,768,20
Wheat Seeds,769,23
Wheat Seeds,770,23
Wheat Seeds,771,15
Wheat Seeds,772,30
Wheat Seeds,773,21
Wheat Seeds,774,29
Wheat Seeds,775,12
Wheat Seeds,776,27
Wheat Seeds,777,20
Wheat Seeds,778,23
Wheat Seeds,779,28
Wheat Seeds,780,19
Wheat Seeds,781,21
Wheat Seeds,782,17
Wheat Seeds,783,18
Wheat Seeds,784,21
Wheat Seeds,785,24
Wheat Seeds,786,14
Wheat Seeds,787,26
Wheat Seeds,788,19
Wheat Seeds,789,12
Wheat Seeds,790,16
Wheat Seeds,791,23
Wheat Seeds,792,17
Wheat Seeds,793,19
Wheat Seeds,794,27
Wheat Seeds,795,21
Wheat Seeds,796,35
Wheat Seeds,797,42
Wheat Seeds,798,25
Wheat Seeds,799,20
Wheat Seeds,800,16
Wheat Seeds,801,21
Wheat Seeds,802,17
Wheat Seeds,803,20
Wheat Seeds,804,17
Wheat Seeds,805,24
Wheat Seeds,806,26
Wheat Seeds,807,21
Wheat Seeds,808,22
Wheat Seeds,809,18
Wheat Seeds,810,19
Wheat Seeds,811,11
Wheat Seeds,812,22
Wheat Seeds,813,14
Wheat Seeds,814,13
Wheat Seeds,815,16
Wheat Seeds,816,14
Wheat Seeds,817,18
Wheat Seeds,818,19
Wheat Seeds,819,34
Wheat Seeds,820,38
Wheat Seeds,821,17
Wheat Seeds,822,19
Wheat Seeds,823,20
Wheat Seeds,824,27
Wheat Seeds,825,21
Wheat Seeds,826,21
Wheat Seeds,827,11
Wheat Seeds,828,12
Wheat Seeds,829,14
Wheat Seeds,830,19
Wheat Seeds,831,23
Wheat Seeds,832,13
Wheat Seeds,833,18
Wheat Seeds,834,17
Wheat Seeds,835,26
Wheat Seeds,836,23
Wheat Seeds,837,15
Wheat Seeds,838,32
Wheat Seeds,839,12
Wheat Seeds,840,13
Wheat Seeds,841,20
Wheat Seeds,842,12
Wheat Seeds,843,30
Wheat Seeds,844,21
Wheat Seeds,845,25
Wheat Seeds,846,18
Wheat Seeds,847,13
Wheat Seeds,848,15
Wheat Seeds,849,29
Wheat Seeds,850,16
Wheat Seeds,851,17
Wheat Seeds,852,18
Wheat Seeds,853,20
Wheat Seeds,854,23
Wheat Seeds,855,33
Wheat Seeds,856,16
Wheat Seeds,857,31
Wheat Seeds,858,20
Wheat Seeds,859,32
Wheat Seeds,860,39
Wheat Seeds,861,13
Wheat Seeds,862,24
Wheat Seeds,863,24
Wheat Seeds,864,19
Wheat Seeds,865,16
Wheat Seeds,866,18
Wheat Seeds,867,31
Wheat Seeds,868,17
Wheat Seeds,869,12
Wheat Seeds,870,19
Wheat Seeds,871,33
Wheat Seeds,872,31
Wheat Seeds,873,14
Wheat Seeds,874,18
Wheat Seeds,875,27
Wheat Seeds,876,19
Wheat Seeds,877,27
Wheat Seeds,878,24
Wheat Seeds,879,13
Wheat Seeds,880,15
Wheat Seeds,881,23
Wheat Seeds,882,14
Wheat Seeds,883,19
Wheat Seeds,884,13
Wheat Seeds,885,15
Wheat Seeds,886,20
Wheat Seeds,887,15
Wheat Seeds,888,19
Wheat Seeds,889,19
Wheat Seeds,890,32
Wheat Seeds,891,13
Wheat Seeds,892,26
Wheat Seeds,893,12
Wheat Seeds,894,11
Wheat Seeds,895,21
Wheat Seeds,896,15
Wheat Seeds,897,21
Wheat Seeds,898,19
Wheat Seeds,899,28
Wheat Seeds,900,16
Wheat Seeds,901,9
Wheat Seeds,902,23
Wheat Seeds,903,18
Wheat Seeds,904,19
Wheat Seeds,905,17
Wheat Seeds,906,13
Wheat Seeds,907,13
Wheat Seeds,908,14
Wheat Seeds,909,21
Wheat Seeds,910,14
Wheat Seeds,911,21
Wheat Seeds,912,28
Wheat Seeds,913,23
Wheat Seeds,914,18
Wheat Seeds,915,30
Wheat Seeds,916,18
Wheat Seeds,917,23
Wheat Seeds,918,19
Wheat Seeds,919,32
Wheat Seeds,920,15
Wheat Seeds,921,17
Wheat Seeds,922,22
Wheat Seeds,923,19
Wheat Seeds,924,19
Wheat Seeds,925,22
Wheat Seeds,926,30
Wheat Seeds,927,27
Wheat Seeds,928,29
Wheat Seeds,929,16
Wheat Seeds,930,32
Wheat Seeds,931,22
Wheat Seeds,932,17
Wheat Seeds,933,12
Wheat Seeds,934,19
Wheat Seeds,935,28
Wheat Seeds,936,11
Wheat Seeds,937,17
Wheat Seeds,938,7
Wheat Seeds,939,14
Wheat Seeds,940,28
Wheat Seeds,941,17
Wheat Seeds,942,24
Wheat Seeds,943,14
Wheat Seeds,944,26
Wheat Seeds,945,15
Wheat Seeds,946,21
Wheat Seeds,947,27
Wheat Seeds,948,28
Wheat Seeds,949,21
Wheat Seeds,950,27
Wheat Seeds,951,15
Wheat Seeds,952,23
Wheat Seeds,953,16
Wheat Seeds,954,13
Wheat Seeds,955,34
Wheat Seeds,956,9
Wheat Seeds,957,17
Wheat Seeds,958,25
Wheat Seeds,959,34
Wheat Seeds,960,31
Wheat Seeds,961,21
Wheat Seeds,962,7
Wheat Seeds,963,21
Wheat Seeds,964,27
Wheat Seeds,965,28
Wheat Seeds,966,20
Wheat Seeds,967,26
Wheat Seeds,968,33
Wheat Seeds,969,15
Wheat Seeds,970,21
Wheat Seeds,971,23
Wheat Seeds,972,25
Wheat Seeds,973,30
Wheat Seeds,974,20
Wheat Seeds,975,12
Wheat Seeds,976,11
Wheat Seeds,977,36
Wheat Seeds,978,24
Wheat Seeds,979,33
Wheat Seeds,980,19
Wheat Seeds,981,14
Wheat Seeds,982,17
Wheat Seeds,983,21
Wheat Seeds,984,14
Wheat Seeds,985,21
Wheat Seeds,986,12
Wheat Seeds,987,18
Wheat Seeds,988,37
Wheat Seeds,989,28
Wheat Seeds,990,16
Wheat Seeds,991,10
Wheat Seeds,992,22
Wheat Seeds,993,31
Wheat Seeds,994,13
Wheat Seeds,995,22
Wheat Seeds,996,20
Wheat Seeds,997,18
Wheat Seeds,998,12
Wheat Seeds,999,20
Wheat Seeds,1000,28
Wheat Seeds,1001,17
Wheat Seeds,1002,20
Wheat Seeds,1003,22
Wheat Seeds,1004,19
Wheat Seeds,1005,28
Wheat Seeds,1006,13
Wheat Seeds,1007,13
Wheat Seeds,1008,18
Wheat Seeds,1009,18
Wheat Seeds,1010,24
Wheat Seeds,1011,15
Wheat Seeds,1012,16
Wheat Seeds,1013,13
Wheat Seeds,1014,29
Wheat Seeds,1015,16
Wheat Seeds,1016,17
Wheat Seeds,1017,22
Wheat Seeds,1018,18
Wheat Seeds,1019,22
Wheat Seeds,1020,27
Wheat Seeds,1021,29
Wheat Seeds,1022,11
Wheat Seeds,1023,12
Wheat Seeds,1024,16
Wheat Seeds,1025,17
Wheat Seeds,1026,14
Wheat Seeds,1027,11
Wheat Seeds,1028,13
Wheat Seeds,1029,12
Wheat Seeds,1030,28
Wheat Seeds,1031,20
Wheat Seeds,1032,31
Wheat Seeds,1033,37
Wheat Seeds,1034,22
Wheat Seeds,1035,15
Wheat Seeds,1036,11
Wheat Seeds,1037,18
Wheat Seeds,1038,19
Wheat Seeds,1039,26
Wheat Seeds,1040,18
Wheat Seeds,1041,18
Wheat Seeds,1042,16
Wheat Seeds,1043,25
Wheat Seeds,1044,19
Wheat Seeds,1045,19
Wheat Seeds,1046,16
Wheat Seeds,1047,31
Wheat Seeds,1048,23
Wheat Seeds,1049,32
Wheat Seeds,1050,26
Wheat Seeds,1051,16
Wheat Seeds,1052,17
Wheat Seeds,1053,19
Wheat Seeds,1054,24
Wheat Seeds,1055,41
Wheat Seeds,1056,26
Wheat Seeds,1057,14
Wheat Seeds,1058,27
Wheat Seeds,1059,15
Wheat Seeds,1060,20
Wheat Seeds,1061,15
Wheat Seeds,1062,31
Wheat Seeds,1063,37
Wheat Seeds,1064,22
Wheat Seeds,1065,16
Wheat Seeds,1066,21
Wheat Seeds,1067,22
Wheat Seeds,1068,25
Wheat Seeds,1069,19
Wheat Seeds,1070,23
Wheat Seeds,1071,21
Wheat Seeds,1072,18
Wheat Seeds,1073,18
Wheat Seeds,1074,29
Wheat Seeds,1075,13
Wheat Seeds,1076,22
Wheat Seeds,1077,16
Wheat Seeds,1078,15
Wheat Seeds,1079,14
Wheat Seeds,1080,15
Wheat Seeds,1081,19
Wheat Seeds,1082,23
Wheat Seeds,1083,31
Wheat Seeds,1084,17
Wheat Seeds,1085,26
Wheat Seeds,1086,16
Wheat Seeds,1087,14
Wheat Seeds,1088,18
Wheat Seeds,1089,21
Wheat Seeds,1090,22
Wheat Seeds,1091,20
Wheat Seeds,1092,17
Wheat Seeds,1093,33
Wheat Seeds,1094,14
Wheat Seeds,1095,20
Wheat Seeds,1096,42
Wheat Seeds,1097,19
Wheat Seeds,1098,15
Wheat Seeds,1099,33
Wheat Seeds,1100,15
Wheat Seeds,1101,30
Wheat Seeds,1102,18
Wheat Seeds,1103,19
Wheat Seeds,1104,19
Wheat Seeds,1105,16
Wheat Seeds,1106,21
Wheat Seeds,1107,24
Wheat Seeds,1108,9
Wheat Seeds,1109,29
Wheat Seeds,1110,21
Wheat Seeds,1111,22
Wheat Seeds,1112,10
Wheat Seeds,1113,17
Wheat Seeds,1114,27
Wheat Seeds,1115,12
Wheat Seeds,1116,21
Wheat Seeds,1117,25
Wheat Seeds,1118,29
Wheat Seeds,1119,20
Wheat Seeds,1120,29
Wheat Seeds,1121,14
Wheat Seeds,1122,17
Wheat Seeds,1123,22
Wheat Seeds,1124,37
Wheat Seeds,1125,41
Wheat Seeds,1126,16
Wheat Seeds,1127,11
Wheat Seeds,1128,19
Wheat Seeds,1129,17
Wheat Seeds,1130,18
Wheat Seeds,1131,15
Wheat Seeds,1132,11
Wheat Seeds,1133,15
Wheat Seeds,1134,15
Wheat Seeds,1135,22
Wheat Seeds,1136,16
Wheat Seeds,1137,18
Wheat Seeds,1138,18
Wheat Seeds,1139,11
Wheat Seeds,1140,14
Wheat Seeds,1141,22
Wheat Seeds,1142,15
Wheat Seeds,1143,19
Wheat Seeds,1144,20
Wheat Seeds,1145,12
Wheat Seeds,1146,13
Wheat Seeds,1147,39
Wheat Seeds,1148,15
Wheat Seeds,1149,18
Wheat Seeds,1150,19
Wheat Seeds,1151,21
Wheat Seeds,1152,33
Wheat Seeds,1153,18
Wheat Seeds,1154,16
Wheat Seeds,1155,17
Wheat Seeds,1156,27
Wheat Seeds,1157,10
Wheat Seeds,1158,13
Wheat Seeds,1159,28
Wheat Seeds,1160,22
Wheat Seeds,1161,25
Wheat Seeds,1162,19
Wheat Seeds,1163,18
Wheat Seeds,1164,22
Wheat Seeds,1165,22
Wheat Seeds,1166,20
Wheat Seeds,1167,21
Wheat Seeds,1168,24
Wheat Seeds,1169,22
Wheat Seeds,1170,29
Wheat Seeds,1171,17
Wheat Seeds,1172,23
Wheat Seeds,1173,19
Wheat Seeds,1174,21
Wheat Seeds,1175,15
Wheat Seeds,1176,19
Wheat Seeds,1177,21
Wheat Seeds,1178,24
Wheat Seeds,1179,16
Wheat Seeds,1180,20
Wheat Seeds,1181,16
Wheat Seeds,1182,32
Wheat Seeds,1183,16
Wheat Seeds,1184,23
Wheat Seeds,1185,18
Wheat Seeds,1186,24
Wheat Seeds,1187,14
Wheat Seeds,1188,13
Wheat Seeds,1189,16
Wheat Seeds,1190,22
Wheat Seeds,1191,8
Wheat Seeds,1192,19
Wheat Seeds,1193,16
Wheat Seeds,1194,14
Wheat Seeds,1195,24
Wheat Seeds,1196,15
Wheat Seeds,1197,15
Wheat Seeds,1198,19
Wheat Seeds,1199,23
Wheat Seeds,1200,16
Wheat Seeds,1201,12
Wheat Seeds,1202,28
Wheat Seeds,1203,33
Wheat Seeds,1204,18
Wheat Seeds,1205,19
Wheat Seeds,1206,22
Wheat Seeds,1207,20
Wheat Seeds,1208,19
Wheat Seeds,1209,15
Wheat Seeds,1210,24
Wheat Seeds,1211,26
Wheat Seeds,1212,38
Wheat Seeds,1213,40
Wheat Seeds,1214,30
Wheat Seeds,1215,12
Wheat Seeds,1216,26
Wheat Seeds,1217,20
Wheat Seeds,1218,13
Wheat Seeds,1219,28
Wheat Seeds,1220,16
Wheat Seeds,1221,36
Wheat Seeds,1222,24
Wheat Seeds,1223,18
Wheat Seeds,1224,38
Wheat Seeds,1225,12
Wheat Seeds,1226,16
Wheat Seeds,1227,12
Wheat Seeds,1228,22
Wheat Seeds,1229,15
Wheat Seeds,1230,15
Wheat Seeds,1231,25
Wheat Seeds,1232,13
Wheat Seeds,1233,23
Wheat Seeds,1234,27
Wheat Seeds,1235,27
Wheat Seeds,1236,33
Wheat Seeds,1237,25
Wheat Seeds,1238,21
Wheat Seeds,1239,19
Wheat Seeds,1240,21
Wheat Seeds,1241,21
Wheat Seeds,1242,25
Wheat Seeds,1243,13
Wheat Seeds,1244,26
Wheat Seeds,1245,13
Wheat Seeds,1246,23
Wheat Seeds,1247,23
Wheat Seeds,1248,37
Wheat Seeds,1249,17
Wheat Seeds,1250,23
Wheat Seeds,1251,23
Wheat Seeds,1252,35
Wheat Seeds,1253,18
Wheat Seeds,1254,18
Wheat Seeds,1255,11
Wheat Seeds,1256,13
Wheat Seeds,1257,17
Wheat Seeds,1258,14
Wheat Seeds,1259,23
Wheat Seeds,1260,20
Wheat Seeds,1261,17
Wheat Seeds,1262,16
Wheat Seeds,1263,24
Wheat Seeds,1264,11
Wheat Seeds,1265,16
Wheat Seeds,1266,17
Wheat Seeds,1267,22
Wheat Seeds,1268,21
Wheat Seeds,1269,22
Wheat Seeds,1270,26
Wheat Seeds,1271,23
Wheat Seeds,1272,13
Wheat Seeds,1273,19
Wheat Seeds,1274,40
Wheat Seeds,1275,24
Wheat Seeds,1276,10
Wheat Seeds,1277,26
Wheat Seeds,1278,12
Wheat Seeds,1279,13
Wheat Seeds,1280,22
Wheat Seeds,1281,17
Wheat Seeds,1282,18
Wheat Seeds,1283,36
Wheat Seeds,1284,20
Wheat Seeds,1285,25
Wheat Seeds,1286,10
Wheat Seeds,1287,26
Wheat Seeds,1288,23
Wheat Seeds,1289,30
Wheat Seeds,1290,19
Wheat Seeds,1291,16
Wheat Seeds,1292,29
Wheat Seeds,1293,18
Wheat Seeds,1294,19
Wheat Seeds,1295,28
Wheat Seeds,1296,12
Wheat Seeds,1297,19
Wheat Seeds,1298,22
Wheat Seeds,1299,20
Wheat Seeds,1300,26
Wheat Seeds,1301,16
Wheat Seeds,1302,12
Wheat Seeds,1303,17
Wheat Seeds,1304,19
Wheat Seeds,1305,17
Wheat Seeds,1306,23
Wheat Seeds,1307,17
Wheat Seeds,1308,12
Wheat Seeds,1309,19
Wheat Seeds,1310,34
Wheat Seeds,1311,30
Wheat Seeds,1312,13
Wheat Seeds,1313,11
Wheat Seeds,1314,11
Wheat Seeds,1315,50
Wheat Seeds,1316,22
Wheat Seeds,1317,25
Wheat Seeds,1318,24
Wheat Seeds,1319,24
Wheat Seeds,1320,24
Wheat Seeds,1321,25
Wheat Seeds,1322,9
Wheat Seeds,1323,26
Wheat Seeds,1324,23
Wheat Seeds,1325,25
Wheat Seeds,1326,25
Wheat Seeds,1327,19
Wheat Seeds,1328,33
Wheat Seeds,1329,22
Wheat Seeds,1330,17
Wheat Seeds,1331,19
Wheat Seeds,1332,23
Wheat Seeds,1333,19
Wheat Seeds,1334,33
Wheat Seeds,1335,26
Wheat Seeds,1336,48
Wheat Seeds,1337,22
Wheat Seeds,1338,15
Wheat Seeds,1339,18
Wheat Seeds,1340,17
Wheat Seeds,1341,10
Wheat Seeds,1342,22
Wheat Seeds,1343,22
Wheat Seeds,1344,17
Wheat Seeds,1345,17
Wheat Seeds,1346,17
Wheat Seeds,1347,27
Wheat Seeds,1348,17
Wheat Seeds,1349,29
Wheat Seeds,1350,27
Wheat Seeds,1351,27
Wheat Seeds,1352,14
Wheat Seeds,1353,25
Wheat Seeds,1354,29
Wheat Seeds,1355,22
Wheat Seeds,1356,24
Wheat Seeds,1357,28
Wheat Seeds,1358,18
Wheat Seeds,1359,20
Wheat Seeds,1360,17
Wheat Seeds,1361,28
Wheat Seeds,1362,16
Wheat Seeds,1363,16
Wheat Seeds,1364,19
Wheat Seeds,1365,25
Wheat Seeds,1366,25
Wheat Seeds,1367,22
Wheat Seeds,1368,12
Wheat Seeds,1369,33
Wheat Seeds,1370,16
Wheat Seeds,1371,24
Wheat Seeds,1372,24
Wheat Seeds,1373,18
Wheat Seeds,1374,25
Wheat Seeds,1375,22
Wheat Seeds,1376,12
Wheat Seeds,1377,15
Wheat Seeds,1378,26
Wheat Seeds,1379,12
Wheat Seeds,1380,23
Wheat Seeds,1381,26
Wheat Seeds,1382,38
Wheat Seeds,1383,28
Wheat Seeds,1384,10
Wheat Seeds,1385,19
Wheat Seeds,1386,28
Wheat Seeds,1387,10
Wheat Seeds,1388,22
Wheat Seeds,1389,20
Wheat Seeds,1390,23
Wheat Seeds,1391,21
Wheat Seeds,1392,38
Wheat Seeds,1393,13
Wheat Seeds,1394,23
Wheat Seeds,1395,18
Wheat Seeds,1396,24
Wheat Seeds,1397,32
Wheat Seeds,1398,23
Wheat Seeds,1399,17
Wheat Seeds,1400,27
Wheat Seeds,1401,14
Wheat Seeds,1402,17
Wheat Seeds,1403,15
Wheat Seeds,1404,19
Wheat Seeds,1405,28
Wheat Seeds,1406,20
Wheat Seeds,1407,22
Wheat Seeds,1408,21
Wheat Seeds,1409,16
Wheat Seeds,1410,18
Wheat Seeds,1411,21
Wheat Seeds,1412,14
Wheat Seeds,1413,16
Wheat Seeds,1414,18
Wheat Seeds,1415,18
Wheat Seeds,1416,29
Wheat Seeds,1417,31
Wheat Seeds,1418,21
Wheat Seeds,1419,25
Wheat Seeds,1420,18
Wheat Seeds,1421,14
Wheat Seeds,1422,17
Wheat Seeds,1423,21
Wheat Seeds,1424,19
Wheat Seeds,1425,22
Wheat Seeds,1426,15
Wheat Seeds,1427,24
Wheat Seeds,1428,21
Wheat Seeds,1429,28
Wheat Seeds,1430,18
Wheat Seeds,1431,9
Wheat Seeds,1432,32
Wheat Seeds,1433,17
Wheat Seeds,1434,15
Wheat Seeds,1435,25
Wheat Seeds,1436,25
Wheat Seeds,1437,24
Wheat Seeds,1438,25
Wheat Seeds,1439,14
Wheat Seeds,1440,46
Wheat Seeds,1441,19
Wheat Seeds,1442,18
Wheat Seeds,1443,24
Wheat Seeds,1444,20
Wheat Seeds,1445,15
Wheat Seeds,1446,22
Wheat Seeds,1447,29
Wheat Seeds,1448,31
Wheat Seeds,1449,32
Wheat Seeds,1450,18
Wheat Seeds,1451,20
Wheat Seeds,1452,20
Wheat Seeds,1453,18
Wheat Seeds,1454,19
Wheat Seeds,1455,23
Wheat Seeds,1456,13
Wheat Seeds,1457,21
Wheat Seeds,1458,20
Wheat Seeds,1459,21
Wheat Seeds,1460,14
Wheat Seeds,1461,31
Wheat Seeds,1462,20
Wheat Seeds,1463,15
Wheat Seeds,1464,19
Wheat Seeds,1465,23
Wheat Seeds,1466,14
Wheat Seeds,1467,30
Wheat Seeds,1468,18
Wheat Seeds,1469,20
Wheat Seeds,1470,31
Wheat Seeds,1471,21
Wheat Seeds,1472,15
Wheat Seeds,1473,20
Wheat Seeds,1474,22
Wheat Seeds,1475,16
Wheat Seeds,1476,35
Wheat Seeds,1477,17
Wheat Seeds,1478,46
Wheat Seeds,1479,23
Wheat Seeds,1480,10
Wheat Seeds,1481,24
Wheat Seeds,1482,13
Wheat Seeds,1483,17
Wheat Seeds,1484,17
Wheat Seeds,1485,17
Wheat Seeds,1486,16
Wheat Seeds,1487,13
Wheat Seeds,1488,23
Wheat Seeds,1489,36
Wheat Seeds,1490,23
Wheat Seeds,1491,36
Wheat Seeds,1492,24
Wheat Seeds,1493,12
Wheat Seeds,1494,13
Wheat Seeds,1495,24
Wheat Seeds,1496,14
Wheat Seeds,1497,14
Wheat Seeds,1498,24
Wheat Seeds,1499,17
Wheat Seeds,1500,12
Wheat Seeds,1501,18
Wheat Seeds,1502,23
Wheat Seeds,1503,22
Wheat Seeds,1504,32
Wheat Seeds,1505,19
Wheat Seeds,1506,15
Wheat Seeds,1507,30
Wheat Seeds,1508,22
Wheat Seeds,1509,33
Wheat Seeds,1510,15
Wheat Seeds,1511,13
Wheat Seeds,1512,21
Wheat Seeds,1513,24
Wheat Seeds,1514,20
Wheat Seeds,1515,15
Wheat Seeds,1516,24
Wheat Seeds,1517,41
Wheat Seeds,1518,24
Wheat Seeds,1519,16
Wheat Seeds,1520,26
Wheat Seeds,1521,20
Wheat Seeds,1522,43
Wheat Seeds,1523,27
Wheat Seeds,1524,26
Wheat Seeds,1525,20
Wheat Seeds,1526,25
Wheat Seeds,1527,24
Wheat Seeds,1528,18
Wheat Seeds,1529,24
Wheat Seeds,1530,20
Wheat Seeds,1531,29
Wheat Seeds,1532,22
Wheat Seeds,1533,28
Wheat Seeds,1534,26
Wheat Seeds,1535,19
Wheat Seeds,1536,12
Wheat Seeds,1537,41
Wheat Seeds,1538,9
Wheat Seeds,1539,20
Wheat Seeds,1540,12
Wheat Seeds,1541,19
Wheat Seeds,1542,23
Wheat Seeds,1543,16
Wheat Seeds,1544,29
Wheat Seeds,1545,25
Wheat Seeds,1546,13
Wheat Seeds,1547,19
Wheat Seeds,1548,29
Wheat Seeds,1549,17
Wheat Seeds,1550,24
Wheat Seeds,1551,37
Wheat Seeds,1552,22
Wheat Seeds,1553,21
Wheat Seeds,1554,22
Wheat Seeds,1555,15
Wheat Seeds,1556,12
Wheat Seeds,1557,17
Wheat Seeds,1558,13
Wheat Seeds,1559,26
Wheat Seeds,1560,11
Wheat Seeds,1561,22
Wheat Seeds,1562,16
Wheat Seeds,1563,28
Wheat Seeds,1564,16
Wheat Seeds,1565,14
Wheat Seeds,1566,20
Wheat Seeds,1567,17
Wheat Seeds,1568,12
Wheat Seeds,1569,19
Wheat Seeds,1570,24
Wheat Seeds,1571,21
Wheat Seeds,1572,15
Wheat Seeds,1573,14
Wheat Seeds,1574,20
Wheat Seeds,1575,14
Wheat Seeds,1576,35
Wheat Seeds,1577,12
Wheat Seeds,1578,17
Wheat Seeds,1579,18
Wheat Seeds,1580,27
Wheat Seeds,1581,24
Wheat Seeds,1582,26
Wheat Seeds,1583,21
Wheat Seeds,1584,40
Wheat Seeds,1585,24
Wheat Seeds,1586,25
Wheat Seeds,1587,8
Wheat Seeds,1588,22
Wheat Seeds,1589,17
Wheat Seeds,1590,25
Wheat Seeds,1591,16
Wheat Seeds,1592,21
Wheat Seeds,1593,27
Wheat Seeds,1594,15
Wheat Seeds,1595,13
Wheat Seeds,1596,17
Wheat Seeds,1597,23
Wheat Seeds,1598,11
Wheat Seeds,1599,15
Wheat Seeds,1600,28
Wheat Seeds,1601,15
Wheat Seeds,1602,15
Wheat Seeds,1603,34
Wheat Seeds,1604,21
Wheat Seeds,1605,18
Wheat Seeds,1606,30
Wheat Seeds,1607,18
Wheat Seeds,1608,30
Wheat Seeds,1609,27
Wheat Seeds,1610,17
Wheat Seeds,1611,24
Wheat Seeds,1612,17
Wheat Seeds,1613,14
Wheat Seeds,1614,16
Wheat Seeds,1615,26
Wheat Seeds,1616,17
Wheat Seeds,1617,12
Wheat Seeds,1618,29
Wheat Seeds,1619,26
Wheat Seeds,1620,16
Wheat Seeds,1621,17
Wheat Seeds,1622,20
Wheat Seeds,1623,26
Wheat Seeds,1624,23
Wheat Seeds,1625,42
Wheat Seeds,1626,16
Wheat Seeds,1627,16
Wheat Seeds,1628,25
Wheat Seeds,1629,20
Wheat Seeds,1630,20
Wheat Seeds,1631,23
Wheat Seeds,1632,31
Wheat Seeds,1633,24
Wheat Seeds,1634,25
Wheat Seeds,1635,32
Wheat Seeds,1636,13
Wheat Seeds,1637,10
Wheat Seeds,1638,21
Wheat Seeds,1639,22
Wheat Seeds,1640,16
Wheat Seeds,1641,23
Wheat Seeds,1642,28
Wheat Seeds,1643,19
Wheat Seeds,1644,15
Wheat Seeds,1645,18
Wheat Seeds,1646,25
Wheat Seeds,1647,25
Wheat Seeds,1648,16
Wheat Seeds,1649,31
Wheat Seeds,1650,14
Wheat Seeds,1651,20
Wheat Seeds,1652,21
Wheat Seeds,1653,20
Wheat Seeds,1654,18
Wheat Seeds,1655,28
Wheat Seeds,1656,14
Wheat Seeds,1657,19
Wheat Seeds,1658,15
Wheat Seeds,1659,17
Wheat Seeds,1660,20
Wheat Seeds,1661,19
Wheat Seeds,1662,22
Wheat Seeds,1663,28
Wheat Seeds,1664,19
Wheat Seeds,1665,24
Wheat Seeds,1666,33
Wheat Seeds,1667,21
Wheat Seeds,1668,42
Wheat Seeds,1669,16
Wheat Seeds,1670,21
Wheat Seeds,1671,12
Wheat Seeds,1672,20
Wheat Seeds,1673,19
Wheat Seeds,1674,22
Wheat Seeds,1675,16
Wheat Seeds,1676,24
Wheat Seeds,1677,25
Wheat Seeds,1678,15
Wheat Seeds,1679,19
Wheat Seeds,1680,30
Wheat Seeds,1681,10
Wheat Seeds,1682,18
Wheat Seeds,1683,12
Wheat Seeds,1684,33
Wheat Seeds,1685,19
Wheat Seeds,1686,20
Wheat Seeds,1687,12
Wheat Seeds,1688,24
Wheat Seeds,1689,16
Wheat Seeds,1690,24
Wheat Seeds,1691,18
Wheat Seeds,1692,15
Wheat Seeds,1693,16
Wheat Seeds,1694,18
Wheat Seeds,1695,14
Wheat Seeds,1696,25
Wheat Seeds,1697,19
Wheat Seeds,1698,23
Wheat Seeds,1699,16
Wheat Seeds,1700,23
Wheat Seeds,1701,21
Wheat Seeds,1702,18
Wheat Seeds,1703,25
Wheat Seeds,1704,24
Wheat Seeds,1705,24
Wheat Seeds,1706,14
Wheat Seeds,1707,14
Wheat Seeds,1708,17
Wheat Seeds,1709,20
Wheat Seeds,1710,21
Wheat Seeds,1711,11
Wheat Seeds,1712,19
Wheat Seeds,1713,24
Wheat Seeds,1714,17
Wheat Seeds,1715,22
Wheat Seeds,1716,18
Wheat Seeds,1717,16
Wheat Seeds,1718,19
Wheat Seeds,1719,16
Wheat Seeds,1720,18
Wheat Seeds,1721,17
Wheat Seeds,1722,20
Wheat Seeds,1723,19
Wheat Seeds,1724,15
Wheat Seeds,1725,26
Wheat Seeds,1726,10
Wheat Seeds,1727,23
Wheat Seeds,1728,20
Wheat Seeds,1729,15
Wheat Seeds,1730,12
Wheat Seeds,1731,15
Wheat Seeds,1732,12
Wheat Seeds,1733,24
Wheat Seeds,1734,31
Wheat Seeds,1735,14
Wheat Seeds,1736,10
Wheat Seeds,1737,27
Wheat Seeds,1738,37
Wheat Seeds,1739,12
Wheat Seeds,1740,14
Wheat Seeds,1741,22
Wheat Seeds,1742,9
Wheat Seeds,1743,16
Wheat Seeds,1744,13
Wheat Seeds,1745,21
Wheat Seeds,1746,20
Wheat Seeds,1747,26
Wheat Seeds,1748,13
Wheat Seeds,1749,20
Wheat Seeds,1750,43
Wheat Seeds,1751,23
Wheat Seeds,1752,38
Wheat Seeds,1753,14
Wheat Seeds,1754,22
Wheat Seeds,1755,13
Wheat Seeds,1756,10
Wheat Seeds,1757,17
Wheat Seeds,1758,21
Wheat Seeds,1759,22
Wheat Seeds,1760,31
Wheat Seeds,1761,12
Wheat Seeds,1762,18
Wheat Seeds,1763,11
Wheat Seeds,1764,14
Wheat Seeds,1765,21
Wheat Seeds,1766,19
Wheat Seeds,1767,30
Wheat Seeds,1768,22
Wheat Seeds,1769,14
Wheat Seeds,1770,14
Wheat Seeds,1771,13
Wheat Seeds,1772,15
Wheat Seeds,1773,19
Wheat Seeds,1774,16
Wheat Seeds,1775,14
Wheat Seeds,1776,17
Wheat Seeds,1777,16
Wheat Seeds,1778,21
Wheat Seeds,1779,18
Wheat Seeds,1780,19
Wheat Seeds,1781,12
Wheat Seeds,1782,18
Wheat Seeds,1783,20
Wheat Seeds,1784,15
Wheat Seeds,1785,19
Wheat Seeds,1786,30
Wheat Seeds,1787,12
Wheat Seeds,1788,17
Wheat Seeds,1789,20
Wheat Seeds,1790,13
Wheat Seeds,1791,19
Wheat Seeds,1792,12
Wheat Seeds,1793,25
Wheat Seeds,1794,15
Wheat Seeds,1795,23
Wheat Seeds,1796,15
Wheat Seeds,1797,17
Wheat Seeds,1798,9
Wheat Seeds,1799,25
Wheat Seeds,1800,21
Wheat Seeds,1801,20
Wheat Seeds,1802,25
Wheat Seeds,1803,16
Wheat Seeds,1804,16
Wheat Seeds,1805,22
Wheat Seeds,1806,20
Wheat Seeds,1807,30
Wheat Seeds,1808,14
Wheat Seeds,1809,17
Wheat Seeds,1810,16
Wheat Seeds,1811,12
Wheat Seeds,1812,27
Wheat Seeds,1813,17
Wheat Seeds,1814,28
Wheat Seeds,1815,19
Wheat Seeds,1816,24
Wheat Seeds,1817,24
Wheat Seeds,1818,29
Wheat Seeds,1819,20
Wheat Seeds,1820,20
Wheat Seeds,1821,20
Wheat Seeds,1822,26
Wheat Seeds,1823,13
Wheat Seeds,1824,19
Wheat Seeds,1825,14
Wheat Seeds,1826,22
Wheat Seeds,1827,21
Wheat Seeds,1828,22
Wheat Seeds,1829,34
Wheat Seeds,1830,27
Wheat Seeds,1831,24
Wheat Seeds,1832,17
Wheat Seeds,1833,18
Wheat Seeds,1834,11
Wheat Seeds,1835,25
Wheat Seeds,1836,12
Wheat Seeds,1837,20
Wheat Seeds,1838,32
Wheat Seeds,1839,18
Wheat Seeds,1840,16
Wheat Seeds,1841,31
Wheat Seeds,1842,14
Wheat Seeds,1843,16
Wheat Seeds,1844,39
Wheat Seeds,1845,19
Wheat Seeds,1846,24
Wheat Seeds,1847,28
Wheat Seeds,1848,29
Wheat Seeds,1849,28
Wheat Seeds,1850,30
Wheat Seeds,1851,30
Wheat Seeds,1852,15
Wheat Seeds,1853,15
Wheat Seeds,1854,18
Wheat Seeds,1855,22
Wheat Seeds,1856,20
Wheat Seeds,1857,17
Wheat Seeds,1858,21
Wheat Seeds,1859,22
Wheat Seeds,1860,18
Wheat Seeds,1861,15
Wheat Seeds,1862,18
Wheat Seeds,1863,22
Wheat Seeds,1864,30
Wheat Seeds,1865,23
Wheat Seeds,1866,21
Wheat Seeds,1867,29
Wheat Seeds,1868,13
Wheat Seeds,1869,28
Wheat Seeds,1870,21
Wheat Seeds,1871,16
Wheat Seeds,1872,36
Wheat Seeds,1873,33
Wheat Seeds,1874,25
Wheat Seeds,1875,22
Wheat Seeds,1876,9
Wheat Seeds,1877,16
Wheat Seeds,1878,17
Wheat Seeds,1879,27
Wheat Seeds,1880,13
Wheat Seeds,1881,20
Wheat Seeds,1882,16
Wheat Seeds,1883,10
Wheat Seeds,1884,28
Wheat Seeds,1885,11
Wheat Seeds,1886,16
Wheat Seeds,1887,31
Wheat Seeds,1888,14
Wheat Seeds,1889,19
Wheat Seeds,1890,18
Wheat Seeds,1891,20
Wheat Seeds,1892,33
Wheat Seeds,1893,31
Wheat Seeds,1894,14
Wheat Seeds,1895,12
Wheat Seeds,1896,12
Wheat Seeds,1897,24
Wheat Seeds,1898,24
Wheat Seeds,1899,18
Wheat Seeds,1900,22
Wheat Seeds,1901,25
Wheat Seeds,1902,27
Wheat Seeds,1903,14
Wheat Seeds,1904,23
Wheat Seeds,1905,19
Wheat Seeds,1906,23
Wheat Seeds,1907,27
Wheat Seeds,1908,18
Wheat Seeds,1909,24
Wheat Seeds,1910,41
Wheat Seeds,1911,16
Wheat Seeds,1912,14
Wheat Seeds,1913,13
Wheat Seeds,1914,9
Wheat Seeds,1915,19
Wheat Seeds,1916,25
Wheat Seeds,1917,18
Wheat Seeds,1918,13
Wheat Seeds,1919,14
Wheat Seeds,1920,28
Wheat Seeds,1921,32
Wheat Seeds,1922,15
Wheat Seeds,1923,24
Wheat Seeds,1924,21
Wheat Seeds,1925,25
Wheat Seeds,1926,13
Wheat Seeds,1927,19
Wheat Seeds,1928,21
Wheat Seeds,1929,12
Wheat Seeds,1930,22
Wheat Seeds,1931,22
Wheat Seeds,1932,24
Wheat Seeds,1933,22
Wheat Seeds,1934,17
Wheat Seeds,1935,12
Wheat Seeds,1936,15
Wheat Seeds,1937,16
Wheat Seeds,1938,24
Wheat Seeds,1939,29
Wheat Seeds,1940,24
Wheat Seeds,1941,23
Wheat Seeds,1942,24
Wheat Seeds,1943,14
Wheat Seeds,1944,18
Wheat Seeds,1945,22
Wheat Seeds,1946,22
Wheat Seeds,1947,21
Wheat Seeds,1948,13
Wheat Seeds,1949,15
Wheat Seeds,1950,22
Wheat Seeds,1951,20
Wheat Seeds,1952,26
Wheat Seeds,1953,17
Wheat Seeds,1954,26
Wheat Seeds,1955,22
Wheat Seeds,1956,16
Wheat Seeds,1957,17
Wheat Seeds,1958,21
Wheat Seeds,1959,16
Wheat Seeds,1960,10
Wheat Seeds,1961,11
Wheat Seeds,1962,18
Wheat Seeds,1963,22
Wheat Seeds,1964,30
Wheat Seeds,1965,29
Wheat Seeds,1966,11
Wheat Seeds,1967,34
Wheat Seeds,1968,23
Wheat Seeds,1969,19
Wheat Seeds,1970,10
Wheat Seeds,1971,13
Wheat Seeds,1972,22
Wheat Seeds,1973,29
Wheat Seeds,1974,27
Wheat Seeds,1975,21
Wheat Seeds,1976,19
Wheat Seeds,1977,25
Wheat Seeds,1978,25
Wheat Seeds,1979,16
Wheat Seeds,1980,18
Wheat Seeds,1981,23
Wheat Seeds,1982,17
Wheat Seeds,1983,18
Wheat Seeds,1984,23
Wheat Seeds,1985,23
Wheat Seeds,1986,24
Wheat Seeds,1987,16
Wheat Seeds,1988,8
Wheat Seeds,1989,20
Wheat Seeds,1990,22
Wheat Seeds,1991,28
Wheat Seeds,1992,28
Wheat Seeds,1993,13
Wheat Seeds,1994,18
Wheat Seeds,1995,16
Wheat Seeds,1996,11
Wheat Seeds,1997,36
Wheat Seeds,1998,20
Wheat Seeds,1999,17
Wheat Seeds,2000,18
Wheat Seeds,2001,14
Wheat Seeds,2002,12
Wheat Seeds,2003,24
Wheat Seeds,2004,23
Wheat Seeds,2005,20
Wheat Seeds,2006,20
Wheat Seeds,2007,10
Wheat Seeds,2008,18
Wheat Seeds,2009,18
Wheat Seeds,2010,20
Wheat Seeds,2011,34
Wheat Seeds,2012,21
Wheat Seeds,2013,14
Wheat Seeds,2014,24
Wheat Seeds,2015,12
Wheat Seeds,2016,23
Wheat Seeds,2017,19
Wheat Seeds,2018,30
Wheat Seeds,2019,23
Wheat Seeds,2020,17
Wheat Seeds,2021,19
Wheat Seeds,2022,22
Wheat Seeds,2023,30
Wheat Seeds,2024,23
Wheat Seeds,2025,23
Wheat Seeds,2026,10
Wheat Seeds,2027,16
Wheat Seeds,2028,12
Wheat Seeds,2029,15
Wheat Seeds,2030,13
Wheat Seeds,2031,15
Wheat Seeds,2032,30
Wheat Seeds,2033,16
Wheat Seeds,2034,31
Wheat Seeds,2035,10
Wheat Seeds,2036,21
Wheat Seeds,2037,20
Wheat Seeds,2038,19
Wheat Seeds,2039,27
Wheat Seeds,2040,10
Wheat Seeds,2041,25
Wheat Seeds,2042,18
Wheat Seeds,2043,27
Wheat Seeds,2044,20
Wheat Seeds,2045,17
Wheat Seeds,2046,31
Wheat Seeds,2047,38
Wheat Seeds,2048,21
Wheat Seeds,2049,16
Wheat Seeds,2050,15
Wheat Seeds,2051,43
Wheat Seeds,2052,14
Wheat Seeds,2053,25
Wheat Seeds,2054,21
Wheat Seeds,2055,36
Wheat Seeds,2056,23
Wheat Seeds,2057,12
Wheat Seeds,2058,17
Wheat Seeds,2059,33
Wheat Seeds,2060,23
Wheat Seeds,2061,18
Wheat Seeds,2062,20
Wheat Seeds,2063,18
Wheat Seeds,2064,16
Wheat Seeds,2065,22
Wheat Seeds,2066,35
Wheat Seeds,2067,22
Wheat Seeds,2068,25
Wheat Seeds,2069,20
Wheat Seeds,2070,21
Wheat Seeds,2071,13
Wheat Seeds,2072,19
Wheat Seeds,2073,18
Wheat Seeds,2074,26
Wheat Seeds,2075,27
Wheat Seeds,2076,29
Wheat Seeds,2077,16
Wheat Seeds,2078,38
Wheat Seeds,2079,20
Wheat Seeds,2080,14
Wheat Seeds,2081,14
Wheat Seeds,2082,22
Wheat Seeds,2083,14
Wheat Seeds,2084,34
Wheat Seeds,2085,19
Wheat Seeds,2086,22
Wheat Seeds,2087,15
Wheat Seeds,2088,19
Wheat Seeds,2089,13
Wheat Seeds,2090,18
Wheat Seeds,2091,12
Wheat Seeds,2092,29
Wheat Seeds,2093,18
Wheat Seeds,2094,29
Wheat Seeds,2095,10
Wheat Seeds,2096,28
Wheat Seeds,2097,18
Wheat Seeds,2098,29
Wheat Seeds,2099,22
Wheat Seeds,2100,36
Wheat Seeds,2101,29
Wheat Seeds,2102,21
Wheat Seeds,2103,15
Wheat Seeds,2104,21
Wheat Seeds,2105,22
Wheat Seeds,2106,13
Wheat Seeds,2107,21
Wheat Seeds,2108,14
Wheat Seeds,2109,24
Wheat Seeds,2110,29
Wheat Seeds,2111,16
Wheat Seeds,2112,23
Wheat Seeds,2113,24
Wheat Seeds,2114,27
Wheat Seeds,2115,19
Wheat Seeds,2116,16
Wheat Seeds,2117,37
Wheat Seeds,2118,11
Wheat Seeds,2119,26
Wheat Seeds,2120,9
Wheat Seeds,2121,26
Wheat Seeds,2122,13
Wheat Seeds,2123,27
Wheat Seeds,2124,13
Wheat Seeds,2125,35
Wheat Seeds,2126,22
Wheat Seeds,2127,15
Wheat Seeds,2128,21
Wheat Seeds,2129,14
Wheat Seeds,2130,28
Wheat Seeds,2131,25
Wheat Seeds,2132,13
Wheat Seeds,2133,43
Wheat Seeds,2134,9
Wheat Seeds,2135,21
Wheat Seeds,2136,15
Wheat Seeds,2137,14
Wheat Seeds,2138,12
Wheat Seeds,2139,21
Wheat Seeds,2140,23
Wheat Seeds,2141,26
Wheat Seeds,2142,21
Wheat Seeds,2143,30
Wheat Seeds,2144,14
Wheat Seeds,2145,24
Wheat Seeds,2146,18
Wheat Seeds,2147,14
Wheat Seeds,2148,14
Wheat Seeds,2149,11
Wheat Seeds,2150,23
Wheat Seeds,2151,17
Wheat Seeds,2152,28
Wheat Seeds,2153,30
Wheat Seeds,2154,22
Wheat Seeds,2155,19
Wheat Seeds,2156,23
Wheat Seeds,2157,23
Wheat Seeds,2158,15
Wheat Seeds,2159,27
Wheat Seeds,2160,18
Wheat Seeds,2161,12
Wheat Seeds,2162,24
Wheat Seeds,2163,35
Wheat Seeds,2164,29
Wheat Seeds,2165,36
Wheat Seeds,2166,17
Wheat Seeds,2167,10
Wheat Seeds,2168,19
Wheat Seeds,2169,13
Wheat Seeds,2170,16
Wheat Seeds,2171,29
Wheat Seeds,2172,21
Wheat Seeds,2173,24
Wheat Seeds,2174,11
Wheat Seeds,2175,17
Wheat Seeds,2176,25
Wheat Seeds,2177,14
Wheat Seeds,2178,31
Wheat Seeds,2179,13
Wheat Seeds,2180,15
Wheat Seeds,2181,15
Wheat Seeds,2182,24
Wheat Seeds,2183,27
Wheat Seeds,2184,19
Wheat Seeds,2185,15
Wheat Seeds,2186,33
Wheat Seeds,2187,15
Wheat Seeds,2188,20
Wheat Seeds,2189,10
Wheat Seeds,2190,15
Wheat Seeds,2191,19
Wheat Seeds,2192,22
Wheat Seeds,2193,16
Wheat Seeds,2194,33
Wheat Seeds,2195,29
Wheat Seeds,2196,35
Wheat Seeds,2197,23
Wheat Seeds,2198,28
Wheat Seeds,2199,19
Wheat Seeds,2200,24
Wheat Seeds,2201,18
Wheat Seeds,2202,17
Wheat Seeds,2203,28
Wheat Seeds,2204,21
Wheat Seeds,2205,22
Wheat Seeds,2206,28
Wheat Seeds,2207,14
Wheat Seeds,2208,23
Wheat Seeds,2209,16
Wheat Seeds,2210,18
Wheat Seeds,2211,13
Wheat Seeds,2212,15
Wheat Seeds,2213,31
Wheat Seeds,2214,24
Wheat Seeds,2215,23
Wheat Seeds,2216,25
Wheat Seeds,2217,22
Wheat Seeds,2218,32
Wheat Seeds,2219,27
Wheat Seeds,2220,14
Wheat Seeds,2221,36
Wheat Seeds,2222,16
Wheat Seeds,2223,31
Wheat Seeds,2224,14
Wheat Seeds,2225,25
Wheat Seeds,2226,30
Wheat Seeds,2227,12
Wheat Seeds,2228,20
Wheat Seeds,2229,26
Wheat Seeds,2230,24
Wheat Seeds,2231,22
Wheat Seeds,2232,16
Wheat Seeds,2233,32
Wheat Seeds,2234,11
Wheat Seeds,2235,20
Wheat Seeds,2236,17
Wheat Seeds,2237,15
Wheat Seeds,2238,26
Wheat Seeds,2239,18
Wheat Seeds,2240,17
Wheat Seeds,2241,32
Wheat Seeds,2242,17
Wheat Seeds,2243,31
Wheat Seeds,2244,23
Wheat Seeds,2245,17
Wheat Seeds,2246,19
Wheat Seeds,2247,20
Wheat Seeds,2248,23
Wheat Seeds,2249,14
Wheat Seeds,2250,12
Wheat Seeds,2251,18
Wheat Seeds,2252,24
Wheat Seeds,2253,25
Wheat Seeds,2254,27
Wheat Seeds,2255,35
Wheat Seeds,2256,14
Wheat Seeds,2257,15
Wheat Seeds,2258,27
Wheat Seeds,2259,23
Wheat Seeds,2260,22
Wheat Seeds,2261,34
Wheat Seeds,2262,18
Wheat Seeds,2263,28
Wheat Seeds,2264,15
Wheat Seeds,2265,21
Wheat Seeds,2266,32
Wheat Seeds,2267,21
Wheat Seeds,2268,16
Wheat Seeds,2269,23
Wheat Seeds,2270,22
Wheat Seeds,2271,18
Wheat Seeds,2272,23
Wheat Seeds,2273,19
Wheat Seeds,2274,30
Wheat Seeds,2275,16
Wheat Seeds,2276,28
Wheat Seeds,2277,26
Wheat Seeds,2278,36
Wheat Seeds,2279,20
Wheat Seeds,2280,21
Wheat Seeds,2281,25
Wheat Seeds,2282,33
Wheat Seeds,2283,19
Wheat Seeds,2284,19
Wheat Seeds,2285,19
Wheat Seeds,2286,30
Wheat Seeds,2287,14
Wheat Seeds,2288,11
Wheat Seeds,2289,22
Wheat Seeds,2290,19
Wheat Seeds,2291,19
Wheat Seeds,2292,17
Wheat Seeds,2293,26
Wheat Seeds,2294,21
Wheat Seeds,2295,20
Wheat Seeds,2296,16
Wheat Seeds,2297,17
Wheat Seeds,2298,15
Wheat Seeds,2299,15
Wheat Seeds,2300,23
Wheat Seeds,2301,10
Wheat Seeds,2302,25
Wheat Seeds,2303,16
Wheat Seeds,2304,17
Wheat Seeds,2305,34
Wheat Seeds,2306,16
Wheat Seeds,2307,35
Wheat Seeds,2308,19
Wheat Seeds,2309,15
Wheat Seeds,2310,29
Wheat Seeds,2311,17
Wheat Seeds,2312,17
Wheat Seeds,2313,22
Wheat Seeds,2314,13
Wheat Seeds,2315,23
Wheat Seeds,2316,20
Wheat Seeds,2317,10
Wheat Seeds,2318,21
Wheat Seeds,2319,18
Wheat Seeds,2320,16
Wheat Seeds,2321,24
Wheat Seeds,2322,14
Wheat Seeds,2323,15
Wheat Seeds,2324,27
Wheat Seeds,2325,10
Wheat Seeds,2326,15
Wheat Seeds,2327,29
Wheat Seeds,2328,37
Wheat Seeds,2329,16
Wheat Seeds,2330,24
Wheat Seeds,2331,11
Wheat Seeds,2332,31
Wheat Seeds,2333,16
Wheat Seeds,2334,27
Wheat Seeds,2335,12
Wheat Seeds,2336,28
Wheat Seeds,2337,20
Wheat Seeds,2338,22
Wheat Seeds,2339,22
Wheat Seeds,2340,31
Wheat Seeds,2341,31
Wheat Seeds,2342,22
Wheat Seeds,2343,20
Wheat Seeds,2344,21
Wheat Seeds,2345,20
Wheat Seeds,2346,12
Wheat Seeds,2347,31
Wheat Seeds,2348,22
Wheat Seeds,2349,18
Wheat Seeds,2350,25
Wheat Seeds,2351,21
Wheat Seeds,2352,32
Wheat Seeds,2353,16
Wheat Seeds,2354,20
Wheat Seeds,2355,23
Wheat Seeds,2356,17
Wheat Seeds,2357,25
Wheat Seeds,2358,17
Wheat Seeds,2359,15
Wheat Seeds,2360,8
Wheat Seeds,2361,19
Wheat Seeds,2362,22
Wheat Seeds,2363,27
Wheat Seeds,2364,31
Wheat Seeds,2365,20
Wheat Seeds,2366,10
Wheat Seeds,2367,17
Wheat Seeds,2368,15
Wheat Seeds,2369,15
Wheat Seeds,2370,17
Wheat Seeds,2371,15
Wheat Seeds,2372,21
Wheat Seeds,2373,14
Wheat Seeds,2374,27
Wheat Seeds,2375,29
Wheat Seeds,2376,18
Wheat Seeds,2377,13
Wheat Seeds,2378,13
Wheat Seeds,2379,28
Wheat Seeds,2380,21
Wheat Seeds,2381,18
Wheat Seeds,2382,24
Wheat Seeds,2383,13
Wheat Seeds,2384,20
Wheat Seeds,2385,22
Wheat Seeds,2386,18
Wheat Seeds,2387,25
Wheat Seeds,2388,23
Wheat Seeds,2389,14
Wheat Seeds,2390,32
Wheat Seeds,2391,24
Wheat Seeds,2392,16
Wheat Seeds,2393,20
Wheat Seeds,2394,19
Wheat Seeds,2395,29
Wheat Seeds,2396,27
Wheat Seeds,2397,18
Wheat Seeds,2398,20
Wheat Seeds,2399,15
Wheat Seeds,2400,12
Wheat Seeds,2401,16
Wheat Seeds,2402,12
Wheat Seeds,2403,23
Wheat Seeds,2404,36
Wheat Seeds,2405,13
Wheat Seeds,2406,19
Wheat Seeds,2407,30
Wheat Seeds,2408,13
Wheat Seeds,2409,10
Wheat Seeds,2410,15
Wheat Seeds,2411,17
Wheat Seeds,2412,21
Wheat Seeds,2413,18
Wheat Seeds,2414,23
Wheat Seeds,2415,18
Wheat Seeds,2416,20
Wheat Seeds,2417,16
Wheat Seeds,2418,22
Wheat Seeds,2419,16
Wheat Seeds,2420,15
Wheat Seeds,2421,11
Wheat Seeds,2422,30
Wheat Seeds,2423,15
Wheat Seeds,2424,26
Wheat Seeds,2425,17
Wheat Seeds,2426,21
Wheat Seeds,2427,15
Wheat Seeds,2428,21
Wheat Seeds,2429,17
Wheat Seeds,2430,14
Wheat Seeds,2431,16
Wheat Seeds,2432,31
Wheat Seeds,2433,16
Wheat Seeds,2434,35
Wheat Seeds,2435,11
Wheat Seeds,2436,22
Wheat Seeds,2437,23
Wheat Seeds,2438,25
Wheat Seeds,2439,24
Wheat Seeds,2440,18
Wheat Seeds,2441,22
Wheat Seeds,2442,18
Wheat Seeds,2443,26
Wheat Seeds,2444,22
Wheat Seeds,2445,15
Wheat Seeds,2446,16
Wheat Seeds,2447,17
Wheat Seeds,2448,16
Wheat Seeds,2449,12
Wheat Seeds,2450,33
Wheat Seeds,2451,22
Wheat Seeds,2452,23
Wheat Seeds,2453,26
Wheat Seeds,2454,16
Wheat Seeds,2455,16
Wheat Seeds,2456,21
Wheat Seeds,2457,36
Wheat Seeds,2458,14
Wheat Seeds,2459,17
Wheat Seeds,2460,18
Wheat Seeds,2461,18
Wheat Seeds,2462,20
Wheat Seeds,2463,21
Wheat Seeds,2464,32
Wheat Seeds,2465,21
Wheat Seeds,2466,12
Wheat Seeds,2467,22
Wheat Seeds,2468,16
Wheat Seeds,2469,16
Wheat Seeds,2470,30
Wheat Seeds,2471,25
Wheat Seeds,2472,29
Wheat Seeds,2473,21
Wheat Seeds,2474,17
Wheat Seeds,2475,17
Wheat Seeds,2476,26
Wheat Seeds,2477,24
Wheat Seeds,2478,13
Wheat Seeds,2479,17
Wheat Seeds,2480,31
Wheat Seeds,2481,14
Wheat Seeds,2482,18
Wheat Seeds,2483,12
Wheat Seeds,2484,29
Wheat Seeds,2485,13
Wheat Seeds,2486,18
Wheat Seeds,2487,27
Wheat Seeds,2488,39
Wheat Seeds,2489,26
Wheat Seeds,2490,20
Wheat Seeds,2491,26
Wheat Seeds,2492,24
Wheat Seeds,2493,15
Wheat Seeds,2494,14
Wheat Seeds,2495,21
Wheat Seeds,2496,31
Wheat Seeds,2497,24
Wheat Seeds,2498,22
Wheat Seeds,2499,32
Wheat Seeds,2500,19
Wheat Seeds,2501,28
Wheat Seeds,2502,20
Wheat Seeds,2503,14
Wheat Seeds,2504,27
Wheat Seeds,2505,19
Wheat Seeds,2506,24
Wheat Seeds,2507,21
Wheat Seeds,2508,23
Wheat Seeds,2509,14
Wheat Seeds,2510,36
Wheat Seeds,2511,21
Wheat Seeds,2512,14
Wheat Seeds,2513,11
Wheat Seeds,2514,21
Wheat Seeds,2515,25
Wheat Seeds,2516,20
Wheat Seeds,2517,19
Wheat Seeds,2518,15
Wheat Seeds,2519,22
Wheat Seeds,2520,13
Wheat Seeds,2521,14
Wheat Seeds,2522,18
Wheat Seeds,2523,22
Wheat Seeds,2524,18
Wheat Seeds,2525,19
Wheat Seeds,2526,37
Wheat Seeds,2527,10
Wheat Seeds,2528,24
Wheat Seeds,2529,23
Wheat Seeds,2530,17
Wheat Seeds,2531,21
Wheat Seeds,2532,12
Wheat Seeds,2533,20
Wheat Seeds,2534,16
Wheat Seeds,2535,18
Wheat Seeds,2536,18
Wheat Seeds,2537,21
Wheat Seeds,2538,16
Wheat Seeds,2539,13
Wheat Seeds,2540,19
Wheat Seeds,2541,21
Wheat Seeds,2542,9
Wheat Seeds,2543,33
Wheat Seeds,2544,18
Wheat Seeds,2545,32
Wheat Seeds,2546,22
Wheat Seeds,2547,14
Wheat Seeds,2548,27
Wheat Seeds,2549,15
Wheat Seeds,2550,22
Wheat Seeds,2551,13
Wheat Seeds,2552,24
Wheat Seeds,2553,18
Wheat Seeds,2554,24
Wheat Seeds,2555,39
Wheat Seeds,2556,21
Wheat Seeds,2557,22
Wheat Seeds,2558,21
Wheat Seeds,2559,22
Wheat Seeds,2560,11
Wheat Seeds,2561,29
Wheat Seeds,2562,14
Wheat Seeds,2563,40
Wheat Seeds,2564,15
Wheat Seeds,2565,19
Wheat Seeds,2566,22
Wheat Seeds,2567,11
Wheat Seeds,2568,27
Wheat Seeds,2569,32
Wheat Seeds,2570,18
Wheat Seeds,2571,17
Wheat Seeds,2572,10
Wheat Seeds,2573,35
Wheat Seeds,2574,16
Wheat Seeds,2575,27
Wheat Seeds,2576,17
Wheat Seeds,2577,22
Wheat Seeds,2578,31
Wheat Seeds,2579,24
Wheat Seeds,2580,14
Wheat Seeds,2581,10
Wheat Seeds,2582,20
Wheat Seeds,2583,24
Wheat Seeds,2584,18
Wheat Seeds,2585,17
Wheat Seeds,2586,13
Wheat Seeds,2587,17
Wheat Seeds,2588,27
Wheat Seeds,2589,25
Wheat Seeds,2590,18
Wheat Seeds,2591,20
Wheat Seeds,2592,23
Wheat Seeds,2593,18
Wheat Seeds,2594,23
Wheat Seeds,2595,18
Wheat Seeds,2596,23
Wheat Seeds,2597,27
Wheat Seeds,2598,24
Wheat Seeds,2599,17
Wheat Seeds,2600,18
Wheat Seeds,2601,15
Wheat Seeds,2602,14
Wheat Seeds,2603,17
Wheat Seeds,2604,14
Wheat Seeds,2605,21
Wheat Seeds,2606,11
Wheat Seeds,2607,16
Wheat Seeds,2608,15
Wheat Seeds,2609,13
Wheat Seeds,2610,10
Wheat Seeds,2611,24
Wheat Seeds,2612,13
Wheat Seeds,2613,16
Wheat Seeds,2614,18
Wheat Seeds,2615,17
Wheat Seeds,2616,24
Wheat Seeds,2617,32
Wheat Seeds,2618,33
Wheat Seeds,2619,31
Wheat Seeds,2620,23
Wheat Seeds,2621,20
Wheat Seeds,2622,23
Wheat Seeds,2623,15
Wheat Seeds,2624,26
Wheat Seeds,2625,27
Wheat Seeds,2626,20
Wheat Seeds,2627,23
Wheat Seeds,2628,24
Wheat Seeds,2629,22
Wheat Seeds,2630,15
Wheat Seeds,2631,27
Wheat Seeds,2632,18
Wheat Seeds,2633,16
Wheat Seeds,2634,26
Wheat Seeds,2635,20
Wheat Seeds,2636,14
Wheat Seeds,2637,11
Wheat Seeds,2638,16
Wheat Seeds,2639,16
Wheat Seeds,2640,26
Wheat Seeds,2641,14
Wheat Seeds,2642,22
Wheat Seeds,2643,14
Wheat Seeds,2644,14
Wheat Seeds,2645,11
Wheat Seeds,2646,20
Wheat Seeds,2647,14
Wheat Seeds,2648,19
Wheat Seeds,2649,11
Wheat Seeds,2650,10
Wheat Seeds,2651,22
Wheat Seeds,2652,37
Wheat Seeds,2653,25
Wheat Seeds,2654,14
Wheat Seeds,2655,21
Wheat Seeds,2656,15
Wheat Seeds,2657,16
Wheat Seeds,2658,19
Wheat Seeds,2659,16
Wheat Seeds,2660,16
Wheat Seeds,2661,15
Wheat Seeds,2662,29
Wheat Seeds,2663,18
Wheat Seeds,2664,10
Wheat Seeds,2665,14
Wheat Seeds,2666,23
Wheat Seeds,2667,20
Wheat Seeds,2668,33
Wheat Seeds,2669,25
Wheat Seeds,2670,15
Wheat Seeds,2671,27
Wheat Seeds,2672,28
Wheat Seeds,2673,15
Wheat Seeds,2674,16
Wheat Seeds,2675,21
Wheat Seeds,2676,20
Wheat Seeds,2677,22
Wheat Seeds,2678,17
Wheat Seeds,2679,17
Wheat Seeds,2680,34
Wheat Seeds,2681,20
Wheat Seeds,2682,42
Wheat Seeds,2683,13
Wheat Seeds,2684,17
Wheat Seeds,2685,29
Wheat Seeds,2686,14
Wheat Seeds,2687,28
Wheat Seeds,2688,8
Wheat Seeds,2689,21
Wheat Seeds,2690,20
Wheat Seeds,2691,20
Wheat Seeds,2692,17
Wheat Seeds,2693,19
Wheat Seeds,2694,32
Wheat Seeds,2695,19
Wheat Seeds,2696,19
Wheat Seeds,2697,20
Wheat Seeds,2698,20
Wheat Seeds,2699,17
Wheat Seeds,2700,27
Wheat Seeds,2701,15
Wheat Seeds,2702,22
Wheat Seeds,2703,14
Wheat Seeds,2704,15
Wheat Seeds,2705,19
Wheat Seeds,2706,22
Wheat Seeds,2707,25
Wheat Seeds,2708,33
Wheat Seeds,2709,16
Wheat Seeds,2710,18
Wheat Seeds,2711,25
Wheat Seeds,2712,24
Wheat Seeds,2713,23
Wheat Seeds,2714,18
Wheat Seeds,2715,17
Wheat Seeds,2716,21
Wheat Seeds,2717,21
Wheat Seeds,2718,22
Wheat Seeds,2719,17
Wheat Seeds,2720,47
Wheat Seeds,2721,21
Wheat Seeds,2722,23
Wheat Seeds,2723,36
Wheat Seeds,2724,30
Wheat Seeds,2725,14
Wheat Seeds,2726,12
Wheat Seeds,2727,19
Wheat Seeds,2728,11
Wheat Seeds,2729,21
Wheat Seeds,2730,25
Wheat Seeds,2731,31
Wheat Seeds,2732,24
Wheat Seeds,2733,21
Wheat Seeds,2734,26
Wheat Seeds,2735,15
Wheat Seeds,2736,16
Wheat Seeds,2737,41
Wheat Seeds,2738,24
Wheat Seeds,2739,25
Wheat Seeds,2740,20
Wheat Seeds,2741,15
Wheat Seeds,2742,16
Wheat Seeds,2743,20
Wheat Seeds,2744,30
Wheat Seeds,2745,14
Wheat Seeds,2746,28
Wheat Seeds,2747,14
Wheat Seeds,2748,19
Wheat Seeds,2749,23
Wheat Seeds,2750,15
Wheat Seeds,2751,33
Wheat Seeds,2752,13
Wheat Seeds,2753,20
Wheat Seeds,2754,24
Wheat Seeds,2755,13
Wheat Seeds,2756,27
Wheat Seeds,2757,10
Wheat Seeds,2758,24
Wheat Seeds,2759,23
Wheat Seeds,2760,23
Wheat Seeds,2761,19
Wheat Seeds,2762,26
Wheat Seeds,2763,14
Wheat Seeds,2764,28
Wheat Seeds,2765,12
Wheat Seeds,2766,27
Wheat Seeds,2767,23
Wheat Seeds,2768,13
Wheat Seeds,2769,12
Wheat Seeds,2770,18
Wheat Seeds,2771,17
Wheat Seeds,2772,19
Wheat Seeds,2773,21
Wheat Seeds,2774,20
Wheat Seeds,2775,25
Wheat Seeds,2776,22
Wheat Seeds,2777,36
Wheat Seeds,2778,21
Wheat Seeds,2779,18
Wheat Seeds,2780,43
Wheat Seeds,2781,21
Wheat Seeds,2782,18
Wheat Seeds,2783,15
Wheat Seeds,2784,12
Wheat Seeds,2785,27
Wheat Seeds,2786,17
Wheat Seeds,2787,27
Wheat Seeds,2788,34
Wheat Seeds,2789,12
Wheat Seeds,2790,18
Wheat Seeds,2791,35
Wheat Seeds,2792,19
Wheat Seeds,2793,30
Wheat Seeds,2794,13
Wheat Seeds,2795,17
Wheat Seeds,2796,30
Wheat Seeds,2797,19
Wheat Seeds,2798,27
Wheat Seeds,2799,9
Wheat Seeds,2800,21
Wheat Seeds,2801,20
Wheat Seeds,2802,29
Wheat Seeds,2803,15
Wheat Seeds,2804,20
Wheat Seeds,2805,17
Wheat Seeds,2806,18
Wheat Seeds,2807,29
Wheat Seeds,2808,18
Wheat Seeds,2809,17
Wheat Seeds,2810,32
Wheat Seeds,2811,20
Wheat Seeds,2812,16
Wheat Seeds,2813,14
Wheat Seeds,2814,17
Wheat Seeds,2815,15
Wheat Seeds,2816,18
Wheat Seeds,2817,12
Wheat Seeds,2818,30
Wheat Seeds,2819,18
Wheat Seeds,2820,14
Wheat Seeds,2821,20
Wheat Seeds,2822,23
Wheat Seeds,2823,21
Wheat Seeds,2824,29
Wheat Seeds,2825,20
Wheat Seeds,2826,32
Wheat Seeds,2827,14
Wheat Seeds,2828,9
Wheat Seeds,2829,18
Wheat Seeds,2830,32
Wheat Seeds,2831,20
Wheat Seeds,2832,19
Wheat Seeds,2833,10
Wheat Seeds,2834,21
Wheat Seeds,2835,29
Wheat Seeds,2836,19
Wheat Seeds,2837,21
Wheat Seeds,2838,13
Wheat Seeds,2839,22
Wheat Seeds,2840,18
Wheat Seeds,2841,26
Wheat Seeds,2842,35
Wheat Seeds,2843,23
Wheat Seeds,2844,28
Wheat Seeds,2845,22
Wheat Seeds,2846,13
Wheat Seeds,2847,19
Wheat Seeds,2848,16
Wheat Seeds,2849,17
Wheat Seeds,2850,29
Wheat Seeds,2851,8
Wheat Seeds,2852,16
Wheat Seeds,2853,21
Wheat Seeds,2854,15
Wheat Seeds,2855,19
Wheat Seeds,2856,12
Wheat Seeds,2857,32
Wheat Seeds,2858,22
Wheat Seeds,2859,38
Wheat Seeds,2860,8
Wheat Seeds,2861,28
Wheat Seeds,2862,11
Wheat Seeds,2863,23
Wheat Seeds,2864,33
Wheat Seeds,2865,25
Wheat Seeds,2866,41
Wheat Seeds,2867,14
Wheat Seeds,2868,22
Wheat Seeds,2869,18
Wheat Seeds,2870,19
Wheat Seeds,2871,14
Wheat Seeds,2872,17
Wheat Seeds,2873,33
Wheat Seeds,2874,19
Wheat Seeds,2875,34
Wheat Seeds,2876,16
Wheat Seeds,2877,35
Wheat Seeds,2878,11
Wheat Seeds,2879,16
Wheat Seeds,2880,20
Wheat Seeds,2881,29
Wheat Seeds,2882,17
Wheat Seeds,2883,18
Wheat Seeds,2884,15
Wheat Seeds,2885,17
Wheat Seeds,2886,21
Wheat Seeds,2887,24
Wheat Seeds,2888,15
Wheat Seeds,2889,11
Wheat Seeds,2890,20
Wheat Seeds,2891,17
Wheat Seeds,2892,18
Wheat Seeds,2893,20
Wheat Seeds,2894,29
Wheat Seeds,2895,10
Wheat Seeds,2896,16
Wheat Seeds,2897,23
Wheat Seeds,2898,32
Wheat Seeds,2899,22
Wheat Seeds,2900,29
Wheat Seeds,2901,17
Wheat Seeds,2902,17
Wheat Seeds,2903,29
Wheat Seeds,2904,13
Wheat Seeds,2905,32
Wheat Seeds,2906,23
Wheat Seeds,2907,20
Wheat Seeds,2908,20
Wheat Seeds,2909,21
Wheat Seeds,2910,27
Wheat Seeds,2911,19
Wheat Seeds,2912,16
Wheat Seeds,2913,25
Wheat Seeds,2914,25
Wheat Seeds,2915,22
Wheat Seeds,2916,13
Wheat Seeds,2917,27
Wheat Seeds,2918,21
Wheat Seeds,2919,11
Wheat Seeds,2920,32
Wheat Seeds,2921,32
Wheat Seeds,2922,19
Wheat Seeds,2923,22
Wheat Seeds,2924,27
Wheat Seeds,2925,20
Wheat Seeds,2926,26
Wheat Seeds,2927,14
Wheat Seeds,2928,35
Wheat Seeds,2929,22
Wheat Seeds,2930,13
Wheat Seeds,2931,20
Wheat Seeds,2932,16
Wheat Seeds,2933,29
Wheat Seeds,2934,23
Wheat Seeds,2935,31
Wheat Seeds,2936,26
Wheat Seeds,2937,34
Wheat Seeds,2938,25
Wheat Seeds,2939,14
Wheat Seeds,2940,13
Wheat Seeds,2941,23
Wheat Seeds,2942,24
Wheat Seeds,2943,18
Wheat Seeds,2944,19
Wheat Seeds,2945,21
Wheat Seeds,2946,29
Wheat Seeds,2947,32
Wheat Seeds,2948,24
Wheat Seeds,2949,22
Wheat Seeds,2950,15
Wheat Seeds,2951,24
Wheat Seeds,2952,17
Wheat Seeds,2953,18
Wheat Seeds,2954,15
Wheat Seeds,2955,16
Wheat Seeds,2956,23
Wheat Seeds,2957,17
Wheat Seeds,2958,35
Wheat Seeds,2959,25
Wheat Seeds,2960,33
Wheat Seeds,2961,26
Wheat Seeds,2962,35
Wheat Seeds,2963,19
Wheat Seeds,2964,13
Wheat Seeds,2965,28
Wheat Seeds,2966,13
Wheat Seeds,2967,12
Wheat Seeds,2968,24
Wheat Seeds,2969,21
Wheat Seeds,2970,15
Wheat Seeds,2971,32
Wheat Seeds,2972,23
Wheat Seeds,2973,20
Wheat Seeds,2974,21
Wheat Seeds,2975,23
Wheat Seeds,2976,15
Wheat Seeds,2977,26
Wheat Seeds,2978,23
Wheat Seeds,2979,24
Wheat Seeds,2980,26
Wheat Seeds,2981,21
Wheat Seeds,2982,15
Wheat Seeds,2983,20
Wheat Seeds,2984,27
Wheat Seeds,2985,19
Wheat Seeds,2986,23
Wheat Seeds,2987,16
Wheat Seeds,2988,16
Wheat Seeds,2989,18
Wheat Seeds,2990,31
Wheat Seeds,2991,30
Wheat Seeds,2992,31
Wheat Seeds,2993,20
Wheat Seeds,2994,19
Wheat Seeds,2995,15
Wheat Seeds,2996,18
Wheat Seeds,2997,25
Wheat Seeds,2998,19
Wheat Seeds,2999,18
